v 1024 -84 480
vn 1 0 0
vt 0.235812128 0.643790841
v 1024 -84 192
vn 1 0 0
vt 0.235812128 0.584967315
v 1024 -222.666672 192
vn 1 0 0
vt 0.210371822 0.584967315
v 1024 -222.666672 640
vn 1 0 0
vt 0.210371822 0.676470578
f 4/4/4 3/3/3 2/2/2 1/1/1
v 1024 -84 528
vn 1 0 0
vt 0.382583171 0.143790841
v 1024 -84 480
vn 1 0 0
vt 0.382583171 0.13398695
v 1024 -222.666672 640
vn 1 0 0
vt 0.357142866 0.166666687
v 1024 -167.199997 640
vn 1 0 0
vt 0.367318988 0.166666687
v 1024 -84 640
vn 1 0 0
vt 0.382583171 0.166666687
f 9/9/9 8/8/8 7/7/7 6/6/6 5/5/5
v 1024 -372 608
vn 1 0 0
vt 0.237769082 0.66993463
v 1024 -372 640
vn 1 0 0
vt 0.237769082 0.676470578
v 1024 -222.666672 640
vn 1 0 0
vt 0.265166342 0.676470578
v 1024 -222.666672 192
vn 1 0 0
vt 0.265166342 0.584967315
v 1024 -372 192
vn 1 0 0
vt 0.237769082 0.584967315
f 14/14/14 13/13/13 12/12/12 11/11/11 10/10/10
v 1024 -272.800018 128
vn 1 0 0
vt 0.606262207 0.0424836874
v 1024 -372 128
vn 1 0 0
vt 0.588062644 0.0424836874
v 1024 -372 192
vn 1 0 0
vt 0.588062644 0.055555582
v 1024 -222.666672 192
vn 1 0 0
vt 0.615459859 0.055555582
v 1024 -222.666672 128
vn 1 0 0
vt 0.615459859 0.0424836874
f 19/19/19 18/18/18 17/17/17 16/16/16 15/15/15
v 1024 -84 128
vn 1 0 0
vt 0.642857134 0.0424836874
v 1024 -222.666672 128
vn 1 0 0
vt 0.617416859 0.0424836874
v 1024 -222.666672 192
vn 1 0 0
vt 0.617416859 0.055555582
v 1024 -84 192
vn 1 0 0
vt 0.642857134 0.055555582
f 23/23/23 22/22/22 21/21/21 20/20/20
v 1024 101.600014 640
vn 1 0 0
vt 0.282534242 0.676470578
v 1024 172 640
vn 1 0 0
vt 0.287915856 0.676470578
v 1024 172 528
vn 1 0 0
vt 0.287915856 0.584967315
v 1024 -84 528
vn 1 0 0
vt 0.268346369 0.584967315
v 1024 -84 640
vn 1 0 0
vt 0.268346369 0.676470578
f 28/28/28 27/27/27 26/26/26 25/25/25 24/24/24
v 1024 -7.19999981 480
vn 1 0 0
vt 0.323140889 0.179738581
v 1024 -84 480
vn 1 0 0
vt 0.31727007 0.179738581
v 1024 -84 528
vn 1 0 0
vt 0.31727007 0.218954265
v 1024 172 528
vn 1 0 0
vt 0.336839527 0.218954265
v 1024 172 480
vn 1 0 0
vt 0.336839527 0.179738581
f 33/33/33 32/32/32 31/31/31 30/30/30 29/29/29
v 1024 172 640
vn 1 0 0
vt 0.644814074 0.0514705777
v 1024 204 640
vn 1 0 0
vt 0.648728013 0.0514705777
v 1024 172 528
vn 1 0 0
vt 0.644814074 0.0487793684
f 36/36/36 35/35/35 34/34/34
v 1024 204 326.399994
vn 1 0 0
vt 0.654598832 0.0504710078
v 1024 204 128
vn 1 0 0
vt 0.654598832 0.0457035899
v 1024 172 128
vn 1 0 0
vt 0.650684953 0.0457035899
f 39/39/39 38/38/38 37/37/37
v 1024 172 480
vn 1 0 0
vt 0.66438359 0.0803056359
v 1024 172 528
vn 1 0 0
vt 0.66438359 0.081459105
v 1024 204 640
vn 1 0 0
vt 0.66829747 0.0841503143
v 1024 204 326.399994
vn 1 0 0
vt 0.66829747 0.0766147971
v 1024 172 128
vn 1 0 0
vt 0.66438359 0.0718473792
f 44/44/44 43/43/43 42/42/42 41/41/41 40/40/40
v 1024 172 678.400024
vn 1 0 0
vt 0.874899268 0.148365974
v 1024 172 768
vn 1 0 0
vt 0.874899268 0.166666687
v 1024 204 768
vn 1 0 0
vt 0.877201557 0.166666687
v 1024 204 640
vn 1 0 0
vt 0.877201557 0.140522897
v 1024 172 640
vn 1 0 0
vt 0.874899268 0.140522897
f 49/49/49 48/48/48 47/47/47 46/46/46 45/45/45
v 1024 972 864
vn 1 0 0
vt 0.0303326808 0.993736386
v 1024 972 326.399994
vn 1 0 0
vt 0.0303326808 0.902233124
v 1024 876 326.399994
vn 1 0 0
vt 0.0185909979 0.902233124
v 1024 876 864
vn 1 0 0
vt 0.0185909979 0.993736386
f 53/53/53 52/52/52 51/51/51 50/50/50
v 1024 204 800
vn 1 0 0
vt 0.670254409 0.0743464231
v 1024 204 864
vn 1 0 0
vt 0.670254409 0.0852397084
v 1024 332 864
vn 1 0 0
vt 0.685909986 0.0852397084
v 1024 204 768
vn 1 0 0
vt 0.670254409 0.0688998103
f 57/57/57 56/56/56 55/55/55 54/54/54
v 1024 204 326.399994
vn 1 0 0
vt 0.719178081 0.418572962
v 1024 204 640
vn 1 0 0
vt 0.719178081 0.471949875
v 1024 428 326.399994
vn 1 0 0
vt 0.746575356 0.418572962
f 60/60/60 59/59/59 58/58/58
v 1024 428 864
vn 1 0 0
vt 0.059686888 0.993736386
v 1024 428 326.399994
vn 1 0 0
vt 0.059686888 0.902233124
v 1024 204 640
vn 1 0 0
vt 0.0322896279 0.955610037
v 1024 204 768
vn 1 0 0
vt 0.0322896279 0.977396488
v 1024 332 864
vn 1 0 0
vt 0.0479452051 0.993736386
f 65/65/65 64/64/64 63/63/63 62/62/62 61/61/61
v 1024 524 864
vn 1 0 0
vt 0.0733855218 0.993736386
v 1024 652 864
vn 1 0 0
vt 0.089041099 0.993736386
v 1024 652 326.399994
vn 1 0 0
vt 0.089041099 0.902233124
v 1024 428 326.399994
vn 1 0 0
vt 0.0616438352 0.902233124
v 1024 428 864
vn 1 0 0
vt 0.0616438352 0.993736386
f 70/70/70 69/69/69 68/68/68 67/67/67 66/66/66
v 1024 748 864
vn 1 0 0
vt 0.102739729 0.993736386
v 1024 876 864
vn 1 0 0
vt 0.118395306 0.993736386
v 1024 876 326.399994
vn 1 0 0
vt 0.118395306 0.902233124
v 1024 652 326.399994
vn 1 0 0
vt 0.0909980461 0.902233124
v 1024 652 864
vn 1 0 0
vt 0.0909980461 0.993736386
f 75/75/75 74/74/74 73/73/73 72/72/72 71/71/71
v 1024 669.599976 128
vn 1 0 0
vt 0.341683 0.182189524
v 1024 652 128
vn 1 0 0
vt 0.339530319 0.182189524
v 1024 652 326.399994
vn 1 0 0
vt 0.339530319 0.215958595
v 1024 876 326.399994
vn 1 0 0
vt 0.366927594 0.215958595
v 1024 876 128
vn 1 0 0
vt 0.366927594 0.182189524
f 80/80/80 79/79/79 78/78/78 77/77/77 76/76/76
v 1024 652 128
vn 1 0 0
vt 0.396281809 0.182189524
v 1024 428 128
vn 1 0 0
vt 0.368884534 0.182189524
v 1024 428 326.399994
vn 1 0 0
vt 0.368884534 0.215958595
v 1024 652 326.399994
vn 1 0 0
vt 0.396281809 0.215958595
f 84/84/84 83/83/83 82/82/82 81/81/81
v 1024 428 326.399994
vn 1 0 0
vt 0.406066537 0.215958595
v 1024 428 128
vn 1 0 0
vt 0.406066537 0.182189524
v 1024 367.199982 128
vn 1 0 0
vt 0.398630142 0.182189524
f 87/87/87 86/86/86 85/85/85
v 1024 332 128
vn 1 0 0
vt 0.423679054 0.182189524
v 1024 204 128
vn 1 0 0
vt 0.408023477 0.182189524
v 1024 204 326.399994
vn 1 0 0
vt 0.408023477 0.215958595
v 1024 428 326.399994
vn 1 0 0
vt 0.435420752 0.215958595
v 1024 367.199982 128
vn 1 0 0
vt 0.427984327 0.182189524
f 92/92/92 91/91/91 90/90/90 89/89/89 88/88/88
v 1024 972 128
vn 1 0 0
vt 0.449119359 0.182189524
v 1024 876 128
vn 1 0 0
vt 0.437377691 0.182189524
v 1024 876 326.399994
vn 1 0 0
vt 0.437377691 0.215958595
v 1024 972 326.399994
vn 1 0 0
vt 0.449119359 0.215958595
f 96/96/96 95/95/95 94/94/94 93/93/93
v 1024 -532 736
vn 1 0 0
vt 0.882921875 0.160130739
v 1024 -532 640
vn 1 0 0
vt 0.882921875 0.140522897
v 1024 -564 640
vn 1 0 0
vt 0.879911184 0.140522897
v 1024 -564 768
vn 1 0 0
vt 0.879911184 0.166666687
v 1024 -532 768
vn 1 0 0
vt 0.882921875 0.166666687
f 101/101/101 100/100/100 99/99/99 98/98/98 97/97/97
v 1024 -436 768
vn 1 0 0
vt 0.663360596 0.055555582
v 1024 -436 736
vn 1 0 0
vt 0.663360596 0.0424836874
v 1024 -458.399994 736
vn 1 0 0
vt 0.660869956 0.0424836874
v 1024 -480.799988 736
vn 1 0 0
vt 0.658379316 0.0424836874
f 105/105/105 104/104/104 103/103/103 102/102/102
v 1024 -532 768
vn 1 0 0
vt 0.666384995 0.055555582
v 1024 -436 768
vn 1 0 0
vt 0.677059233 0.055555582
v 1024 -480.799988 736
vn 1 0 0
vt 0.672077954 0.0424836874
v 1024 -503.200012 736
vn 1 0 0
vt 0.669587255 0.0424836874
v 1024 -525.599976 736
vn 1 0 0
vt 0.667096555 0.0424836874
v 1024 -532 736
vn 1 0 0
vt 0.666384995 0.0424836874
f 111/111/111 110/110/110 109/109/109 108/108/108 107/107/107 106/106/106
v 1024 108 768
vn 1 0 0
vt 0.29231897 0.676470578
v 1024 172 768
vn 1 0 0
vt 0.298842132 0.676470578
v 1024 172 678.400024
vn 1 0 0
vt 0.298842132 0.584967315
v 1024 101.600014 678.400024
vn 1 0 0
vt 0.291666687 0.584967315
v 1024 101.600014 768
vn 1 0 0
vt 0.291666687 0.676470578
f 116/116/116 115/115/115 114/114/114 113/113/113 112/112/112
v 1024 -340 768
vn 1 0 0
vt 0.313193083 0.676470578
v 1024 -167.199997 768
vn 1 0 0
vt 0.330805629 0.676470578
v 1024 -167.199997 678.400024
vn 1 0 0
vt 0.330805629 0.584967315
v 1024 -436 678.400024
vn 1 0 0
vt 0.303408355 0.584967315
v 1024 -436 736
vn 1 0 0
vt 0.303408355 0.643790841
v 1024 -436 768
vn 1 0 0
vt 0.303408355 0.676470578
f 122/122/122 121/121/121 120/120/120 119/119/119 118/118/118 117/117/117
v 1024 -116 768
vn 1 0 0
vt 0.339938015 0.676470578
v 1024 101.600014 768
vn 1 0 0
vt 0.362116784 0.676470578
v 1024 101.600014 678.400024
vn 1 0 0
vt 0.362116784 0.584967315
v 1024 -167.199997 678.400024
vn 1 0 0
vt 0.334719509 0.584967315
v 1024 -167.199997 768
vn 1 0 0
vt 0.334719509 0.676470578
f 127/127/127 126/126/126 125/125/125 124/124/124 123/123/123
v 1024 -84 640
vn 1 0 0
vt 0.46061644 0.179738581
v 1024 -167.199997 640
vn 1 0 0
vt 0.452136338 0.179738581
v 1024 -167.199997 678.400024
vn 1 0 0
vt 0.452136338 0.218954265
v 1024 101.600014 678.400024
vn 1 0 0
vt 0.479533613 0.218954265
v 1024 101.600014 640
vn 1 0 0
vt 0.479533613 0.179738581
f 132/132/132 131/131/131 130/130/130 129/129/129 128/128/128
v 1024 -167.199997 678.400024
vn 1 0 0
vt 0.489318341 0.218954265
v 1024 -167.199997 640
vn 1 0 0
vt 0.489318341 0.179738581
v 1024 -222.666672 640
vn 1 0 0
vt 0.4836649 0.179738581
f 135/135/135 134/134/134 133/133/133
v 1024 -372 640
vn 1 0 0
vt 0.499755383 0.179738581
v 1024 -436 640
vn 1 0 0
vt 0.49323222 0.179738581
v 1024 -436 678.400024
vn 1 0 0
vt 0.49323222 0.218954265
v 1024 -167.199997 678.400024
vn 1 0 0
vt 0.520629466 0.218954265
v 1024 -222.666672 640
vn 1 0 0
vt 0.514976084 0.179738581
f 140/140/140 139/139/139 138/138/138 137/137/137 136/136/136
v 1024 172 640
vn 1 0 0
vt 0.53171885 0.179738581
v 1024 101.600014 640
vn 1 0 0
vt 0.524543345 0.179738581
v 1024 101.600014 678.400024
vn 1 0 0
vt 0.524543345 0.218954265
v 1024 172 678.400024
vn 1 0 0
vt 0.53171885 0.218954265
f 144/144/144 143/143/143 142/142/142 141/141/141
v 1024 101.600014 768
vn 1 0 0
vt 0.352446198 0.284313738
v 1024 -116 768
vn 1 0 0
vt 0.325831711 0.284313738
v 1024 -116 800
vn 1 0 0
vt 0.325831711 0.327886641
v 1024 108 800
vn 1 0 0
vt 0.353228956 0.327886641
v 1024 108 768
vn 1 0 0
vt 0.353228956 0.284313738
f 149/149/149 148/148/148 147/147/147 146/146/146 145/145/145
v 1024 -167.199997 768
vn 1 0 0
vt 0.376320958 0.284313738
v 1024 -340 768
vn 1 0 0
vt 0.355185896 0.284313738
v 1024 -340 800
vn 1 0 0
vt 0.355185896 0.327886641
v 1024 -116 800
vn 1 0 0
vt 0.382583171 0.327886641
v 1024 -116 768
vn 1 0 0
vt 0.382583171 0.284313738
f 154/154/154 153/153/153 152/152/152 151/151/151 150/150/150
v 1024 -564 768
vn 1 0 0
vt 0.384540111 0.284313738
v 1024 -564 800
vn 1 0 0
vt 0.384540111 0.327886641
v 1024 -532 768
vn 1 0 0
vt 0.38845402 0.284313738
f 157/157/157 156/156/156 155/155/155
v 1024 -436 768
vn 1 0 0
vt 0.406066537 0.284313738
v 1024 -532 768
vn 1 0 0
vt 0.394324839 0.284313738
v 1024 -564 800
vn 1 0 0
vt 0.39041096 0.327886641
v 1024 -340 800
vn 1 0 0
vt 0.417808205 0.327886641
v 1024 -340 768
vn 1 0 0
vt 0.417808205 0.284313738
f 162/162/162 161/161/161 160/160/160 159/159/159 158/158/158
v 1024 172 768
vn 1 0 0
vt 0.427592963 0.284313738
v 1024 108 768
vn 1 0 0
vt 0.419765174 0.284313738
v 1024 108 800
vn 1 0 0
vt 0.419765174 0.327886641
v 1024 204 800
vn 1 0 0
vt 0.431506842 0.327886641
v 1024 204 768
vn 1 0 0
vt 0.431506842 0.284313738
f 167/167/167 166/166/166 165/165/165 164/164/164 163/163/163
v 1024 -618.799988 640
vn 1 0 0
vt 0.456539482 0.28894335
v 1024 -730.399963 640
vn 1 0 0
vt 0.433789968 0.28894335
v 1024 -730.399963 864
vn 1 0 0
vt 0.433789968 0.3270697
v 1024 -596 864
vn 1 0 0
vt 0.461187214 0.3270697
v 1024 -596 640
vn 1 0 0
vt 0.461187214 0.28894335
f 172/172/172 171/171/171 170/170/170 169/169/169 168/168/168
v 1024 -864.799988 864
vn 1 0 0
vt 0.465101123 0.3270697
v 1024 -788 864
vn 1 0 0
vt 0.4807567 0.3270697
v 1024 -864.799988 640
vn 1 0 0
vt 0.465101123 0.28894335
f 175/175/175 174/174/174 173/173/173
v 1024 -775.599976 640
vn 1 0 0
vt 0.50285393 0.28894335
v 1024 -864.799988 640
vn 1 0 0
vt 0.484670579 0.28894335
v 1024 -788 864
vn 1 0 0
vt 0.500326157 0.3270697
v 1024 -730.399963 864
vn 1 0 0
vt 0.512067854 0.3270697
v 1024 -730.399963 640
vn 1 0 0
vt 0.512067854 0.28894335
f 180/180/180 179/179/179 178/178/178 177/177/177 176/176/176
v 1024 -932.399963 640
vn 1 0 0
vt 0.529598832 0.28894335
v 1024 -999.200012 640
vn 1 0 0
vt 0.515981734 0.28894335
v 1024 -999.200012 864
vn 1 0 0
vt 0.515981734 0.3270697
v 1024 -864.799988 864
vn 1 0 0
vt 0.543379009 0.3270697
v 1024 -864.799988 640
vn 1 0 0
vt 0.543379009 0.28894335
f 185/185/185 184/184/184 183/183/183 182/182/182 181/181/181
v 1024 -1012 864
vn 1 0 0
vt 0.548597515 0.3270697
v 1024 -999.200012 864
vn 1 0 0
vt 0.551206768 0.3270697
v 1024 -999.200012 640
vn 1 0 0
vt 0.551206768 0.28894335
f 188/188/188 187/187/187 186/186/186
v 1024 -1089.19995 640
vn 1 0 0
vt 0.564171612 0.28894335
v 1024 -1133.59998 640
vn 1 0 0
vt 0.555120707 0.28894335
v 1024 -1133.59998 864
vn 1 0 0
vt 0.555120707 0.3270697
v 1024 -1012 864
vn 1 0 0
vt 0.579908669 0.3270697
v 1024 -999.200012 640
vn 1 0 0
vt 0.582517922 0.28894335
f 193/193/193 192/192/192 191/191/191 190/190/190 189/189/189
v 1024 -1268 864
vn 1 0 0
vt 0.586431861 0.3270697
v 1024 -1236 864
vn 1 0 0
vt 0.592954993 0.3270697
v 1024 -1268 640
vn 1 0 0
vt 0.586431861 0.28894335
f 196/196/196 195/195/195 194/194/194
v 1024 -1204 640
vn 1 0 0
vt 0.609262884 0.28894335
v 1024 -1268 640
vn 1 0 0
vt 0.596216619 0.28894335
v 1024 -1236 864
vn 1 0 0
vt 0.602739751 0.3270697
v 1024 -1133.59998 864
vn 1 0 0
vt 0.623613894 0.3270697
v 1024 -1133.59998 640
vn 1 0 0
vt 0.623613894 0.28894335
f 201/201/201 200/200/200 199/199/199 198/198/198 197/197/197
v 1024 -596 864
vn 1 0 0
vt 0.688193083 0.0852397084
v 1024 -564 864
vn 1 0 0
vt 0.694716215 0.0852397084
v 1024 -564 800
vn 1 0 0
vt 0.694716215 0.0743464231
f 204/204/204 203/203/203 202/202/202
v 1024 -564 768
vn 1 0 0
vt 0.634050906 0.310729802
v 1024 -564 640
vn 1 0 0
vt 0.634050906 0.28894335
v 1024 -596 640
vn 1 0 0
vt 0.627527714 0.28894335
v 1024 -596 864
vn 1 0 0
vt 0.627527714 0.3270697
v 1024 -564 800
vn 1 0 0
vt 0.634050906 0.316176474
f 209/209/209 208/208/208 207/207/207 206/206/206 205/205/205
v 1024 -116 800
vn 1 0 0
vt 0.120352253 0.903186202
v 1024 -116 864
vn 1 0 0
vt 0.120352253 0.990332186
v 1024 108 864
vn 1 0 0
vt 0.147749513 0.990332186
v 1024 108 800
vn 1 0 0
vt 0.147749513 0.903186202
f 213/213/213 212/212/212 211/211/211 210/210/210
v 1024 -340 800
vn 1 0 0
vt 0.149706453 0.903186202
v 1024 -340 864
vn 1 0 0
vt 0.149706453 0.990332186
v 1024 -116 864
vn 1 0 0
vt 0.177103713 0.990332186
v 1024 -116 800
vn 1 0 0
vt 0.177103713 0.903186202
f 217/217/217 216/216/216 215/215/215 214/214/214
v 1024 -564 800
vn 1 0 0
vt 0.179060668 0.903186202
v 1024 -564 864
vn 1 0 0
vt 0.179060668 0.990332186
v 1024 -340 864
vn 1 0 0
vt 0.206457928 0.990332186
v 1024 -340 800
vn 1 0 0
vt 0.206457928 0.903186202
f 221/221/221 220/220/220 219/219/219 218/218/218
v 1024 204 800
vn 1 0 0
vt 0.22015655 0.903186202
v 1024 108 800
vn 1 0 0
vt 0.208414868 0.903186202
v 1024 108 864
vn 1 0 0
vt 0.208414868 0.990332186
v 1024 204 864
vn 1 0 0
vt 0.22015655 0.990332186
f 225/225/225 224/224/224 223/223/223 222/222/222
v 1024 -618.799988 608
vn 1 0 0
vt 0.176696032 0.57107842
v 1024 -596 608
vn 1 0 0
vt 0.181343779 0.57107842
v 1024 -596 128
vn 1 0 0
vt 0.181343779 0.489379108
v 1024 -730.399963 128
vn 1 0 0
vt 0.153946519 0.489379108
v 1024 -730.399963 608
vn 1 0 0
vt 0.153946519 0.57107842
f 230/230/230 229/229/229 228/228/228 227/227/227 226/226/226
v 1024 -775.599976 608
vn 1 0 0
vt 0.203440964 0.57107842
v 1024 -730.399963 608
vn 1 0 0
vt 0.212654933 0.57107842
v 1024 -730.399963 128
vn 1 0 0
vt 0.212654933 0.489379108
v 1024 -864.799988 128
vn 1 0 0
vt 0.185257673 0.489379108
v 1024 -864.799988 608
vn 1 0 0
vt 0.185257673 0.57107842
f 235/235/235 234/234/234 233/233/233 232/232/232 231/231/231
v 1024 -864.799988 128
vn 1 0 0
vt 0.220482722 0.489379108
v 1024 -877.600037 128
vn 1 0 0
vt 0.217873439 0.489379108
v 1024 -864.799988 608
vn 1 0 0
vt 0.220482722 0.57107842
f 238/238/238 237/237/237 236/236/236
v 1024 -884 608
vn 1 0 0
vt 0.247879982 0.57107842
v 1024 -864.799988 608
vn 1 0 0
vt 0.251793891 0.57107842
v 1024 -877.600037 128
vn 1 0 0
vt 0.249184594 0.489379108
v 1024 -999.200012 128
vn 1 0 0
vt 0.224396601 0.489379108
v 1024 -999.200012 608
vn 1 0 0
vt 0.224396601 0.57107842
f 243/243/243 242/242/242 241/241/241 240/240/240 239/239/239
v 1024 -1108 608
vn 1 0 0
vt 0.260926306 0.57107842
v 1024 -999.200012 608
vn 1 0 0
vt 0.283105016 0.57107842
v 1024 -999.200012 128
vn 1 0 0
vt 0.283105016 0.489379108
v 1024 -1133.59998 128
vn 1 0 0
vt 0.255707771 0.489379108
v 1024 -1133.59998 608
vn 1 0 0
vt 0.255707771 0.57107842
f 248/248/248 247/247/247 246/246/246 245/245/245 244/244/244
v 1024 -1133.59998 128
vn 1 0 0
vt 0.296803653 0.489379108
v 1024 -1180 128
vn 1 0 0
vt 0.287345082 0.489379108
v 1024 -1133.59998 608
vn 1 0 0
vt 0.296803653 0.57107842
f 251/251/251 250/250/250 249/249/249
v 1024 -1204 608
vn 1 0 0
vt 0.313763887 0.57107842
v 1024 -1133.59998 608
vn 1 0 0
vt 0.328114808 0.57107842
v 1024 -1180 128
vn 1 0 0
vt 0.318656236 0.489379108
v 1024 -1268 128
vn 1 0 0
vt 0.300717562 0.489379108
v 1024 -1268 608
vn 1 0 0
vt 0.300717562 0.57107842
f 256/256/256 255/255/255 254/254/254 253/253/253 252/252/252
v 1024 -564 249.600006
vn 1 0 0
vt 0.338551849 0.510076225
v 1024 -564 128
vn 1 0 0
vt 0.338551849 0.489379108
v 1024 -575.200012 128
vn 1 0 0
vt 0.336268753 0.489379108
v 1024 -596 128
vn 1 0 0
vt 0.332028717 0.489379108
v 1024 -596 608
vn 1 0 0
vt 0.332028717 0.57107842
v 1024 -564 608
vn 1 0 0
vt 0.338551849 0.57107842
f 262/262/262 261/261/261 260/260/260 259/259/259 258/258/258 257/257/257
v 1024 -564 608
vn 1 0 0
vt 0.22281678 0.995098054
v 1024 -532 608
vn 1 0 0
vt 0.22526297 0.995098054
v 1024 -532 249.600006
vn 1 0 0
vt 0.22526297 0.903594792
v 1024 -564 249.600006
vn 1 0 0
vt 0.22281678 0.903594792
f 266/266/266 265/265/265 264/264/264 263/263/263
v 1024 -564 128
vn 1 0 0
vt 0.385243386 0.13398695
v 1024 -564 249.600006
vn 1 0 0
vt 0.385243386 0.165032685
v 1024 -532 249.600006
vn 1 0 0
vt 0.38768959 0.165032685
v 1024 -532 128
vn 1 0 0
vt 0.38768959 0.13398695
f 270/270/270 269/269/269 268/268/268 267/267/267
v 1024 -372 192
vn 1 0 0
vt 0.709393322 0.055555582
v 1024 -372 128
vn 1 0 0
vt 0.709393322 0.0424836874
v 1024 -532 128
vn 1 0 0
vt 0.680039167 0.0424836874
f 273/273/273 272/272/272 271/271/271
v 1024 -532 249.600006
vn 1 0 0
vt 0.227984339 0.923529387
v 1024 -532 608
vn 1 0 0
vt 0.227984339 0.996731997
v 1024 -462 608
vn 1 0 0
vt 0.240826815 0.996731997
v 1024 -372 608
vn 1 0 0
vt 0.257338554 0.996731997
v 1024 -372 192
vn 1 0 0
vt 0.257338554 0.911764681
v 1024 -532 128
vn 1 0 0
vt 0.227984339 0.898692787
f 279/279/279 278/278/278 277/277/277 276/276/276 275/275/275 274/274/274
v 1440 -308 128
vn 0 0 1
vt 0.753040254 0.419011712
v 1408 -308 128
vn 0 0 1
vt 0.750244617 0.419011712
v 1408 -128 128
vn 0 0 1
vt 0.750244617 0.47347796
v 1440 -128 128
vn 0 0 1
vt 0.753040254 0.47347796
f 283/283/283 282/282/282 281/281/281 280/280/280
v 1344 -372 128
vn 0 0 1
vt 0.885553539 0.144743979
v 1344 -320 128
vn 0 0 1
vt 0.885553539 0.160478652
v 1376 -352 128
vn 0 0 1
vt 0.888349175 0.150795817
v 1396 -372 128
vn 0 0 1
vt 0.890096486 0.144743979
f 287/287/287 286/286/286 285/285/285 284/284/284
v 1344 332 128
vn 0 0 1
vt 0.637021244 0.318551779
v 1344 367.199982 128
vn 0 0 1
vt 0.637021244 0.32920301
v 1408 367.199982 128
vn 0 0 1
vt 0.642612517 0.32920301
v 1408 292.800018 128
vn 0 0 1
vt 0.642612517 0.306690276
v 1344 238.27417 128
vn 0 0 1
vt 0.637021244 0.290191293
f 292/292/292 291/291/291 290/290/290 289/289/289 288/288/288
v 1408 66.4000168 128
vn 0 0 1
vt 0.484099805 0.499621749
v 1408 64.7999725 128
vn 0 0 1
vt 0.484099805 0.49913764
v 1344 64.7999725 128
vn 0 0 1
vt 0.478508532 0.49913764
v 1344 105.72583 128
vn 0 0 1
vt 0.478508532 0.511521339
v 1344 238.27417 128
vn 0 0 1
vt 0.478508532 0.551629186
v 1408 292.800018 128
vn 0 0 1
vt 0.484099805 0.568128228
f 298/298/298 297/297/297 296/296/296 295/295/295 294/294/294 293/293/293
v 1408 519.200012 128
vn 0 0 1
vt 0.264921725 0.95036006
v 1408 367.199982 128
vn 0 0 1
vt 0.264921725 0.904366374
v 1344 367.199982 128
vn 0 0 1
vt 0.259330422 0.904366374
v 1344 669.599976 128
vn 0 0 1
vt 0.259330422 0.995869637
v 1408 669.599976 128
vn 0 0 1
vt 0.264921725 0.995869637
f 303/303/303 302/302/302 301/301/301 300/300/300 299/299/299
v 1408 745.599976 128
vn 0 0 1
vt 0.272749513 0.927363217
v 1408 669.599976 128
vn 0 0 1
vt 0.272749513 0.904366374
v 1344 669.599976 128
vn 0 0 1
vt 0.26715821 0.904366374
v 1344 972 128
vn 0 0 1
vt 0.26715821 0.995869637
v 1408 972 128
vn 0 0 1
vt 0.272749513 0.995869637
f 308/308/308 307/307/307 306/306/306 305/305/305 304/304/304
v 1344 12 128
vn 0 0 1
vt 0.233890116 0.457017064
v 1344 64.7999725 128
vn 0 0 1
vt 0.233890116 0.472993851
v 1408 64.7999725 128
vn 0 0 1
vt 0.239481404 0.472993851
v 1408 -96 128
vn 0 0 1
vt 0.239481404 0.424337327
v 1344 -128 128
vn 0 0 1
vt 0.233890116 0.414654434
f 313/313/313 312/312/312 311/311/311 310/310/310 309/309/309
v 1376 -352 128
vn 0 0 1
vt 0.36584428 0.595240235
v 1408 -96 128
vn 0 0 1
vt 0.368639916 0.672703326
v 1408 -128 128
vn 0 0 1
vt 0.368639916 0.663020492
v 1408 -308 128
vn 0 0 1
vt 0.368639916 0.608554244
v 1408 -372 128
vn 0 0 1
vt 0.368639916 0.589188457
v 1396 -372 128
vn 0 0 1
vt 0.36759156 0.589188457
f 319/319/319 318/318/318 317/317/317 316/316/316 315/315/315 314/314/314
v 1024 367.199982 128
vn 0 0 1
vt 0.894779146 0.146196425
v 1024 428 128
vn 0 0 1
vt 0.894779146 0.164593935
v 1344 367.199982 128
vn 0 0 1
vt 0.922735512 0.146196425
f 322/322/322 321/321/321 320/320/320
v 1344 669.599976 128
vn 0 0 1
vt 0.304340214 0.995869637
v 1344 367.199982 128
vn 0 0 1
vt 0.304340214 0.904366374
v 1024 428 128
vn 0 0 1
vt 0.276383847 0.922763824
v 1024 652 128
vn 0 0 1
vt 0.276383847 0.990544081
v 1024 669.599976 128
vn 0 0 1
vt 0.276383847 0.995869637
f 327/327/327 326/326/326 325/325/325 324/324/324 323/323/323
v 1248 972 128
vn 0 0 1
vt 0.329221427 0.995869637
v 1344 972 128
vn 0 0 1
vt 0.337608308 0.995869637
v 1344 669.599976 128
vn 0 0 1
vt 0.337608308 0.904366374
v 1024 669.599976 128
vn 0 0 1
vt 0.309651941 0.904366374
v 1024 876 128
vn 0 0 1
vt 0.309651941 0.966820955
v 1024 972 128
vn 0 0 1
vt 0.309651941 0.995869637
f 333/333/333 332/332/332 331/331/331 330/330/330 329/329/329 328/328/328
v 1024 332 128
vn 0 0 1
vt 0.712783039 0.0440419316
v 1024 367.199982 128
vn 0 0 1
vt 0.712783039 0.0546931624
v 1088 332 128
vn 0 0 1
vt 0.718374372 0.0440419316
f 336/336/336 335/335/335 334/334/334
v 1344 367.199982 128
vn 0 0 1
vt 0.728997767 0.0546931624
v 1344 332 128
vn 0 0 1
vt 0.728997767 0.0440419316
v 1269.01929 332 128
vn 0 0 1
vt 0.722447157 0.0440419316
f 339/339/339 338/338/338 337/337/337
v 1162.98071 332 128
vn 0 0 1
vt 0.746451378 0.0440419316
v 1088 332 128
vn 0 0 1
vt 0.739900768 0.0440419316
v 1024 367.199982 128
vn 0 0 1
vt 0.734309494 0.0546931624
v 1344 367.199982 128
vn 0 0 1
vt 0.762265861 0.0546931624
v 1269.01929 332 128
vn 0 0 1
vt 0.755715251 0.0440419316
f 344/344/344 343/343/343 342/342/342 341/341/341 340/340/340
v 1344 64.7999725 128
vn 0 0 1
vt 0.398273677 0.152732372
v 1344 12 128
vn 0 0 1
vt 0.398273677 0.136755645
v 1269.01929 12 128
vn 0 0 1
vt 0.391723096 0.136755645
v 1344 105.72583 128
vn 0 0 1
vt 0.398273677 0.165116131
f 348/348/348 347/347/347 346/346/346 345/345/345
v 1344 332 128
vn 0 0 1
vt 0.54308778 0.213976622
v 1344 238.27417 128
vn 0 0 1
vt 0.54308778 0.185616136
v 1328 258.27417 128
vn 0 0 1
vt 0.541689992 0.191667914
v 1269.01929 332 128
vn 0 0 1
vt 0.53653717 0.213976622
f 352/352/352 351/351/351 350/350/350 349/349/349
v 1269.01929 332 128
vn 0 0 1
vt 0.777241707 0.050577879
v 1261.32935 316 128
vn 0 0 1
vt 0.776569903 0.0457364917
v 1170.67065 316 128
vn 0 0 1
vt 0.768649578 0.0457364917
v 1162.98071 332 128
vn 0 0 1
vt 0.767977774 0.050577879
f 356/356/356 355/355/355 354/354/354 353/353/353
v 1261.32935 28 128
vn 0 0 1
vt 0.416491598 0.135061145
v 1170.67065 28 128
vn 0 0 1
vt 0.408571303 0.135061145
v 1104 111.338326 128
vn 0 0 1
vt 0.402746707 0.160278499
f 359/359/359 358/358/358 357/357/357
v 1104 111.338326 128
vn 0 0 1
vt 0.242277056 0.408644497
v 1104 232.661667 128
vn 0 0 1
vt 0.242277056 0.445355713
v 1170.67065 316 128
vn 0 0 1
vt 0.248101637 0.470573068
f 362/362/362 361/361/361 360/360/360
v 1328 232.661667 128
vn 0 0 1
vt 0.391005039 0.64797008
v 1328 111.338326 128
vn 0 0 1
vt 0.391005039 0.611258864
v 1261.32935 28 128
vn 0 0 1
vt 0.385180444 0.58604151
v 1104 111.338326 128
vn 0 0 1
vt 0.371435553 0.611258864
v 1170.67065 316 128
vn 0 0 1
vt 0.377260149 0.673187494
v 1261.32935 316 128
vn 0 0 1
vt 0.385180444 0.673187494
f 368/368/368 367/367/367 366/366/366 365/365/365 364/364/364 363/363/363
v 1088 332 128
vn 0 0 1
vt 0.548119962 0.213976622
v 1162.98071 332 128
vn 0 0 1
vt 0.554670513 0.213976622
v 1088 238.27417 128
vn 0 0 1
vt 0.548119962 0.185616136
f 371/371/371 370/370/370 369/369/369
v 1162.98071 12 128
vn 0 0 1
vt 0.427468985 0.136755645
v 1088 12 128
vn 0 0 1
vt 0.420918375 0.136755645
v 1088 29.5999908 128
vn 0 0 1
vt 0.420918375 0.142081141
v 1088 105.72583 128
vn 0 0 1
vt 0.420918375 0.165116131
f 375/375/375 374/374/374 373/373/373 372/372/372
v 1344 -290.400024 128
vn 0 0 1
vt 0.803361773 0.0452523828
v 1088 -290.400024 128
vn 0 0 1
vt 0.78099668 0.0452523828
v 1088 -272.800018 128
vn 0 0 1
vt 0.78099668 0.050577879
f 378/378/378 377/377/377 376/376/376
v 1344 -128 128
vn 0 0 1
vt 0.365005583 0.950602174
v 1344 -290.400024 128
vn 0 0 1
vt 0.365005583 0.901461482
v 1088 -272.800018 128
vn 0 0 1
vt 0.342640489 0.906787097
v 1088 12 128
vn 0 0 1
vt 0.342640489 0.992964804
v 1162.98071 12 128
vn 0 0 1
vt 0.349191099 0.992964804
v 1269.01929 12 128
vn 0 0 1
vt 0.358455002 0.992964804
v 1344 12 128
vn 0 0 1
vt 0.365005583 0.992964804
f 385/385/385 384/384/384 383/383/383 382/382/382 381/381/381 380/380/380 379/379/379
v 1344 -320 128
vn 0 0 1
vt 0.453068197 0.153942704
v 1344 -372 128
vn 0 0 1
vt 0.453068197 0.138208032
v 1088 -372 128
vn 0 0 1
vt 0.430703133 0.138208032
v 1088 -290.400024 128
vn 0 0 1
vt 0.430703133 0.162899435
v 1344 -290.400024 128
vn 0 0 1
vt 0.453068197 0.162899435
f 390/390/390 389/389/389 388/388/388 387/387/387 386/386/386
v 1396 -372 128
vn 0 0 1
vt 0.461525053 0.164351881
v 1408 -372 128
vn 0 0 1
vt 0.462573379 0.164351881
v 1408 -468 128
vn 0 0 1
vt 0.462573379 0.135303199
v 1344 -468 128
vn 0 0 1
vt 0.456982106 0.135303199
f 394/394/394 393/393/393 392/392/392 391/391/391
v 1088 -372 128
vn 0 0 1
vt 0.465928167 0.164351881
v 1162.98071 -468 128
vn 0 0 1
vt 0.472478747 0.135303199
v 1088 -468 128
vn 0 0 1
vt 0.465928167 0.135303199
f 397/397/397 396/396/396 395/395/395
v 1344 -372 128
vn 0 0 1
vt 0.498077989 0.164351881
v 1396 -372 128
vn 0 0 1
vt 0.502620935 0.164351881
v 1344 -468 128
vn 0 0 1
vt 0.498077989 0.135303199
v 1269.01929 -468 128
vn 0 0 1
vt 0.491527408 0.135303199
v 1162.98071 -468 128
vn 0 0 1
vt 0.482263505 0.135303199
v 1088 -372 128
vn 0 0 1
vt 0.475712895 0.164351881
f 403/403/403 402/402/402 401/401/401 400/400/400 399/399/399 398/398/398
v 1408 -770.400024 128
vn 0 0 1
vt 0.932240725 0.141839147
v 1344 -770.400024 128
vn 0 0 1
vt 0.926649392 0.141839147
v 1344 -694.27417 128
vn 0 0 1
vt 0.926649392 0.164874077
v 1408 -692 128
vn 0 0 1
vt 0.932240725 0.165562212
f 407/407/407 406/406/406 405/405/405 404/404/404
v 1344 -561.72583 128
vn 0 0 1
vt 0.486336321 0.538315177
v 1344 -468 128
vn 0 0 1
vt 0.486336321 0.566675723
v 1408 -468 128
vn 0 0 1
vt 0.491927594 0.566675723
v 1408 -692 128
vn 0 0 1
vt 0.491927594 0.498895526
v 1344 -694.27417 128
vn 0 0 1
vt 0.486336321 0.49820739
f 412/412/412 411/411/411 410/410/410 409/409/409 408/408/408
v 1408 -770.400024 128
vn 0 0 1
vt 0.628913879 0.390205145
v 1408 -916 128
vn 0 0 1
vt 0.628913879 0.346148014
v 1344 -770.400024 128
vn 0 0 1
vt 0.623322606 0.390205145
f 415/415/415 414/414/414 413/413/413
v 1344 -996.674194 128
vn 0 0 1
vt 0.341522217 0.49820745
v 1344 -770.400024 128
vn 0 0 1
vt 0.341522217 0.566675723
v 1408 -916 128
vn 0 0 1
vt 0.34711349 0.522618651
v 1408 -1028 128
vn 0 0 1
vt 0.34711349 0.488728523
v 1344 -1028 128
vn 0 0 1
vt 0.341522217 0.488728523
f 420/420/420 419/419/419 418/418/418 417/417/417 416/416/416
v 1269.01929 -468 128
vn 0 0 1
vt 0.558063626 0.213734567
v 1344 -468 128
vn 0 0 1
vt 0.564614177 0.213734567
v 1344 -561.72583 128
vn 0 0 1
vt 0.564614177 0.185374022
f 423/423/423 422/422/422 421/421/421
v 1328 -996.674194 128
vn 0 0 1
vt 0.935036361 0.145266294
v 1328 -933.934143 128
vn 0 0 1
vt 0.935036361 0.164250791
v 1344 -996.674194 128
vn 0 0 1
vt 0.93643415 0.145266294
f 426/426/426 425/425/425 424/424/424
v 1344 -770.400024 128
vn 0 0 1
vt 0.370876431 0.971904516
v 1344 -996.674194 128
vn 0 0 1
vt 0.370876431 0.903436184
v 1328 -933.934143 128
vn 0 0 1
vt 0.369478613 0.922420681
v 1328 -714.27417 128
vn 0 0 1
vt 0.369478613 0.988887608
v 1344 -694.27417 128
vn 0 0 1
vt 0.370876431 0.994939446
f 431/431/431 430/430/430 429/429/429 428/428/428 427/427/427
v 1328 -1028 128
vn 0 0 1
vt 0.807834804 0.0442841053
v 1328 -996.674194 128
vn 0 0 1
vt 0.807834804 0.0537629724
v 1344 -996.674194 128
vn 0 0 1
vt 0.809232593 0.0537629724
v 1344 -1028 128
vn 0 0 1
vt 0.809232593 0.0442841053
f 435/435/435 434/434/434 433/433/433 432/432/432
v 1328 -714.27417 128
vn 0 0 1
vt 0.8313182 0.57058692
v 1328 -933.934143 128
vn 0 0 1
vt 0.8313182 0.504120111
v 1269.01929 -788 128
vn 0 0 1
vt 0.826165378 0.548278332
f 438/438/438 437/437/437 436/436/436
v 1247.46985 -788.177795 128
vn 0 0 1
vt 0.943656504 0.15606761
v 1261.83423 -770.222229 128
vn 0 0 1
vt 0.94491142 0.161500812
v 1269.01929 -788 128
vn 0 0 1
vt 0.945539117 0.156121433
v 1216 -827.515076 128
vn 0 0 1
vt 0.94090724 0.144164562
f 442/442/442 441/441/441 440/440/440 439/439/439
v 1205.29639 -840.894592 128
vn 0 0 1
vt 0.503572881 0.551880717
v 1216 -827.515076 128
vn 0 0 1
vt 0.504508018 0.555929244
v 1269.01929 -788 128
vn 0 0 1
vt 0.509139895 0.567886114
v 1328 -933.934143 128
vn 0 0 1
vt 0.514292717 0.523727894
v 1328 -996.674194 128
vn 0 0 1
vt 0.514292717 0.504743397
v 1328 -1028 128
vn 0 0 1
vt 0.514292717 0.495264471
v 1104 -1028 128
vn 0 0 1
vt 0.494723231 0.495264471
v 1104 -996.674194 128
vn 0 0 1
vt 0.494723231 0.504743397
v 1104 -967.515076 128
vn 0 0 1
vt 0.494723231 0.513566673
f 451/451/451 450/450/450 449/449/449 448/448/448 447/447/447 446/446/446 445/445/445 444/444/444 443/443/443
v 1261.83423 -485.777771 128
vn 0 0 1
vt 0.265850782 0.469793081
v 1328 -568.484924 128
vn 0 0 1
vt 0.271631271 0.4447667
v 1328 -687.515076 128
vn 0 0 1
vt 0.271631271 0.408749342
v 1104 -568.484924 128
vn 0 0 1
vt 0.252061784 0.4447667
v 1170.16577 -485.777771 128
vn 0 0 1
vt 0.257842273 0.469793081
f 456/456/456 455/455/455 454/454/454 453/453/453 452/452/452
v 1170.16577 -770.222229 128
vn 0 0 1
vt 0.841012478 0.50790596
v 1104 -687.515076 128
vn 0 0 1
vt 0.835232079 0.532932401
v 1104 -568.484924 128
vn 0 0 1
vt 0.835232079 0.568949699
v 1328 -687.515076 128
vn 0 0 1
vt 0.854801536 0.532932401
v 1261.83423 -770.222229 128
vn 0 0 1
vt 0.849021018 0.50790596
v 1247.46985 -788.177795 128
vn 0 0 1
vt 0.847766101 0.502472818
v 1184.53015 -788.177795 128
vn 0 0 1
vt 0.842267454 0.502472818
f 463/463/463 462/462/462 461/461/461 460/460/460 459/459/459 458/458/458 457/457/457
v 1247.46985 -788.177795 128
vn 0 0 1
vt 0.704908907 0.0841721892
v 1216 -827.515076 128
vn 0 0 1
vt 0.702159643 0.0722691417
v 1184.53015 -788.177795 128
vn 0 0 1
vt 0.699410319 0.0841721892
f 466/466/466 465/465/465 464/464/464
v 1184.53015 -788.177795 128
vn 0 0 1
vt 0.509586453 0.15606761
v 1216 -827.515076 128
vn 0 0 1
vt 0.512335777 0.144164562
v 1205.29639 -840.894592 128
vn 0 0 1
vt 0.5114007 0.140115976
v 1162.98071 -788 128
vn 0 0 1
vt 0.507703781 0.156121433
v 1170.16577 -770.222229 128
vn 0 0 1
vt 0.508331478 0.161500812
f 471/471/471 470/470/470 469/469/469 468/468/468 467/467/467
v 1104 -967.515076 128
vn 0 0 1
vt 0.518206656 0.493958831
v 1104 -714.27417 128
vn 0 0 1
vt 0.518206656 0.57058692
v 1162.98071 -788 128
vn 0 0 1
vt 0.523359358 0.548278332
v 1205.29639 -840.894592 128
vn 0 0 1
vt 0.527056277 0.532272875
f 475/475/475 474/474/474 473/473/473 472/472/472
v 1088 -877.600037 128
vn 0 0 1
vt 0.757513285 0.416591048
v 1088 -694.27417 128
vn 0 0 1
vt 0.757513285 0.472063601
v 1104 -714.27417 128
vn 0 0 1
vt 0.758911133 0.466011822
f 478/478/478 477/477/477 476/476/476
v 1104 -967.515076 128
vn 0 0 1
vt 0.396875888 0.598533988
v 1104 -996.674194 128
vn 0 0 1
vt 0.396875888 0.589710712
v 1088 -996.674194 128
vn 0 0 1
vt 0.39547807 0.589710712
v 1088 -877.600037 128
vn 0 0 1
vt 0.39547807 0.625741363
v 1104 -714.27417 128
vn 0 0 1
vt 0.396875888 0.675162137
f 483/483/483 482/482/482 481/481/481 480/480/480 479/479/479
v 1088 -1028 128
vn 0 0 1
vt 0.814264774 0.0442841053
v 1088 -996.674194 128
vn 0 0 1
vt 0.814264774 0.0537629724
v 1104 -996.674194 128
vn 0 0 1
vt 0.815662622 0.0537629724
v 1104 -1028 128
vn 0 0 1
vt 0.815662622 0.0442841053
f 487/487/487 486/486/486 485/485/485 484/484/484
v 1088 -561.72583 128
vn 0 0 1
vt 0.569646358 0.185374022
v 1088 -468 128
vn 0 0 1
vt 0.569646358 0.213734567
v 1162.98071 -468 128
vn 0 0 1
vt 0.576196969 0.213734567
f 490/490/490 489/489/489 488/488/488
v 1344 -1028 128
vn 0 0 1
vt 0.531346083 0.567159891
v 1408 -1028 128
vn 0 0 1
vt 0.536937356 0.567159891
v 1408 -1268 128
vn 0 0 1
vt 0.536937356 0.494538248
v 1328 -1028 128
vn 0 0 1
vt 0.529948294 0.567159891
f 494/494/494 493/493/493 492/492/492 491/491/491
v 1088 -1180 128
vn 0 0 1
vt 0.632268667 0.344695628
v 1088 -1028 128
vn 0 0 1
vt 0.632268667 0.390689313
v 1104 -1028 128
vn 0 0 1
vt 0.633666515 0.390689313
f 497/497/497 496/496/496 495/495/495
v 1184 -1268 128
vn 0 0 1
vt 0.548679054 0.494538248
v 1088 -1268 128
vn 0 0 1
vt 0.540292144 0.494538248
v 1088 -1180 128
vn 0 0 1
vt 0.540292144 0.521166205
v 1104 -1028 128
vn 0 0 1
vt 0.541689992 0.567159891
v 1328 -1028 128
vn 0 0 1
vt 0.561259449 0.567159891
v 1408 -1268 128
vn 0 0 1
vt 0.56824851 0.494538248
f 503/503/503 502/502/502 501/501/501 500/500/500 499/499/499 498/498/498
v 1024 -877.600037 128
vn 0 0 1
vt 0.64624685 0.325087726
v 1088 -877.600037 128
vn 0 0 1
vt 0.651838124 0.325087726
v 1088 -996.674194 128
vn 0 0 1
vt 0.651838124 0.289057136
v 1024 -999.200012 128
vn 0 0 1
vt 0.64624685 0.288292766
f 507/507/507 506/506/506 505/505/505 504/504/504
v 1024 -1180 128
vn 0 0 1
vt 0.708869159 0.0701858401
v 1024 -1133.59998 128
vn 0 0 1
vt 0.708869159 0.0842260122
v 1088 -1180 128
vn 0 0 1
vt 0.714460433 0.0701858401
f 510/510/510 509/509/509 508/508/508
v 1088 -1028 128
vn 0 0 1
vt 0.769254982 0.462584734
v 1088 -1180 128
vn 0 0 1
vt 0.769254982 0.416591048
v 1024 -1133.59998 128
vn 0 0 1
vt 0.763663709 0.43063128
v 1024 -999.200012 128
vn 0 0 1
vt 0.763663709 0.471299291
v 1088 -996.674194 128
vn 0 0 1
vt 0.769254982 0.472063661
f 515/515/515 514/514/514 513/513/513 512/512/512 511/511/511
v 1024 -596 128
vn 0 0 1
vt 0.638419092 0.384153366
v 1024 -575.200012 128
vn 0 0 1
vt 0.638419092 0.390447259
v 1088 -575.200012 128
vn 0 0 1
vt 0.644010365 0.390447259
v 1088 -694.27417 128
vn 0 0 1
vt 0.644010365 0.354416549
v 1024 -730.399963 128
vn 0 0 1
vt 0.638419092 0.343485236
f 520/520/520 519/519/519 518/518/518 517/517/517 516/516/516
v 1088 -877.600037 128
vn 0 0 1
vt 0.779039741 0.416591048
v 1024 -877.600037 128
vn 0 0 1
vt 0.773448408 0.416591048
v 1024 -864.799988 128
vn 0 0 1
vt 0.773448408 0.420464158
v 1024 -730.399963 128
vn 0 0 1
vt 0.773448408 0.461132348
v 1088 -694.27417 128
vn 0 0 1
vt 0.779039741 0.472063601
f 525/525/525 524/524/524 523/523/523 522/522/522 521/521/521
v 1088 -561.72583 128
vn 0 0 1
vt 0.585301936 0.185374022
v 1088 -575.200012 128
vn 0 0 1
vt 0.585301936 0.181296885
v 1024 -564 128
vn 0 0 1
vt 0.579710662 0.184685886
v 1024 -532 128
vn 0 0 1
vt 0.579710662 0.19436878
v 1088 -468 128
vn 0 0 1
vt 0.585301936 0.213734567
f 530/530/530 529/529/529 528/528/528 527/527/527 526/526/526
v 1024 -575.200012 128
vn 0 0 1
vt 0.81454432 0.0244342089
v 1024 -564 128
vn 0 0 1
vt 0.81454432 0.0278231502
v 1088 -575.200012 128
vn 0 0 1
vt 0.820135593 0.0244342089
f 533/533/533 532/532/532 531/531/531
v 1024 -272.800018 128
vn 0 0 1
vt 0.820415139 0.050577879
v 1088 -272.800018 128
vn 0 0 1
vt 0.826006472 0.050577879
v 1088 -290.400024 128
vn 0 0 1
vt 0.826006472 0.0452523828
f 536/536/536 535/535/535 534/534/534
v 1024 -372 128
vn 0 0 1
vt 0.350747854 0.536900878
v 1024 -272.800018 128
vn 0 0 1
vt 0.350747854 0.566917777
v 1088 -290.400024 128
vn 0 0 1
vt 0.356339127 0.561592221
v 1088 -372 128
vn 0 0 1
vt 0.356339127 0.536900878
v 1088 -468 128
vn 0 0 1
vt 0.356339127 0.507852197
v 1024 -532 128
vn 0 0 1
vt 0.350747854 0.488486469
f 542/542/542 541/541/541 540/540/540 539/539/539 538/538/538 537/537/537
v 1024 29.5999908 128
vn 0 0 1
vt 0.656031609 0.325087726
v 1088 29.5999908 128
vn 0 0 1
vt 0.661622882 0.325087726
v 1088 12 128
vn 0 0 1
vt 0.661622882 0.31976217
v 1024 -84 128
vn 0 0 1
vt 0.656031609 0.290713489
f 546/546/546 545/545/545 544/544/544 543/543/543
v 1088 -272.800018 128
vn 0 0 1
vt 0.407219768 0.586525679
v 1024 -272.800018 128
vn 0 0 1
vt 0.401628464 0.586525679
v 1024 -222.666672 128
vn 0 0 1
vt 0.401628464 0.601695538
v 1024 -84 128
vn 0 0 1
vt 0.401628464 0.643654704
v 1088 12 128
vn 0 0 1
vt 0.407219768 0.672703326
f 551/551/551 550/550/550 549/549/549 548/548/548 547/547/547
v 1024 29.5999908 128
vn 0 0 1
vt 0.665816307 0.285872042
v 1024 172 128
vn 0 0 1
vt 0.665816307 0.328960896
v 1088 105.72583 128
vn 0 0 1
vt 0.67140764 0.308907032
v 1088 29.5999908 128
vn 0 0 1
vt 0.67140764 0.285872042
f 555/555/555 554/554/554 553/553/553 552/552/552
v 1088 238.27417 128
vn 0 0 1
vt 0.577474177 0.538557291
v 1088 105.72583 128
vn 0 0 1
vt 0.577474177 0.498449504
v 1024 172 128
vn 0 0 1
vt 0.571882844 0.518503368
v 1024 204 128
vn 0 0 1
vt 0.571882844 0.528186262
v 1024 332 128
vn 0 0 1
vt 0.571882844 0.566917777
v 1088 332 128
vn 0 0 1
vt 0.577474177 0.566917777
f 561/561/561 560/560/560 559/559/559 558/558/558 557/557/557 556/556/556
v 1024 -1268 128
vn 0 0 1
vt 0.517088354 0.135061145
v 1024 -1180 128
vn 0 0 1
vt 0.517088354 0.161689103
v 1088 -1180 128
vn 0 0 1
vt 0.522679627 0.161689103
v 1088 -1268 128
vn 0 0 1
vt 0.522679627 0.135061145
f 565/565/565 564/564/564 563/563/563 562/562/562
v 1440 12 288
vn 1 0 0
vt 0.730249047 0.081971705
v 1440 12 256
vn 1 0 0
vt 0.730249047 0.0710784197
v 1440 -84 256
vn 1 0 0
vt 0.718631804 0.0710784197
f 568/568/568 567/567/567 566/566/566
v 1440 -116 288
vn 1 0 0
vt 0.736285806 0.081971705
v 1440 12 288
vn 1 0 0
vt 0.751775444 0.081971705
v 1440 -84 256
vn 1 0 0
vt 0.74015826 0.0710784197
v 1440 -106.400002 256
vn 1 0 0
vt 0.73744756 0.0710784197
v 1440 -116 256
vn 1 0 0
vt 0.736285806 0.0710784197
v 1440 -128 256
vn 1 0 0
vt 0.734833658 0.0710784197
v 1440 -128 288
vn 1 0 0
vt 0.734833658 0.081971705
f 575/575/575 574/574/574 573/573/573 572/572/572 571/571/571 570/570/570 569/569/569
v 1440 -500 256
vn 1 0 0
vt 0.548154891 0.136437893
v 1440 -628 256
vn 1 0 0
vt 0.525789738 0.136437893
v 1440 -628 339.200012
vn 1 0 0
vt 0.525789738 0.164760292
v 1440 -471.200012 339.200012
vn 1 0 0
vt 0.553187013 0.164760292
v 1440 -471.200012 256
vn 1 0 0
vt 0.553187013 0.136437893
f 580/580/580 579/579/579 578/578/578 577/577/577 576/576/576
v 1440 -436 256
vn 1 0 0
vt 0.563251317 0.136437893
v 1440 -471.200012 256
vn 1 0 0
vt 0.557100892 0.136437893
v 1440 -471.200012 339.200012
vn 1 0 0
vt 0.557100892 0.164760292
f 583/583/583 582/582/582 581/581/581
v 1440 -316.533325 339.200012
vn 1 0 0
vt 0.593910158 0.164760292
v 1440 -308 339.200012
vn 1 0 0
vt 0.595401168 0.164760292
v 1440 -308 288
vn 1 0 0
vt 0.595401168 0.147331178
v 1440 -308 256
vn 1 0 0
vt 0.595401168 0.136437893
v 1440 -436 256
vn 1 0 0
vt 0.573036015 0.136437893
v 1440 -471.200012 339.200012
vn 1 0 0
vt 0.56688565 0.164760292
f 589/589/589 588/588/588 587/587/587 586/586/586 585/585/585 584/584/584
v 1440 -116 339.200012
vn 1 0 0
vt 0.764187872 0.0830753446
v 1440 -116 288
vn 1 0 0
vt 0.764187872 0.0720674396
v 1440 -128 288
vn 1 0 0
vt 0.762720168 0.0720674396
v 1440 -195.199997 288
vn 1 0 0
vt 0.754500926 0.0720674396
f 593/593/593 592/592/592 591/591/591 590/590/590
v 1440 -308 339.200012
vn 1 0 0
vt 0.766144812 0.0830753446
v 1440 -116 339.200012
vn 1 0 0
vt 0.789628208 0.0830753446
v 1440 -195.199997 288
vn 1 0 0
vt 0.779941261 0.0720674396
v 1440 -262.399994 288
vn 1 0 0
vt 0.771722138 0.0720674396
v 1440 -308 288
vn 1 0 0
vt 0.766144812 0.0720674396
f 598/598/598 597/597/597 596/596/596 595/595/595 594/594/594
v 1440 12 339.200012
vn 1 0 0
vt 0.808526933 0.0863289237
v 1440 12 288
vn 1 0 0
vt 0.808526933 0.0688998103
v 1440 -116 288
vn 1 0 0
vt 0.793037236 0.0688998103
v 1440 -116 339.200012
vn 1 0 0
vt 0.793037236 0.0863289237
f 602/602/602 601/601/601 600/600/600 599/599/599
v 1440 -84 188.800003
vn 1 0 0
vt 0.589473307 0.191993475
v 1440 -84 256
vn 1 0 0
vt 0.589473307 0.214869261
v 1440 12 256
vn 1 0 0
vt 0.60109055 0.214869261
v 1440 12 160
vn 1 0 0
vt 0.60109055 0.182189524
v 1440 -84 160
vn 1 0 0
vt 0.589473307 0.182189524
f 607/607/607 606/606/606 605/605/605 604/604/604 603/603/603
v 1440 -351.78949 160
vn 1 0 0
vt 0.619061053 0.182189524
v 1440 -436 160
vn 1 0 0
vt 0.604347169 0.182189524
v 1440 -436 224
vn 1 0 0
vt 0.604347169 0.203976035
v 1440 -436 256
vn 1 0 0
vt 0.604347169 0.214869261
v 1440 -308 256
vn 1 0 0
vt 0.626712322 0.214869261
v 1440 -308 160
vn 1 0 0
vt 0.626712322 0.182189524
f 613/613/613 612/612/612 611/611/611 610/610/610 609/609/609 608/608/608
v 1440 -116 188.800003
vn 1 0 0
vt 0.632567585 0.191993475
v 1440 -116 160
vn 1 0 0
vt 0.632567585 0.182189524
v 1440 -128 160
vn 1 0 0
vt 0.631115437 0.182189524
v 1440 -128 256
vn 1 0 0
vt 0.631115437 0.214869261
v 1440 -116 256
vn 1 0 0
vt 0.632567585 0.214869261
f 618/618/618 617/617/617 616/616/616 615/615/615 614/614/614
v 1440 -471.200012 256
vn 1 0 0
vt 0.811504006 0.0841503143
v 1440 -436 256
vn 1 0 0
vt 0.817654431 0.0841503143
v 1440 -436 224
vn 1 0 0
vt 0.817654431 0.0732570291
f 621/621/621 620/620/620 619/619/619
v 1440 -480.799988 224
vn 1 0 0
vt 0.825482249 0.0732570291
v 1440 -500 224
vn 1 0 0
vt 0.822127461 0.0732570291
v 1440 -500 256
vn 1 0 0
vt 0.822127461 0.0841503143
v 1440 -471.200012 256
vn 1 0 0
vt 0.827159584 0.0841503143
v 1440 -436 224
vn 1 0 0
vt 0.833310008 0.0732570291
f 626/626/626 625/625/625 624/624/624 623/623/623 622/622/622
v 1440 -500 224
vn 1 0 0
vt 0.657743931 0.203976035
v 1440 -500 160
vn 1 0 0
vt 0.657743931 0.182189524
v 1440 -628 160
vn 1 0 0
vt 0.635378778 0.182189524
v 1440 -628 256
vn 1 0 0
vt 0.635378778 0.214869261
v 1440 -500 256
vn 1 0 0
vt 0.657743931 0.214869261
f 631/631/631 630/630/630 629/629/629 628/628/628 627/627/627
v 1440 -308 128
vn 1 0 0
vt 0.850293517 0.0487596393
v 1440 -128 128
vn 1 0 0
vt 0.829378664 0.0487596393
v 1440 -128 147.199997
vn 1 0 0
vt 0.829378664 0.0555332899
f 634/634/634 633/633/633 632/632/632
v 1440 -308 159.199997
vn 1 0 0
vt 0.858121336 0.0859105587
v 1440 -308 128
vn 1 0 0
vt 0.858121336 0.0749034286
v 1440 -128 147.199997
vn 1 0 0
vt 0.837206483 0.0816770792
v 1440 -128 160
vn 1 0 0
vt 0.837206483 0.0861927867
v 1440 -308 160
vn 1 0 0
vt 0.858121336 0.0861927867
f 639/639/639 638/638/638 637/637/637 636/636/636 635/635/635
v 1792 -596 160
vn 0 0 1
vt 0.838307261 0.0287581086
v 1792 -607.78949 160
vn 0 0 1
vt 0.838307261 0.0241829753
v 1664 -607.78949 160
vn 0 0 1
vt 0.824074864 0.0241829753
f 642/642/642 641/641/641 640/640/640
v 1664 -459.578949 160
vn 0 0 1
vt 0.375933975 0.957516313
v 1664 -372 160
vn 0 0 1
vt 0.375933975 0.991503298
v 1792 -372 160
vn 0 0 1
vt 0.390166342 0.991503298
v 1792 -596 160
vn 0 0 1
vt 0.390166342 0.904575169
v 1664 -607.78949 160
vn 0 0 1
vt 0.375933975 0.899999976
f 647/647/647 646/646/646 645/645/645 644/644/644 643/643/643
v 1792 -628 160
vn 0 0 1
vt 0.867661476 0.0424836874
v 1664 -628 160
vn 0 0 1
vt 0.853429079 0.0424836874
v 1664 -607.78949 160
vn 0 0 1
vt 0.853429079 0.0503267646
v 1792 -607.78949 160
vn 0 0 1
vt 0.867661476 0.0503267646
f 651/651/651 650/650/650 649/649/649 648/648/648
v 1664 -372 160
vn 0 0 1
vt 0.665562153 0.213725448
v 1664 -459.578949 160
vn 0 0 1
vt 0.665562153 0.179738581
v 1632 -459.578949 160
vn 0 0 1
vt 0.662004113 0.179738581
f 654/654/654 653/653/653 652/652/652
v 1632 -351.78949 160
vn 0 0 1
vt 0.393902332 0.94052285
v 1632 -223.789474 160
vn 0 0 1
vt 0.393902332 0.990196109
v 1664 -223.789474 160
vn 0 0 1
vt 0.397460401 0.990196109
v 1664 -372 160
vn 0 0 1
vt 0.397460401 0.932679772
v 1632 -459.578949 160
vn 0 0 1
vt 0.393902332 0.898692787
f 659/659/659 658/658/658 657/657/657 656/656/656 655/655/655
v 1632 12 160
vn 0 0 1
vt 0.675702691 0.323529422
v 1664 12 160
vn 0 0 1
vt 0.67926079 0.323529422
v 1664 -74.1538467 160
vn 0 0 1
vt 0.67926079 0.290095508
f 662/662/662 661/661/661 660/660/660
v 1664 -148 160
vn 0 0 1
vt 0.602939844 0.163398683
v 1664 -223.789474 160
vn 0 0 1
vt 0.602939844 0.13398695
v 1632 -223.789474 160
vn 0 0 1
vt 0.599381804 0.13398695
f 665/665/665 664/664/664 663/663/663
v 1632 -116 160
vn 0 0 1
vt 0.40173012 0.940522909
v 1632 12 160
vn 0 0 1
vt 0.40173012 0.990196109
v 1664 -74.1538467 160
vn 0 0 1
vt 0.40528819 0.956762195
v 1664 -148 160
vn 0 0 1
vt 0.40528819 0.928104579
v 1632 -223.789474 160
vn 0 0 1
vt 0.40173012 0.898692846
f 670/670/670 669/669/669 668/668/668 667/667/667 666/666/666
v 1664 -607.78949 160
vn 0 0 1
vt 0.874955535 0.0503267646
v 1664 -628 160
vn 0 0 1
vt 0.874955535 0.0424836874
v 1632 -628 160
vn 0 0 1
vt 0.871397436 0.0424836874
f 673/673/673 672/672/672 671/671/671
v 1632 -587.578979 160
vn 0 0 1
vt 0.276485503 0.424183011
v 1632 -459.578949 160
vn 0 0 1
vt 0.276485503 0.473856211
v 1664 -459.578949 160
vn 0 0 1
vt 0.280043572 0.473856211
v 1664 -607.78949 160
vn 0 0 1
vt 0.280043572 0.416339874
v 1632 -628 160
vn 0 0 1
vt 0.276485503 0.408496737
f 678/678/678 677/677/677 676/676/676 675/675/675 674/674/674
v 1632 -587.578979 160
vn 0 0 1
vt 0.652219355 0.345751643
v 1600 -587.578979 160
vn 0 0 1
vt 0.648661256 0.345751643
v 1600 -500 160
vn 0 0 1
vt 0.648661256 0.379738569
v 1632 -459.578949 160
vn 0 0 1
vt 0.652219355 0.395424843
f 682/682/682 681/681/681 680/680/680 679/679/679
v 1600 -436 160
vn 0 0 1
vt 0.284669101 0.437254906
v 1600 -351.78949 160
vn 0 0 1
vt 0.284669101 0.469934642
v 1632 -351.78949 160
vn 0 0 1
vt 0.288227171 0.469934642
v 1632 -459.578949 160
vn 0 0 1
vt 0.288227171 0.428104579
v 1600 -500 160
vn 0 0 1
vt 0.284669101 0.412418306
f 687/687/687 686/686/686 685/685/685 684/684/684 683/683/683
v 1632 -116 160
vn 0 0 1
vt 0.687444389 0.326143801
v 1632 -223.789474 160
vn 0 0 1
vt 0.687444389 0.284313738
v 1600 -116 160
vn 0 0 1
vt 0.683886349 0.326143801
f 690/690/690 689/689/689 688/688/688
v 1600 -223.789474 160
vn 0 0 1
vt 0.409913719 0.950980425
v 1600 -116 160
vn 0 0 1
vt 0.409913719 0.992810488
v 1632 -223.789474 160
vn 0 0 1
vt 0.413471788 0.950980425
v 1632 -351.78949 160
vn 0 0 1
vt 0.413471788 0.901307166
v 1600 -351.78949 160
vn 0 0 1
vt 0.409913719 0.901307166
f 695/695/695 694/694/694 693/693/693 692/692/692 691/691/691
v 1632 -628 160
vn 0 0 1
vt 0.865526617 0.0686274767
v 1600 -628 160
vn 0 0 1
vt 0.861968517 0.0686274767
v 1600 -587.578979 160
vn 0 0 1
vt 0.861968517 0.0843136907
v 1632 -587.578979 160
vn 0 0 1
vt 0.865526617 0.0843136907
f 699/699/699 698/698/698 697/697/697 696/696/696
v 1600 -223.789474 160
vn 0 0 1
vt 0.697584927 0.284313738
v 1536 -223.789474 160
vn 0 0 1
vt 0.690468729 0.284313738
v 1536 -116 160
vn 0 0 1
vt 0.690468729 0.326143801
v 1600 -116 160
vn 0 0 1
vt 0.697584927 0.326143801
f 703/703/703 702/702/702 701/701/701 700/700/700
v 1536 -84 160
vn 0 0 1
vt 0.782445252 0.430065393
v 1536 12 160
vn 0 0 1
vt 0.782445252 0.467320263
v 1600 12 160
vn 0 0 1
vt 0.78956145 0.467320263
v 1600 -116 160
vn 0 0 1
vt 0.78956145 0.417647064
v 1536 -116 160
vn 0 0 1
vt 0.782445252 0.417647064
f 708/708/708 707/707/707 706/706/706 705/705/705 704/704/704
v 1600 -223.789474 160
vn 0 0 1
vt 0.799346209 0.467320263
v 1600 -351.78949 160
vn 0 0 1
vt 0.799346209 0.417647064
v 1536 -223.789474 160
vn 0 0 1
vt 0.79223001 0.467320263
f 711/711/711 710/710/710 709/709/709
v 1536 -351.78949 160
vn 0 0 1
vt 0.410625339 0.620261431
v 1536 -223.789474 160
vn 0 0 1
vt 0.410625339 0.66993463
v 1600 -351.78949 160
vn 0 0 1
vt 0.417741507 0.620261431
v 1600 -436 160
vn 0 0 1
vt 0.417741507 0.587581754
v 1536 -436 160
vn 0 0 1
vt 0.410625339 0.587581754
f 716/716/716 715/715/715 714/714/714 713/713/713 712/712/712
v 1440 12 160
vn 0 0 1
vt 0.701320946 0.323529422
v 1536 12 160
vn 0 0 1
vt 0.711995184 0.323529422
v 1536 -84 160
vn 0 0 1
vt 0.711995184 0.286274552
v 1440 -84 160
vn 0 0 1
vt 0.701320946 0.286274552
f 720/720/720 719/719/719 718/718/718 717/717/717
v 1440 -351.78949 160
vn 0 0 1
vt 0.869618416 0.071241796
v 1440 -308 160
vn 0 0 1
vt 0.869618416 0.0882353187
v 1536 -351.78949 160
vn 0 0 1
vt 0.880292594 0.071241796
f 723/723/723 722/722/722 721/721/721
v 1440 -128 160
vn 0 0 1
vt 0.879403114 0.0469771028
v 1440 -116 160
vn 0 0 1
vt 0.879403114 0.051633954
v 1536 -116 160
vn 0 0 1
vt 0.890077353 0.051633954
f 726/726/726 725/725/725 724/724/724
v 1536 -223.789474 160
vn 0 0 1
vt 0.428237855 0.950980425
v 1536 -351.78949 160
vn 0 0 1
vt 0.428237855 0.901307166
v 1440 -308 160
vn 0 0 1
vt 0.417563587 0.918300629
v 1440 -128 160
vn 0 0 1
vt 0.417563587 0.988153577
v 1536 -116 160
vn 0 0 1
vt 0.428237855 0.992810488
f 731/731/731 730/730/730 729/729/729 728/728/728 727/727/727
v 1440 -351.78949 160
vn 0 0 1
vt 0.670009792 0.215032697
v 1536 -351.78949 160
vn 0 0 1
vt 0.68068403 0.215032697
v 1536 -436 160
vn 0 0 1
vt 0.68068403 0.18235296
v 1440 -436 160
vn 0 0 1
vt 0.670009792 0.18235296
f 735/735/735 734/734/734 733/733/733 732/732/732
v 1568 -628 160
vn 0 0 1
vt 0.670543492 0.343137264
v 1440 -628 160
vn 0 0 1
vt 0.656311154 0.343137264
v 1440 -500 160
vn 0 0 1
vt 0.656311154 0.392810464
v 1600 -500 160
vn 0 0 1
vt 0.674101591 0.392810464
v 1600 -587.578979 160
vn 0 0 1
vt 0.674101591 0.358823538
v 1600 -628 160
vn 0 0 1
vt 0.674101591 0.343137264
f 741/741/741 740/740/740 739/739/739 738/738/738 737/737/737 736/736/736
v 1664 12 256
vn 0 1 0
vt 0.676125228 0.365837991
v 1664 12 339.200012
vn 0 1 0
vt 0.676125228 0.390114367
v 1792 12 339.200012
vn 0 1 0
vt 0.691780806 0.390114367
v 1792 12 192
vn 0 1 0
vt 0.691780806 0.347163856
v 1664 12 192
vn 0 1 0
vt 0.676125228 0.347163856
f 746/746/746 745/745/745 744/744/744 743/743/743 742/742/742
v 1664 12 339.200012
vn 0 1 0
vt 0.60958904 0.161356211
v 1664 12 256
vn 0 1 0
vt 0.60958904 0.137079895
v 1632 12 256
vn 0 1 0
vt 0.605675161 0.137079895
f 749/749/749 748/748/748 747/747/747
v 1600 12 256
vn 0 1 0
vt 0.631115437 0.137079895
v 1440 12 256
vn 0 1 0
vt 0.61154598 0.137079895
v 1440 12 288
vn 0 1 0
vt 0.61154598 0.146416962
v 1440 12 339.200012
vn 0 1 0
vt 0.61154598 0.161356211
v 1664 12 339.200012
vn 0 1 0
vt 0.638943255 0.161356211
v 1632 12 256
vn 0 1 0
vt 0.635029376 0.137079895
f 755/755/755 754/754/754 753/753/753 752/752/752 751/751/751 750/750/750
v 1632 12 256
vn 0 1 0
vt 0.948140919 0.163223565
v 1664 12 256
vn 0 1 0
vt 0.952054799 0.163223565
v 1664 12 192
vn 0 1 0
vt 0.952054799 0.144549489
f 758/758/758 757/757/757 756/756/756
v 1632 12 188.800003
vn 0 1 0
vt 0.640900195 0.143615842
v 1632 12 256
vn 0 1 0
vt 0.640900195 0.163223565
v 1664 12 192
vn 0 1 0
vt 0.644814074 0.144549489
v 1664 12 160
vn 0 1 0
vt 0.644814074 0.135212421
v 1632 12 160
vn 0 1 0
vt 0.640900195 0.135212421
f 763/763/763 762/762/762 761/761/761 760/760/760 759/759/759
v 1536 12 160
vn 0 1 0
vt 0.658512712 0.135212421
v 1440 12 160
vn 0 1 0
vt 0.646771014 0.135212421
v 1440 12 256
vn 0 1 0
vt 0.646771014 0.163223565
v 1600 12 256
vn 0 1 0
vt 0.66634053 0.163223565
v 1600 12 188.800003
vn 0 1 0
vt 0.66634053 0.143615842
v 1600 12 160
vn 0 1 0
vt 0.66634053 0.135212421
f 769/769/769 768/768/768 767/767/767 766/766/766 765/765/765 764/764/764
v 1568 -628 160
vn 0 1 0
vt 0.805283785 0.416258156
v 1600 -628 160
vn 0 1 0
vt 0.801369846 0.416258156
v 1568 -628 339.200012
vn 0 1 0
vt 0.805283785 0.468545735
f 772/772/772 771/771/771 770/770/770
v 1792 -628 192
vn 0 1 0
vt 0.693737745 0.347163856
v 1792 -628 339.200012
vn 0 1 0
vt 0.693737745 0.390114367
v 1664 -628 339.200012
vn 0 1 0
vt 0.709393322 0.390114367
f 775/775/775 774/774/774 773/773/773
v 1664 -628 160
vn 0 1 0
vt 0.909001946 0.0437091589
v 1792 -628 160
vn 0 1 0
vt 0.893346369 0.0437091589
v 1792 -628 192
vn 0 1 0
vt 0.893346369 0.0530462265
f 778/778/778 777/777/777 776/776/776
v 1632 -628 160
vn 0 1 0
vt 0.826810181 0.416258156
v 1664 -628 160
vn 0 1 0
vt 0.822896302 0.416258156
v 1792 -628 192
vn 0 1 0
vt 0.807240725 0.425595224
v 1664 -628 339.200012
vn 0 1 0
vt 0.822896302 0.468545735
v 1568 -628 339.200012
vn 0 1 0
vt 0.83463794 0.468545735
v 1600 -628 160
vn 0 1 0
vt 0.830724061 0.416258156
f 784/784/784 783/783/783 782/782/782 781/781/781 780/780/780 779/779/779
v 1440 -628 256
vn 0 1 0
vt 0.852250516 0.444269359
v 1440 -628 160
vn 0 1 0
vt 0.852250516 0.416258156
v 1568 -628 160
vn 0 1 0
vt 0.836594939 0.416258156
v 1568 -628 339.200012
vn 0 1 0
vt 0.836594939 0.468545735
v 1440 -628 339.200012
vn 0 1 0
vt 0.852250516 0.468545735
f 789/789/789 788/788/788 787/787/787 786/786/786 785/785/785
v 1664 -192.800003 185.600006
vn 1 0 0
vt 0.889041066 0.0849673152
v 1664 -372 160
vn 1 0 0
vt 0.910958886 0.0718954206
v 1664 -223.789474 160
vn 1 0 0
vt 0.892831385 0.0718954206
v 1664 -148 160
vn 1 0 0
vt 0.883561671 0.0718954206
v 1664 -148 192
vn 1 0 0
vt 0.883561671 0.0882353187
f 794/794/794 793/793/793 792/792/792 791/791/791 790/790/790
v 1664 12 160
vn 1 0 0
vt 0.912915826 0.0424836874
v 1664 12 192
vn 1 0 0
vt 0.912915826 0.055555582
v 1664 -74.1538467 192
vn 1 0 0
vt 0.940313101 0.055555582
v 1664 -74.1538467 160
vn 1 0 0
vt 0.940313101 0.0424836874
f 798/798/798 797/797/797 796/796/796 795/795/795
v 1664 -148 160
vn 1 0 0
vt 0.967710376 0.0424836874
v 1664 -74.1538467 160
vn 1 0 0
vt 0.94422698 0.0424836874
v 1664 -74.1538467 192
vn 1 0 0
vt 0.94422698 0.055555582
v 1664 -148 192
vn 1 0 0
vt 0.967710376 0.055555582
f 802/802/802 801/801/801 800/800/800 799/799/799
v 1664 12 192
vn 0 0 1
vt 0.431506842 0.990196109
v 1792 12 192
vn 0 0 1
vt 0.44716242 0.990196109
v 1792 -74.1538467 192
vn 0 0 1
vt 0.44716242 0.898692846
v 1664 -74.1538467 192
vn 0 0 1
vt 0.431506842 0.898692846
f 806/806/806 805/805/805 804/804/804 803/803/803
v 1664 -74.1538467 192
vn 0 0 1
vt 0.359099805 0.565359473
v 1792 -74.1538467 192
vn 0 0 1
vt 0.374755383 0.565359473
v 1792 -148 192
vn 0 0 1
vt 0.374755383 0.486928105
v 1664 -148 192
vn 0 0 1
vt 0.359099805 0.486928105
f 810/810/810 809/809/809 808/808/808 807/807/807
v 1792 -436 192
vn 1 0 0
vt 0.719178081 0.347163856
v 1792 -372 192
vn 1 0 0
vt 0.711350322 0.347163856
v 1792 -436 339.200012
vn 1 0 0
vt 0.719178081 0.390114367
f 813/813/813 812/812/812 811/811/811
v 1792 -316.533325 339.200012
vn 1 0 0
vt 0.733920395 0.390114367
v 1792 -436 339.200012
vn 1 0 0
vt 0.748532295 0.390114367
v 1792 -372 192
vn 1 0 0
vt 0.740704477 0.347163856
v 1792 -212 192
vn 1 0 0
vt 0.72113502 0.347163856
v 1792 -212 339.200012
vn 1 0 0
vt 0.72113502 0.390114367
f 818/818/818 817/817/817 816/816/816 815/815/815 814/814/814
v 1792 -74.1538467 192
vn 1 0 0
vt 0.761026621 0.347163856
v 1792 12 192
vn 1 0 0
vt 0.750489235 0.347163856
v 1792 12 339.200012
vn 1 0 0
vt 0.750489235 0.390114367
f 821/821/821 820/820/820 819/819/819
v 1792 -212 339.200012
vn 1 0 0
vt 0.791585147 0.390114367
v 1792 -212 192
vn 1 0 0
vt 0.791585147 0.347163856
v 1792 -148 192
vn 1 0 0
vt 0.783757329 0.347163856
v 1792 -74.1538467 192
vn 1 0 0
vt 0.774725258 0.347163856
v 1792 12 339.200012
vn 1 0 0
vt 0.764187872 0.390114367
f 826/826/826 825/825/825 824/824/824 823/823/823 822/822/822
v 1792 -596 192
vn 1 0 0
vt 0.813111544 0.347163856
v 1792 -436 192
vn 1 0 0
vt 0.793542087 0.347163856
v 1792 -436 339.200012
vn 1 0 0
vt 0.793542087 0.390114367
v 1792 -628 339.200012
vn 1 0 0
vt 0.817025423 0.390114367
v 1792 -628 192
vn 1 0 0
vt 0.817025423 0.347163856
f 831/831/831 830/830/830 829/829/829 828/828/828 827/827/827
v 1792 -212 339.200012
vn 0 0 1
vt 0.449119359 0.927881777
v 1792 12 339.200012
vn 0 0 1
vt 0.449119359 0.990270376
v 1664 12 339.200012
vn 0 0 1
vt 0.464774936 0.990270376
v 1664 -316.533325 339.200012
vn 0 0 1
vt 0.464774936 0.898767114
v 1792 -316.533325 339.200012
vn 0 0 1
vt 0.449119359 0.898767114
f 836/836/836 835/835/835 834/834/834 833/833/833 832/832/832
v 1792 -436 339.200012
vn 0 0 1
vt 0.466731906 0.956996441
v 1792 -316.533325 339.200012
vn 0 0 1
vt 0.466731906 0.990270376
v 1664 -316.533325 339.200012
vn 0 0 1
vt 0.482387483 0.990270376
v 1664 -628 339.200012
vn 0 0 1
vt 0.482387483 0.903520465
v 1792 -628 339.200012
vn 0 0 1
vt 0.466731906 0.903520465
f 841/841/841 840/840/840 839/839/839 838/838/838 837/837/837
v 1670 6 192
vn 1 0 0
vt 0.292367905 0.473856211
v 1670 6 339.200012
vn 1 0 0
vt 0.292367905 0.413725495
v 1670 12 339.200012
vn 1 0 0
vt 0.291780829 0.413725495
v 1670 12 192
vn 1 0 0
vt 0.291780829 0.473856211
f 845/845/845 844/844/844 843/843/843 842/842/842
v 1670 6 339.200012
vn 1 0 0
vt 0.296281785 0.413725495
v 1670 6 192
vn 1 0 0
vt 0.296281785 0.473856211
v 1670 12 192
vn 1 0 0
vt 0.295694739 0.473856211
v 1670 12 339.200012
vn 1 0 0
vt 0.295694739 0.413725495
f 849/849/849 848/848/848 847/847/847 846/846/846
v 1670 6 192
vn 0 1 0
vt 0.300146759 0.473856211
v 1792 6 192
vn 0 1 0
vt 0.315068483 0.473856211
v 1792 6 339.200012
vn 0 1 0
vt 0.315068483 0.413725495
v 1670 6 339.200012
vn 0 1 0
vt 0.300146759 0.413725495
f 853/853/853 852/852/852 851/851/851 850/850/850
v 1792 6 192
vn 0 1 0
vt 0.33463797 0.473856211
v 1670 6 192
vn 0 1 0
vt 0.319716245 0.473856211
v 1670 6 339.200012
vn 0 1 0
vt 0.319716245 0.413725495
v 1792 6 339.200012
vn 0 1 0
vt 0.33463797 0.413725495
f 857/857/857 856/856/856 855/855/855 854/854/854
v 1792 -436 192
vn 1 0 0
vt 0.977495134 0.0530462265
v 1792 -596 192
vn 1 0 0
vt 0.99706459 0.0530462265
v 1792 -596 160
vn 1 0 0
vt 0.99706459 0.0437091589
v 1792 -372 160
vn 1 0 0
vt 0.969667315 0.0437091589
v 1792 -372 192
vn 1 0 0
vt 0.969667315 0.0530462265
f 862/862/862 861/861/861 860/860/860 859/859/859 858/858/858
v 1792 -212 192
vn 1 0 0
vt 0.00880626217 0.0269024372
v 1792 -372 192
vn 1 0 0
vt 0.0283757336 0.0269024372
v 1792 -372 160
vn 1 0 0
vt 0.0283757336 0.0175653696
v 1792 -192.800003 185.600006
vn 1 0 0
vt 0.00645792624 0.0250349641
v 1792 -148 192
vn 1 0 0
vt 0.000978473574 0.0269024372
f 867/867/867 866/866/866 865/865/865 864/864/864 863/863/863
v 1792 -607.78949 160
vn 1 0 0
vt 0.0317746438 0.0175653696
v 1792 -596 160
vn 1 0 0
vt 0.0303326808 0.0175653696
v 1792 -596 192
vn 1 0 0
vt 0.0303326808 0.0269024372
v 1792 -628 192
vn 1 0 0
vt 0.0342465751 0.0269024372
v 1792 -628 160
vn 1 0 0
vt 0.0342465751 0.0175653696
f 872/872/872 871/871/871 870/870/870 869/869/869 868/868/868
v 1664 -372 160
vn 0 -0.141421363 0.989949465
vt 0.484344423 0.995506525
v 1664 -192.800003 185.600006
vn 0 -0.141421363 0.989949465
vt 0.484344423 0.904003263
v 1792 -192.800003 185.600006
vn 0 -0.141421363 0.989949465
vt 0.5 0.904003263
v 1792 -372 160
vn 0 -0.141421363 0.989949465
vt 0.5 0.995506525
f 876/876/876 875/875/875 874/874/874 873/873/873
v 1664 -148 192
vn 0 -0.141421363 0.989949465
vt 0.954011738 0.14256537
v 1792 -148 192
vn 0 -0.141421363 0.989949465
vt 0.969667315 0.14256537
v 1792 -192.800003 185.600006
vn 0 -0.141421363 0.989949465
vt 0.969667315 0.165441155
v 1664 -192.800003 185.600006
vn 0 -0.141421363 0.989949465
vt 0.954011738 0.165441155
f 880/880/880 879/879/879 878/878/878 877/877/877
v 1536 -106.400002 256
vn 0 0 1
vt 0.513698637 0.903594792
v 1440 -106.400002 256
vn 0 0 1
vt 0.50195694 0.903594792
v 1440 -84 256
vn 0 0 1
vt 0.50195694 0.995098054
v 1536 -84 256
vn 0 0 1
vt 0.513698637 0.995098054
f 884/884/884 883/883/883 882/882/882 881/881/881
v 1536 -116 256
vn 0 0 1
vt 0.727005899 0.289215684
v 1440 -116 256
vn 0 0 1
vt 0.715264201 0.289215684
v 1440 -106.400002 256
vn 0 0 1
vt 0.715264201 0.328431368
v 1536 -106.400002 256
vn 0 0 1
vt 0.727005899 0.328431368
f 888/888/888 887/887/887 886/886/886 885/885/885
v 1632 -100 256
vn 0 0 1
vt 0.519569457 0.903594792
v 1600 -100 256
vn 0 0 1
vt 0.515655577 0.903594792
v 1600 -77.5999985 256
vn 0 0 1
vt 0.515655577 0.995098054
v 1632 -77.5999985 256
vn 0 0 1
vt 0.519569457 0.995098054
f 892/892/892 891/891/891 890/890/890 889/889/889
v 1632 -77.5999985 256
vn 0 0 1
vt 0.525440335 0.903594792
v 1600 -77.5999985 256
vn 0 0 1
vt 0.521526396 0.903594792
v 1600 -55.2000008 256
vn 0 0 1
vt 0.521526396 0.995098054
v 1632 -55.2000008 256
vn 0 0 1
vt 0.525440335 0.995098054
f 896/896/896 895/895/895 894/894/894 893/893/893
v 1632 -55.2000008 256
vn 0 0 1
vt 0.531311154 0.903594792
v 1600 -55.2000008 256
vn 0 0 1
vt 0.527397275 0.903594792
v 1600 -32.7999992 256
vn 0 0 1
vt 0.527397275 0.995098054
v 1632 -32.7999992 256
vn 0 0 1
vt 0.531311154 0.995098054
f 900/900/900 899/899/899 898/898/898 897/897/897
v 1632 -32.7999992 256
vn 0 0 1
vt 0.537181973 0.903594792
v 1600 -32.7999992 256
vn 0 0 1
vt 0.533268094 0.903594792
v 1600 -10.3999996 256
vn 0 0 1
vt 0.533268094 0.995098054
v 1632 -10.3999996 256
vn 0 0 1
vt 0.537181973 0.995098054
f 904/904/904 903/903/903 902/902/902 901/901/901
v 1632 12 256
vn 0 0 1
vt 0.543052852 0.995098054
v 1632 -10.3999996 256
vn 0 0 1
vt 0.543052852 0.903594792
v 1600 -10.3999996 256
vn 0 0 1
vt 0.539138973 0.903594792
v 1600 12 256
vn 0 0 1
vt 0.539138973 0.995098054
f 908/908/908 907/907/907 906/906/906 905/905/905
v 1632 -116 256
vn 0 0 1
vt 0.862035215 0.504902005
v 1600 -116 256
vn 0 0 1
vt 0.858121336 0.504902005
v 1600 -100 256
vn 0 0 1
vt 0.858121336 0.570261478
v 1632 -100 256
vn 0 0 1
vt 0.862035215 0.570261478
f 912/912/912 911/911/911 910/910/910 909/909/909
v 1664 -316.533325 339.200012
vn 0 0 1
vt 0.840508819 0.0229501128
v 1440 -308 339.200012
vn 0 0 1
vt 0.867906094 0.0253267884
v 1440 -316.533325 339.200012
vn 0 0 1
vt 0.867906094 0.0229501128
f 915/915/915 914/914/914 913/913/913
v 1440 -116 339.200012
vn 0 0 1
vt 0.572407067 0.954619706
v 1440 -308 339.200012
vn 0 0 1
vt 0.572407067 0.901143789
v 1664 -316.533325 339.200012
vn 0 0 1
vt 0.545009792 0.898767114
v 1664 12 339.200012
vn 0 0 1
vt 0.545009792 0.990270376
v 1440 12 339.200012
vn 0 0 1
vt 0.572407067 0.990270376
f 920/920/920 919/919/919 918/918/918 917/917/917 916/916/916
v 1440 -471.200012 339.200012
vn 0 0 1
vt 0.601761281 0.94719249
v 1440 -628 339.200012
vn 0 0 1
vt 0.601761281 0.903520465
v 1568 -628 339.200012
vn 0 0 1
vt 0.586105704 0.903520465
v 1664 -628 339.200012
vn 0 0 1
vt 0.574364007 0.903520465
v 1664 -316.533325 339.200012
vn 0 0 1
vt 0.574364007 0.990270376
v 1440 -316.533325 339.200012
vn 0 0 1
vt 0.601761281 0.990270376
f 926/926/926 925/925/925 924/924/924 923/923/923 922/922/922 921/921/921
v 1600 -480.799988 224
vn 1 0 0
vt 0.339921713 0.473856211
v 1600 -436 224
vn 1 0 0
vt 0.345401168 0.473856211
v 1600 -436 160
vn 1 0 0
vt 0.345401168 0.408496737
v 1600 -500 160
vn 1 0 0
vt 0.337573379 0.408496737
v 1600 -500 224
vn 1 0 0
vt 0.337573379 0.473856211
f 931/931/931 930/930/930 929/929/929 928/928/928 927/927/927
v 1600 12 188.800003
vn 1 0 0
vt 0.603718221 0.901143789
v 1600 12 256
vn 1 0 0
vt 0.603718221 0.992647052
v 1600 -10.3999996 256
vn 1 0 0
vt 0.606457889 0.992647052
v 1600 -32.7999992 256
vn 1 0 0
vt 0.609197617 0.992647052
v 1600 -55.2000008 256
vn 1 0 0
vt 0.611937404 0.992647052
f 936/936/936 935/935/935 934/934/934 933/933/933 932/932/932
v 1600 -116 188.800003
vn 1 0 0
vt 0.631115437 0.901143789
v 1600 12 188.800003
vn 1 0 0
vt 0.615459859 0.901143789
v 1600 -55.2000008 256
vn 1 0 0
vt 0.623679101 0.992647052
v 1600 -77.5999985 256
vn 1 0 0
vt 0.626418769 0.992647052
v 1600 -100 256
vn 1 0 0
vt 0.629158497 0.992647052
v 1600 -116 256
vn 1 0 0
vt 0.631115437 0.992647052
f 942/942/942 941/941/941 940/940/940 939/939/939 938/938/938 937/937/937
v 1600 12 160
vn 1 0 0
vt 0.728962839 0.286764681
v 1600 12 188.800003
vn 1 0 0
vt 0.728962839 0.325980365
v 1600 -116 188.800003
vn 1 0 0
vt 0.744618416 0.325980365
v 1600 -116 160
vn 1 0 0
vt 0.744618416 0.286764681
f 946/946/946 945/945/945 944/944/944 943/943/943
v 1632 12 188.800003
vn 1 0 0
vt 0.642857134 0.901143789
v 1632 -55.2000008 256
vn 1 0 0
vt 0.634637952 0.992647052
v 1632 -32.7999992 256
vn 1 0 0
vt 0.637377739 0.992647052
v 1632 -10.3999996 256
vn 1 0 0
vt 0.640117407 0.992647052
v 1632 12 256
vn 1 0 0
vt 0.642857134 0.992647052
f 951/951/951 950/950/950 949/949/949 948/948/948 947/947/947
v 1632 -116 188.800003
vn 1 0 0
vt 0.644814074 0.901143789
v 1632 -116 256
vn 1 0 0
vt 0.644814074 0.992647052
v 1632 -100 256
vn 1 0 0
vt 0.646771014 0.992647052
v 1632 -77.5999985 256
vn 1 0 0
vt 0.649510741 0.992647052
v 1632 -55.2000008 256
vn 1 0 0
vt 0.652250469 0.992647052
v 1632 12 188.800003
vn 1 0 0
vt 0.660469651 0.901143789
f 957/957/957 956/956/956 955/955/955 954/954/954 953/953/953 952/952/952
v 1632 12 160
vn 1 0 0
vt 0.762230933 0.286764681
v 1632 -116 160
vn 1 0 0
vt 0.746575356 0.286764681
v 1632 -116 188.800003
vn 1 0 0
vt 0.746575356 0.325980365
v 1632 12 188.800003
vn 1 0 0
vt 0.762230933 0.325980365
f 961/961/961 960/960/960 959/959/959 958/958/958
v 1632 -116 188.800003
vn 0 1 0
vt 0.66634053 0.901143789
v 1600 -116 188.800003
vn 0 1 0
vt 0.662426591 0.901143789
v 1600 -116 256
vn 0 1 0
vt 0.662426591 0.992647052
v 1632 -116 256
vn 0 1 0
vt 0.66634053 0.992647052
f 965/965/965 964/964/964 963/963/963 962/962/962
v 1632 -116 160
vn 0 1 0
vt 0.768101752 0.286764681
v 1600 -116 160
vn 0 1 0
vt 0.764187872 0.286764681
v 1600 -116 188.800003
vn 0 1 0
vt 0.764187872 0.325980365
v 1632 -116 188.800003
vn 0 1 0
vt 0.768101752 0.325980365
f 969/969/969 968/968/968 967/967/967 966/966/966
v 1536 -436 160
vn 0 1 0
vt 0.355185896 0.408496737
v 1600 -436 160
vn 0 1 0
vt 0.347358108 0.408496737
v 1600 -436 224
vn 0 1 0
vt 0.347358108 0.473856211
v 1440 -436 224
vn 0 1 0
vt 0.366927594 0.473856211
v 1440 -436 160
vn 0 1 0
vt 0.366927594 0.408496737
f 974/974/974 973/973/973 972/972/972 971/971/971 970/970/970
v 1536 -106.400002 256
vn 1 0 0
vt 0.669471622 0.992647052
v 1536 -84 256
vn 1 0 0
vt 0.672211349 0.992647052
v 1536 -84 188.800003
vn 1 0 0
vt 0.672211349 0.901143789
v 1536 -116 188.800003
vn 1 0 0
vt 0.66829747 0.901143789
v 1536 -116 256
vn 1 0 0
vt 0.66829747 0.992647052
f 979/979/979 978/978/978 977/977/977 976/976/976 975/975/975
v 1536 -84 160
vn 1 0 0
vt 0.773972631 0.286764681
v 1536 -116 160
vn 1 0 0
vt 0.770058692 0.286764681
v 1536 -116 188.800003
vn 1 0 0
vt 0.770058692 0.325980365
v 1536 -84 188.800003
vn 1 0 0
vt 0.773972631 0.325980365
f 983/983/983 982/982/982 981/981/981 980/980/980
v 1536 -116 256
vn 0 1 0
vt 0.685909986 0.992647052
v 1536 -116 188.800003
vn 0 1 0
vt 0.685909986 0.901143789
v 1440 -116 188.800003
vn 0 1 0
vt 0.674168289 0.901143789
v 1440 -116 256
vn 0 1 0
vt 0.674168289 0.992647052
f 987/987/987 986/986/986 985/985/985 984/984/984
v 1536 -116 160
vn 0 1 0
vt 0.787671208 0.286764681
v 1440 -116 160
vn 0 1 0
vt 0.77592957 0.286764681
v 1440 -116 188.800003
vn 0 1 0
vt 0.77592957 0.325980365
v 1536 -116 188.800003
vn 0 1 0
vt 0.787671208 0.325980365
f 991/991/991 990/990/990 989/989/989 988/988/988
v 1536 -84 256
vn 0 1 0
vt 0.687866926 0.992647052
v 1440 -84 256
vn 0 1 0
vt 0.699608624 0.992647052
v 1440 -84 188.800003
vn 0 1 0
vt 0.699608624 0.901143789
v 1536 -84 188.800003
vn 0 1 0
vt 0.687866926 0.901143789
f 995/995/995 994/994/994 993/993/993 992/992/992
v 1536 -84 160
vn 0 1 0
vt 0.789628208 0.286764681
v 1536 -84 188.800003
vn 0 1 0
vt 0.789628208 0.325980365
v 1440 -84 188.800003
vn 0 1 0
vt 0.801369846 0.325980365
v 1440 -84 160
vn 0 1 0
vt 0.801369846 0.286764681
f 999/999/999 998/998/998 997/997/997 996/996/996
v 1600 -500 224
vn 0 1 0
vt 0.38845402 0.473856211
v 1600 -500 160
vn 0 1 0
vt 0.38845402 0.408496737
v 1440 -500 160
vn 0 1 0
vt 0.368884534 0.408496737
v 1440 -500 224
vn 0 1 0
vt 0.368884534 0.473856211
f 1003/1003/1003 1002/1002/1002 1001/1001/1001 1000/1000/1000
v 1440 -436 224
vn 0 0 1
vt 0.419765174 0.676470578
v 1600 -436 224
vn 0 0 1
vt 0.439334631 0.676470578
v 1600 -480.799988 224
vn 0 0 1
vt 0.439334631 0.584967315
v 1440 -480.799988 224
vn 0 0 1
vt 0.419765174 0.584967315
f 1007/1007/1007 1006/1006/1006 1005/1005/1005 1004/1004/1004
v 1440 -500 224
vn 0 0 1
vt 0.683953047 0.179738581
v 1440 -480.799988 224
vn 0 0 1
vt 0.683953047 0.218954265
v 1600 -480.799988 224
vn 0 0 1
vt 0.703522503 0.218954265
v 1600 -500 224
vn 0 0 1
vt 0.703522503 0.179738581
f 1011/1011/1011 1010/1010/1010 1009/1009/1009 1008/1008/1008
v 1408 -148 864
vn 0 0 1
vt 0.0362035222 0.0163398981
v 1408 -116 864
vn 0 0 1
vt 0.0362035222 0.0294117928
v 1344 -148 864
vn 0 0 1
vt 0.0440313108 0.0163398981
f 1014/1014/1014 1013/1013/1013 1012/1012/1012
v 1408 66.4000168 864
vn 0 0 1
vt 0.869863033 0.0254901648
v 1408 76 864
vn 0 0 1
vt 0.869863033 0.0294117928
v 1344 76 864
vn 0 0 1
vt 0.877690792 0.0294117928
f 1017/1017/1017 1016/1016/1016 1015/1015/1015
v 1344 12 864
vn 0 0 1
vt 0.449119359 0.650326788
v 1344 -148 864
vn 0 0 1
vt 0.449119359 0.584967315
v 1408 -116 864
vn 0 0 1
vt 0.441291571 0.59803921
v 1408 66.4000168 864
vn 0 0 1
vt 0.441291571 0.672549009
v 1344 76 864
vn 0 0 1
vt 0.449119359 0.676470578
f 1022/1022/1022 1021/1021/1021 1020/1020/1020 1019/1019/1019 1018/1018/1018
v 1408 76 864
vn 0 0 1
vt 0.045988258 0.0163398981
v 1344 105.72583 864
vn 0 0 1
vt 0.0538160466 0.0284827948
v 1344 76 864
vn 0 0 1
vt 0.0538160466 0.0163398981
f 1025/1025/1025 1024/1024/1024 1023/1023/1023
v 1408 292.800018 864
vn 0 0 1
vt 0.879647732 0.0264706016
v 1408 300 864
vn 0 0 1
vt 0.879647732 0.0294117928
v 1344 300 864
vn 0 0 1
vt 0.88747555 0.0294117928
f 1028/1028/1028 1027/1027/1027 1026/1026/1026
v 1344 238.27417 864
vn 0 0 1
vt 0.458904117 0.651255786
v 1344 105.72583 864
vn 0 0 1
vt 0.458904117 0.597110212
v 1408 76 864
vn 0 0 1
vt 0.451076329 0.584967315
v 1408 292.800018 864
vn 0 0 1
vt 0.451076329 0.673529446
v 1344 300 864
vn 0 0 1
vt 0.458904117 0.676470578
f 1033/1033/1033 1032/1032/1032 1031/1031/1031 1030/1030/1030 1029/1029/1029
v 1408 519.200012 864
vn 0 0 1
vt 0.88943249 0.0274509788
v 1408 524 864
vn 0 0 1
vt 0.88943249 0.0294117928
v 1344 524 864
vn 0 0 1
vt 0.897260249 0.0294117928
f 1036/1036/1036 1035/1035/1035 1034/1034/1034
v 1344 332 864
vn 0 0 1
vt 0.468688846 0.59803921
v 1344 300 864
vn 0 0 1
vt 0.468688846 0.584967315
v 1408 300 864
vn 0 0 1
vt 0.460861057 0.584967315
v 1408 519.200012 864
vn 0 0 1
vt 0.460861057 0.674509823
v 1344 524 864
vn 0 0 1
vt 0.468688846 0.676470578
f 1041/1041/1041 1040/1040/1040 1039/1039/1039 1038/1038/1038 1037/1037/1037
v 1408 745.599976 864
vn 0 0 1
vt 0.470645785 0.675490201
v 1408 748 864
vn 0 0 1
vt 0.470645785 0.676470578
v 1344 748 864
vn 0 0 1
vt 0.478473574 0.676470578
v 1344 524 864
vn 0 0 1
vt 0.478473574 0.584967315
v 1408 524 864
vn 0 0 1
vt 0.470645785 0.584967315
f 1046/1046/1046 1045/1045/1045 1044/1044/1044 1043/1043/1043 1042/1042/1042
v 1408 972 864
vn 0 0 1
vt 0.480430514 0.676470578
v 1344 972 864
vn 0 0 1
vt 0.488258302 0.676470578
v 1344 748 864
vn 0 0 1
vt 0.488258302 0.584967315
v 1408 748 864
vn 0 0 1
vt 0.480430514 0.584967315
f 1050/1050/1050 1049/1049/1049 1048/1048/1048 1047/1047/1047
v 1344 -372 864
vn 0 0 1
vt 0.979452074 0.140522897
v 1408 -372 864
vn 0 0 1
vt 0.971624255 0.140522897
v 1408 -308 864
vn 0 0 1
vt 0.971624255 0.166666687
f 1053/1053/1053 1052/1052/1052 1051/1051/1051
v 1344 -212 864
vn 0 0 1
vt 0.49804306 0.650326788
v 1344 -372 864
vn 0 0 1
vt 0.49804306 0.584967315
v 1408 -308 864
vn 0 0 1
vt 0.490215272 0.611111104
v 1408 -148 864
vn 0 0 1
vt 0.490215272 0.676470578
v 1344 -148 864
vn 0 0 1
vt 0.49804306 0.676470578
f 1058/1058/1058 1057/1057/1057 1056/1056/1056 1055/1055/1055 1054/1054/1054
v 1024 652 864
vn 0 0 1
vt 0.511741698 0.637254894
v 1024 524 864
vn 0 0 1
vt 0.511741698 0.584967315
v 1120 524 864
vn 0 0 1
vt 0.5 0.584967315
v 1120 748 864
vn 0 0 1
vt 0.5 0.676470578
v 1024 748 864
vn 0 0 1
vt 0.511741698 0.676470578
f 1063/1063/1063 1062/1062/1062 1061/1061/1061 1060/1060/1060 1059/1059/1059
v 1344 748 864
vn 0 0 1
vt 0.513698637 0.676470578
v 1120 748 864
vn 0 0 1
vt 0.541095912 0.676470578
v 1120 524 864
vn 0 0 1
vt 0.541095912 0.584967315
v 1344 524 864
vn 0 0 1
vt 0.513698637 0.584967315
f 1067/1067/1067 1066/1066/1066 1065/1065/1065 1064/1064/1064
v 1024 876 864
vn 0 0 1
vt 0.55479455 0.637254894
v 1024 748 864
vn 0 0 1
vt 0.55479455 0.584967315
v 1120 748 864
vn 0 0 1
vt 0.543052852 0.584967315
v 1120 972 864
vn 0 0 1
vt 0.543052852 0.676470578
v 1024 972 864
vn 0 0 1
vt 0.55479455 0.676470578
f 1072/1072/1072 1071/1071/1071 1070/1070/1070 1069/1069/1069 1068/1068/1068
v 1248 972 864
vn 0 0 1
vt 0.568493128 0.676470578
v 1120 972 864
vn 0 0 1
vt 0.584148705 0.676470578
v 1120 748 864
vn 0 0 1
vt 0.584148705 0.584967315
v 1344 748 864
vn 0 0 1
vt 0.55675149 0.584967315
v 1344 972 864
vn 0 0 1
vt 0.55675149 0.676470578
f 1077/1077/1077 1076/1076/1076 1075/1075/1075 1074/1074/1074 1073/1073/1073
v 1120 524 864
vn 0 0 1
vt 0.586105704 0.571895421
v 1120 332 864
vn 0 0 1
vt 0.586105704 0.493464053
v 1162.98071 332 864
vn 0 0 1
vt 0.580848753 0.493464053
f 1080/1080/1080 1079/1079/1079 1078/1078/1078
v 1269.01929 332 864
vn 0 0 1
vt 0.597233415 0.493464053
v 1344 332 864
vn 0 0 1
vt 0.588062644 0.493464053
v 1344 524 864
vn 0 0 1
vt 0.588062644 0.571895421
v 1120 524 864
vn 0 0 1
vt 0.615459859 0.571895421
v 1162.98071 332 864
vn 0 0 1
vt 0.610202968 0.493464053
f 1085/1085/1085 1084/1084/1084 1083/1083/1083 1082/1082/1082 1081/1081/1081
v 1024 428 864
vn 0 0 1
vt 0.629158497 0.532679737
v 1024 332 864
vn 0 0 1
vt 0.629158497 0.493464053
v 1088 332 864
vn 0 0 1
vt 0.621330738 0.493464053
v 1120 332 864
vn 0 0 1
vt 0.617416859 0.493464053
v 1120 524 864
vn 0 0 1
vt 0.617416859 0.571895421
v 1024 524 864
vn 0 0 1
vt 0.629158497 0.571895421
f 1091/1091/1091 1090/1090/1090 1089/1089/1089 1088/1088/1088 1087/1087/1087 1086/1086/1086
v 1269.01929 12 864
vn 0 0 1
vt 0.714650273 0.179738581
v 1344 12 864
vn 0 0 1
vt 0.705479443 0.179738581
v 1344 76 864
vn 0 0 1
vt 0.705479443 0.20588237
v 1344 105.72583 864
vn 0 0 1
vt 0.705479443 0.218025267
f 1095/1095/1095 1094/1094/1094 1093/1093/1093 1092/1092/1092
v 1328 258.27417 864
vn 0 0 1
vt 0.719178081 0.188837469
v 1344 238.27417 864
vn 0 0 1
vt 0.717221141 0.180667579
v 1344 300 864
vn 0 0 1
vt 0.717221141 0.20588237
v 1344 332 864
vn 0 0 1
vt 0.717221141 0.218954265
v 1269.01929 332 864
vn 0 0 1
vt 0.726391912 0.218954265
f 1100/1100/1100 1099/1099/1099 1098/1098/1098 1097/1097/1097 1096/1096/1096
v 1170.67065 316 864
vn 0 0 1
vt 0.740377843 0.218954265
v 1104 232.661667 864
vn 0 0 1
vt 0.748532295 0.184910774
v 1261.32935 316 864
vn 0 0 1
vt 0.729289472 0.218954265
f 1103/1103/1103 1102/1102/1102 1101/1101/1101
v 1104 232.661667 864
vn 0 0 1
vt 0.856164396 0.472492516
v 1104 111.338326 864
vn 0 0 1
vt 0.856164396 0.422932327
v 1119.4707 92 864
vn 0 0 1
vt 0.854272187 0.415032685
f 1106/1106/1106 1105/1105/1105 1104/1104/1104
v 1328 232.661667 864
vn 0 0 1
vt 0.586105704 0.642427146
v 1261.32935 316 864
vn 0 0 1
vt 0.594260156 0.676470578
v 1104 232.661667 864
vn 0 0 1
vt 0.61350292 0.642427146
v 1119.4707 92 864
vn 0 0 1
vt 0.611610711 0.584967315
v 1312.5293 92 864
vn 0 0 1
vt 0.587997913 0.584967315
v 1328 111.338326 864
vn 0 0 1
vt 0.586105704 0.592866957
f 1112/1112/1112 1111/1111/1111 1110/1110/1110 1109/1109/1109 1108/1108/1108 1107/1107/1107
v 1170.67065 28 864
vn 0 0 1
vt 0.0202213004 0.094771266
v 1261.32935 28 864
vn 0 0 1
vt 0.00913290773 0.094771266
v 1312.5293 92 864
vn 0 0 1
vt 0.00287068286 0.120915055
v 1119.4707 92 864
vn 0 0 1
vt 0.0264835246 0.120915055
f 1116/1116/1116 1115/1115/1115 1114/1114/1114 1113/1113/1113
v 1088 238.27417 864
vn 0 0 1
vt 0.760273993 0.180667579
v 1162.98071 332 864
vn 0 0 1
vt 0.751103163 0.218954265
v 1120 332 864
vn 0 0 1
vt 0.756360054 0.218954265
v 1088 332 864
vn 0 0 1
vt 0.760273993 0.218954265
f 1120/1120/1120 1119/1119/1119 1118/1118/1118 1117/1117/1117
v 1088 105.72583 864
vn 0 0 1
vt 0.772015631 0.218025267
v 1088 12 864
vn 0 0 1
vt 0.772015631 0.179738581
v 1120 12 864
vn 0 0 1
vt 0.768101752 0.179738581
v 1162.98071 12 864
vn 0 0 1
vt 0.762844861 0.179738581
f 1124/1124/1124 1123/1123/1123 1122/1122/1122 1121/1121/1121
v 1088 -116 864
vn 0 0 1
vt 0.619373798 0.624182999
v 1088 -212 864
vn 0 0 1
vt 0.619373798 0.584967315
v 1120 -212 864
vn 0 0 1
vt 0.615459859 0.584967315
v 1120 12 864
vn 0 0 1
vt 0.615459859 0.676470578
v 1088 12 864
vn 0 0 1
vt 0.619373798 0.676470578
f 1129/1129/1129 1128/1128/1128 1127/1127/1127 1126/1126/1126 1125/1125/1125
v 1162.98071 12 864
vn 0 0 1
vt 0.621944666 0.676470578
v 1120 12 864
vn 0 0 1
vt 0.627201557 0.676470578
v 1120 -212 864
vn 0 0 1
vt 0.627201557 0.584967315
f 1132/1132/1132 1131/1131/1131 1130/1130/1130
v 1344 -148 864
vn 0 0 1
vt 0.629158497 0.611111104
v 1344 12 864
vn 0 0 1
vt 0.629158497 0.676470578
v 1269.01929 12 864
vn 0 0 1
vt 0.638329327 0.676470578
v 1162.98071 12 864
vn 0 0 1
vt 0.651298881 0.676470578
v 1120 -212 864
vn 0 0 1
vt 0.656555772 0.584967315
v 1344 -212 864
vn 0 0 1
vt 0.629158497 0.584967315
f 1138/1138/1138 1137/1137/1137 1136/1136/1136 1135/1135/1135 1134/1134/1134 1133/1133/1133
v 1184 -372 864
vn 0 0 1
vt 0.409980416 0.408496737
v 1344 -372 864
vn 0 0 1
vt 0.39041096 0.408496737
v 1344 -212 864
vn 0 0 1
vt 0.39041096 0.473856211
v 1120 -212 864
vn 0 0 1
vt 0.417808205 0.473856211
v 1120 -372 864
vn 0 0 1
vt 0.417808205 0.408496737
f 1143/1143/1143 1142/1142/1142 1141/1141/1141 1140/1140/1140 1139/1139/1139
v 1088 -340 864
vn 0 0 1
vt 0.423679054 0.421568632
v 1088 -372 864
vn 0 0 1
vt 0.423679054 0.408496737
v 1120 -372 864
vn 0 0 1
vt 0.419765174 0.408496737
v 1120 -212 864
vn 0 0 1
vt 0.419765174 0.473856211
v 1088 -212 864
vn 0 0 1
vt 0.423679054 0.473856211
f 1148/1148/1148 1147/1147/1147 1146/1146/1146 1145/1145/1145 1144/1144/1144
v 1184 -468 864
vn 0 0 1
vt 0.785714269 0.179738581
v 1269.01929 -468 864
vn 0 0 1
vt 0.775315642 0.179738581
v 1184 -372 864
vn 0 0 1
vt 0.785714269 0.218954265
f 1151/1151/1151 1150/1150/1150 1149/1149/1149
v 1344 -372 864
vn 0 0 1
vt 0.795499027 0.218954265
v 1184 -372 864
vn 0 0 1
vt 0.815068483 0.218954265
v 1269.01929 -468 864
vn 0 0 1
vt 0.804669797 0.179738581
v 1344 -468 864
vn 0 0 1
vt 0.795499027 0.179738581
v 1408 -468 864
vn 0 0 1
vt 0.787671208 0.179738581
v 1408 -372 864
vn 0 0 1
vt 0.787671208 0.218954265
f 1157/1157/1157 1156/1156/1156 1155/1155/1155 1154/1154/1154 1153/1153/1153 1152/1152/1152
v 1162.98071 -468 864
vn 0 0 1
vt 0.81959635 0.179738581
v 1184 -468 864
vn 0 0 1
vt 0.817025423 0.179738581
v 1184 -372 864
vn 0 0 1
vt 0.817025423 0.218954265
f 1160/1160/1160 1159/1159/1159 1158/1158/1158
v 1120 -372 864
vn 0 0 1
vt 0.830724061 0.218954265
v 1088 -372 864
vn 0 0 1
vt 0.83463794 0.218954265
v 1088 -468 864
vn 0 0 1
vt 0.83463794 0.179738581
v 1162.98071 -468 864
vn 0 0 1
vt 0.825467169 0.179738581
v 1184 -372 864
vn 0 0 1
vt 0.822896302 0.218954265
f 1165/1165/1165 1164/1164/1164 1163/1163/1163 1162/1162/1162 1161/1161/1161
v 1344 -694.27417 864
vn 0 0 1
vt 0.66634053 0.675541639
v 1344 -916 864
vn 0 0 1
vt 0.66634053 0.584967315
v 1408 -916 864
vn 0 0 1
vt 0.658512712 0.584967315
v 1408 -692 864
vn 0 0 1
vt 0.658512712 0.676470578
v 1344 -692 864
vn 0 0 1
vt 0.66634053 0.676470578
f 1170/1170/1170 1169/1169/1169 1168/1168/1168 1167/1167/1167 1166/1166/1166
v 1344 -561.72583 864
vn 0 0 1
vt 0.676125228 0.638183892
v 1344 -692 864
vn 0 0 1
vt 0.676125228 0.584967315
v 1408 -692 864
vn 0 0 1
vt 0.66829747 0.584967315
v 1408 -468 864
vn 0 0 1
vt 0.66829747 0.676470578
v 1344 -468 864
vn 0 0 1
vt 0.676125228 0.676470578
f 1175/1175/1175 1174/1174/1174 1173/1173/1173 1172/1172/1172 1171/1171/1171
v 1344 -918.27417 864
vn 0 0 1
vt 0.811154604 0.329136372
v 1344 -1028 864
vn 0 0 1
vt 0.811154604 0.284313738
v 1408 -1028 864
vn 0 0 1
vt 0.803326786 0.284313738
v 1408 -916 864
vn 0 0 1
vt 0.803326786 0.33006537
v 1344 -916 864
vn 0 0 1
vt 0.811154604 0.33006537
f 1180/1180/1180 1179/1179/1179 1178/1178/1178 1177/1177/1177 1176/1176/1176
v 1344 -561.72583 864
vn 0 0 1
vt 0.836594939 0.180667579
v 1344 -468 864
vn 0 0 1
vt 0.836594939 0.218954265
v 1269.01929 -468 864
vn 0 0 1
vt 0.84576571 0.218954265
f 1183/1183/1183 1182/1182/1182 1181/1181/1181
v 1252 -809.27417 864
vn 0 0 1
vt 0.86154598 0.465165794
v 1252 -918.27417 864
vn 0 0 1
vt 0.86154598 0.420639634
v 1269.01929 -788 864
vn 0 0 1
vt 0.859464347 0.473856211
f 1186/1186/1186 1185/1185/1185 1184/1184/1184
v 1344 -916 864
vn 0 0 1
vt 0.701565564 0.905228734
v 1344 -694.27417 864
vn 0 0 1
vt 0.701565564 0.995803058
v 1328 -714.27417 864
vn 0 0 1
vt 0.703522503 0.987633109
v 1269.01929 -788 864
vn 0 0 1
vt 0.710736334 0.957516313
v 1252 -918.27417 864
vn 0 0 1
vt 0.712818027 0.904299736
v 1344 -918.27417 864
vn 0 0 1
vt 0.701565564 0.904299736
f 1192/1192/1192 1191/1191/1191 1190/1190/1190 1189/1189/1189 1188/1188/1188 1187/1187/1187
v 1252 -1028 864
vn 0 0 1
vt 0.824364007 0.284313738
v 1344 -1028 864
vn 0 0 1
vt 0.813111544 0.284313738
v 1344 -918.27417 864
vn 0 0 1
vt 0.813111544 0.329136372
v 1252 -918.27417 864
vn 0 0 1
vt 0.824364007 0.329136372
f 1196/1196/1196 1195/1195/1195 1194/1194/1194 1193/1193/1193
v 1269.01929 -788 864
vn 0 0 1
vt 0.0571160354 0.0294117928
v 1252 -788 864
vn 0 0 1
vt 0.0591976531 0.0294117928
v 1252 -809.27417 864
vn 0 0 1
vt 0.0591976531 0.0207213163
f 1199/1199/1199 1198/1198/1198 1197/1197/1197
v 1328 -572.097656 864
vn 0 0 1
vt 0.848336577 0.18296665
v 1263.00757 -490.857147 864
vn 0 0 1
vt 0.856285751 0.216153085
v 1252 -490.857147 864
vn 0 0 1
vt 0.857632101 0.216153085
f 1202/1202/1202 1201/1201/1201 1200/1200/1200
v 1303.23621 -714.857117 864
vn 0 0 1
vt 0.428664833 0.412231565
v 1328 -683.902344 864
vn 0 0 1
vt 0.425635993 0.424876511
v 1328 -572.097656 864
vn 0 0 1
vt 0.425635993 0.470548332
f 1205/1205/1205 1204/1204/1204 1203/1203/1203
v 1104 -572.097656 864
vn 0 0 1
vt 0.820939362 0.392116964
v 1104 -683.902344 864
vn 0 0 1
vt 0.820939362 0.346445143
v 1110.47815 -692 864
vn 0 0 1
vt 0.820147038 0.343137264
f 1208/1208/1208 1207/1207/1207 1206/1206/1206
v 1120 -552.097656 864
vn 0 0 1
vt 0.740704477 0.96891433
v 1104 -572.097656 864
vn 0 0 1
vt 0.742661476 0.960744441
v 1110.47815 -692 864
vn 0 0 1
vt 0.741869152 0.911764681
v 1128.76379 -714.857117 864
vn 0 0 1
vt 0.739632607 0.902427673
v 1303.23621 -714.857117 864
vn 0 0 1
vt 0.718293011 0.902427673
v 1328 -572.097656 864
vn 0 0 1
vt 0.715264201 0.960744441
v 1252 -490.857147 864
vn 0 0 1
vt 0.724559665 0.993930876
v 1168.99243 -490.857147 864
vn 0 0 1
vt 0.734712303 0.993930876
f 1216/1216/1216 1215/1215/1215 1214/1214/1214 1213/1213/1213 1212/1212/1212 1211/1211/1211 1210/1210/1210 1209/1209/1209
v 1252 -765.142883 864
vn 0 0 1
vt 0.0376712345 0.0975723863
v 1263.00757 -765.142883 864
vn 0 0 1
vt 0.0363249071 0.0975723863
v 1303.23621 -714.857117 864
vn 0 0 1
vt 0.0314045735 0.118113875
v 1128.76379 -714.857117 864
vn 0 0 1
vt 0.0527441539 0.118113875
v 1136.07812 -724 864
vn 0 0 1
vt 0.051849544 0.114379108
v 1168.99243 -765.142883 864
vn 0 0 1
vt 0.0478238203 0.0975723863
f 1222/1222/1222 1221/1221/1221 1220/1220/1220 1219/1219/1219 1218/1218/1218 1217/1217/1217
v 1088 -788 864
vn 0 0 1
vt 0.869863033 0.179738581
v 1162.98071 -788 864
vn 0 0 1
vt 0.860692203 0.179738581
v 1111.78064 -724 864
vn 0 0 1
vt 0.866954386 0.20588237
v 1088 -694.27417 864
vn 0 0 1
vt 0.869863033 0.218025267
f 1226/1226/1226 1225/1225/1225 1224/1224/1224 1223/1223/1223
v 1252 -788 864
vn 0 0 1
vt 0.0631115437 0.0294117928
v 1162.98071 -788 864
vn 0 0 1
vt 0.0739994273 0.0294117928
v 1252 -809.27417 864
vn 0 0 1
vt 0.0631115437 0.0207213163
f 1229/1229/1229 1228/1228/1228 1227/1227/1227
v 1088 -1012 864
vn 0 0 1
vt 0.910958886 0.0294117928
v 1088 -1028 864
vn 0 0 1
vt 0.910958886 0.0228758454
v 1184 -1028 864
vn 0 0 1
vt 0.899217248 0.0228758454
f 1232/1232/1232 1231/1231/1231 1230/1230/1230
v 1252 -918.27417 864
vn 0 0 1
vt 0.746086121 0.94351548
v 1252 -809.27417 864
vn 0 0 1
vt 0.746086121 0.98804158
v 1162.98071 -788 864
vn 0 0 1
vt 0.756974041 0.996731997
v 1088 -788 864
vn 0 0 1
vt 0.766144812 0.996731997
v 1088 -1012 864
vn 0 0 1
vt 0.766144812 0.905228734
v 1184 -1028 864
vn 0 0 1
vt 0.754403114 0.898692787
v 1252 -1028 864
vn 0 0 1
vt 0.746086121 0.898692787
f 1239/1239/1239 1238/1238/1238 1237/1237/1237 1236/1236/1236 1235/1235/1235 1234/1234/1234 1233/1233/1233
v 1088 -468 864
vn 0 0 1
vt 0.881604671 0.218954265
v 1088 -561.72583 864
vn 0 0 1
vt 0.881604671 0.180667579
v 1120 -521.72583 864
vn 0 0 1
vt 0.877690792 0.197007418
v 1162.98071 -468 864
vn 0 0 1
vt 0.872433901 0.218954265
f 1243/1243/1243 1242/1242/1242 1241/1241/1241 1240/1240/1240
v 1408 -1268 864
vn 0 0 1
vt 0.768101752 0.898692787
v 1408 -1028 864
vn 0 0 1
vt 0.768101752 0.996731997
v 1344 -1028 864
vn 0 0 1
vt 0.77592957 0.996731997
f 1246/1246/1246 1245/1245/1245 1244/1244/1244
v 1252 -1028 864
vn 0 0 1
vt 0.796966732 0.996731997
v 1184 -1028 864
vn 0 0 1
vt 0.805283785 0.996731997
v 1184 -1268 864
vn 0 0 1
vt 0.805283785 0.898692787
v 1408 -1268 864
vn 0 0 1
vt 0.77788651 0.898692787
v 1344 -1028 864
vn 0 0 1
vt 0.785714269 0.996731997
f 1251/1251/1251 1250/1250/1250 1249/1249/1249 1248/1248/1248 1247/1247/1247
v 1088 -1236 864
vn 0 0 1
vt 0.818982363 0.911764681
v 1088 -1268 864
vn 0 0 1
vt 0.818982363 0.898692787
v 1184 -1268 864
vn 0 0 1
vt 0.807240725 0.898692787
v 1184 -1028 864
vn 0 0 1
vt 0.807240725 0.996731997
v 1088 -1028 864
vn 0 0 1
vt 0.818982363 0.996731997
f 1256/1256/1256 1255/1255/1255 1254/1254/1254 1253/1253/1253 1252/1252/1252
v 1088 -1028 864
vn 0 0 1
vt 0.912915826 0.0228758454
v 1088 -1012 864
vn 0 0 1
vt 0.912915826 0.0294117928
v 1024 -1012 864
vn 0 0 1
vt 0.920743644 0.0294117928
f 1259/1259/1259 1258/1258/1258 1257/1257/1257
v 1024 -1133.59998 864
vn 0 0 1
vt 0.685909986 0.626797438
v 1024 -1236 864
vn 0 0 1
vt 0.685909986 0.584967315
v 1088 -1236 864
vn 0 0 1
vt 0.678082168 0.584967315
v 1088 -1028 864
vn 0 0 1
vt 0.678082168 0.66993463
v 1024 -1012 864
vn 0 0 1
vt 0.685909986 0.676470578
f 1264/1264/1264 1263/1263/1263 1262/1262/1262 1261/1261/1261 1260/1260/1260
v 1088 -1012 864
vn 0 0 1
vt 0.922700584 0.0228758454
v 1024 -999.200012 864
vn 0 0 1
vt 0.930528402 0.0281046033
v 1024 -1012 864
vn 0 0 1
vt 0.930528402 0.0228758454
f 1267/1267/1267 1266/1266/1266 1265/1265/1265
v 1024 -864.799988 864
vn 0 0 1
vt 0.695694745 0.645098031
v 1024 -999.200012 864
vn 0 0 1
vt 0.695694745 0.590196073
v 1088 -1012 864
vn 0 0 1
vt 0.687866926 0.584967315
v 1088 -788 864
vn 0 0 1
vt 0.687866926 0.676470578
v 1024 -788 864
vn 0 0 1
vt 0.695694745 0.676470578
f 1272/1272/1272 1271/1271/1271 1270/1270/1270 1269/1269/1269 1268/1268/1268
v 1088 -564 864
vn 0 0 1
vt 0.863992155 0.473856211
v 1024 -564 864
vn 0 0 1
vt 0.871819973 0.473856211
v 1024 -596 864
vn 0 0 1
vt 0.871819973 0.460784316
v 1088 -694.27417 864
vn 0 0 1
vt 0.863992155 0.420639634
f 1276/1276/1276 1275/1275/1275 1274/1274/1274 1273/1273/1273
v 1024 -730.399963 864
vn 0 0 1
vt 0.638943255 0.516993523
v 1024 -788 864
vn 0 0 1
vt 0.638943255 0.493464053
v 1088 -788 864
vn 0 0 1
vt 0.631115437 0.493464053
v 1088 -694.27417 864
vn 0 0 1
vt 0.631115437 0.531750739
v 1024 -596 864
vn 0 0 1
vt 0.638943255 0.571895421
f 1281/1281/1281 1280/1280/1280 1279/1279/1279 1278/1278/1278 1277/1277/1277
v 1088 -372 864
vn 0 0 1
vt 0.822896302 0.382352948
v 1088 -340 864
vn 0 0 1
vt 0.822896302 0.395424843
v 1024 -340 864
vn 0 0 1
vt 0.830724061 0.395424843
v 1088 -468 864
vn 0 0 1
vt 0.822896302 0.343137264
f 1285/1285/1285 1284/1284/1284 1283/1283/1283 1282/1282/1282
v 1024 -564 864
vn 0 0 1
vt 0.705479443 0.584967315
v 1088 -564 864
vn 0 0 1
vt 0.697651684 0.584967315
v 1088 -561.72583 864
vn 0 0 1
vt 0.697651684 0.585896313
v 1088 -468 864
vn 0 0 1
vt 0.697651684 0.624182999
v 1024 -340 864
vn 0 0 1
vt 0.705479443 0.676470578
f 1290/1290/1290 1289/1289/1289 1288/1288/1288 1287/1287/1287 1286/1286/1286
v 1088 -212 864
vn 0 0 1
vt 0.707436383 0.637254894
v 1088 -116 864
vn 0 0 1
vt 0.707436383 0.676470578
v 1024 -116 864
vn 0 0 1
vt 0.715264201 0.676470578
v 1024 -340 864
vn 0 0 1
vt 0.715264201 0.584967315
v 1088 -340 864
vn 0 0 1
vt 0.707436383 0.584967315
f 1295/1295/1295 1294/1294/1294 1293/1293/1293 1292/1292/1292 1291/1291/1291
v 1088 -116 864
vn 0 0 1
vt 0.832681 0.343137264
v 1088 12 864
vn 0 0 1
vt 0.832681 0.395424843
v 1024 -116 864
vn 0 0 1
vt 0.840508819 0.343137264
f 1298/1298/1298 1297/1297/1297 1296/1296/1296
v 1024 108 864
vn 0 0 1
vt 0.7250489 0.676470578
v 1024 -116 864
vn 0 0 1
vt 0.7250489 0.584967315
v 1088 12 864
vn 0 0 1
vt 0.717221141 0.637254894
v 1088 105.72583 864
vn 0 0 1
vt 0.717221141 0.675541639
v 1088 108 864
vn 0 0 1
vt 0.717221141 0.676470578
f 1303/1303/1303 1302/1302/1302 1301/1301/1301 1300/1300/1300 1299/1299/1299
v 1088 238.27417 864
vn 0 0 1
vt 0.883561671 0.180667579
v 1088 332 864
vn 0 0 1
vt 0.883561671 0.218954265
v 1024 332 864
vn 0 0 1
vt 0.89138943 0.218954265
f 1306/1306/1306 1305/1305/1305 1304/1304/1304
v 1024 204 864
vn 0 0 1
vt 0.734833658 0.624182999
v 1024 108 864
vn 0 0 1
vt 0.734833658 0.584967315
v 1088 108 864
vn 0 0 1
vt 0.727005899 0.584967315
v 1088 238.27417 864
vn 0 0 1
vt 0.727005899 0.638183892
v 1024 332 864
vn 0 0 1
vt 0.734833658 0.676470578
f 1311/1311/1311 1310/1310/1310 1309/1309/1309 1308/1308/1308 1307/1307/1307
v 1088 -1268 864
vn 0 0 1
vt 0.0772994161 0.0163398981
v 1088 -1236 864
vn 0 0 1
vt 0.0772994161 0.0294117928
v 1024 -1236 864
vn 0 0 1
vt 0.0851272047 0.0294117928
v 1024 -1268 864
vn 0 0 1
vt 0.0851272047 0.0163398981
f 1315/1315/1315 1314/1314/1314 1313/1313/1313 1312/1312/1312
v 1299.19995 -372 640
vn 0 1 0
vt 0.100391395 0.0294117928
v 1184 -372 640
vn 0 1 0
vt 0.114481412 0.0294117928
v 1184 -372 608
vn 0 1 0
vt 0.114481412 0.0163398981
v 1408 -372 608
vn 0 1 0
vt 0.0870841518 0.0163398981
v 1408 -372 640
vn 0 1 0
vt 0.0870841518 0.0294117928
f 1320/1320/1320 1319/1319/1319 1318/1318/1318 1317/1317/1317 1316/1316/1316
v 1184 -372 608
vn 0 1 0
vt 0.116438359 0.0163398981
v 1184 -372 640
vn 0 1 0
vt 0.116438359 0.0294117928
v 1120 -372 640
vn 0 1 0
vt 0.124266148 0.0294117928
v 1120 -372 608
vn 0 1 0
vt 0.124266148 0.0163398981
f 1324/1324/1324 1323/1323/1323 1322/1322/1322 1321/1321/1321
v 1088 -372 640
vn 0 1 0
vt 0.130136982 0.0294117928
v 1024 -372 640
vn 0 1 0
vt 0.13796477 0.0294117928
v 1024 -372 608
vn 0 1 0
vt 0.13796477 0.0163398981
v 1088 -372 608
vn 0 1 0
vt 0.130136982 0.0163398981
v 1120 -372 608
vn 0 1 0
vt 0.126223087 0.0163398981
v 1120 -372 640
vn 0 1 0
vt 0.126223087 0.0294117928
f 1330/1330/1330 1329/1329/1329 1328/1328/1328 1327/1327/1327 1326/1326/1326 1325/1325/1325
v 1344 105.72583 864
vn 1 0 0
vt 0.822618127 0.993091047
v 1344 238.27417 864
vn 1 0 0
vt 0.838830054 0.993091047
v 1344 238.27417 348.799988
vn 1 0 0
vt 0.838830054 0.901587784
v 1344 105.72583 348.799988
vn 1 0 0
vt 0.822618127 0.901587784
f 1334/1334/1334 1333/1333/1333 1332/1332/1332 1331/1331/1331
v 1344 105.72583 348.799988
vn 1 0 0
vt 0.828488946 0.32642442
v 1344 238.27417 348.799988
vn 1 0 0
vt 0.844700873 0.32642442
v 1344 238.27417 128
vn 1 0 0
vt 0.844700873 0.287208736
v 1344 105.72583 128
vn 1 0 0
vt 0.828488946 0.287208736
f 1338/1338/1338 1337/1337/1337 1336/1336/1336 1335/1335/1335
v 1408 -308 864
vn 1 0 0
vt 0.848336577 0.3270697
v 1408 -372 864
vn 1 0 0
vt 0.856164396 0.3270697
v 1408 -372 640
vn 1 0 0
vt 0.856164396 0.28894335
f 1341/1341/1341 1340/1340/1340 1339/1339/1339
v 1408 -308 438.400024
vn 1 0 0
vt 0.842465758 0.921296299
v 1408 -308 864
vn 1 0 0
vt 0.842465758 0.993736386
v 1408 -372 640
vn 1 0 0
vt 0.850293517 0.955610037
v 1408 -372 608
vn 1 0 0
vt 0.850293517 0.950163364
v 1408 -372 326.399994
vn 1 0 0
vt 0.850293517 0.902233124
v 1408 -308 326.399994
vn 1 0 0
vt 0.842465758 0.902233124
f 1347/1347/1347 1346/1346/1346 1345/1345/1345 1344/1344/1344 1343/1343/1343 1342/1342/1342
v 1408 -308 288
vn 1 0 0
vt 0.893346369 0.209422648
v 1408 -308 326.399994
vn 1 0 0
vt 0.893346369 0.215958595
v 1408 -372 326.399994
vn 1 0 0
vt 0.901174188 0.215958595
v 1408 -372 149.333328
vn 1 0 0
vt 0.901174188 0.185820639
v 1408 -320 149.333328
vn 1 0 0
vt 0.894814074 0.185820639
v 1408 -308 149.333328
vn 1 0 0
vt 0.893346369 0.185820639
f 1353/1353/1353 1352/1352/1352 1351/1351/1351 1350/1350/1350 1349/1349/1349 1348/1348/1348
v 1408 -148 864
vn 1 0 0
vt 0.856164396 0.993292034
v 1408 -308 864
vn 1 0 0
vt 0.875733852 0.993292034
v 1408 -308 438.400024
vn 1 0 0
vt 0.875733852 0.901788771
v 1408 -116 438.400024
vn 1 0 0
vt 0.852250516 0.901788771
v 1408 -116 864
vn 1 0 0
vt 0.852250516 0.993292034
f 1358/1358/1358 1357/1357/1357 1356/1356/1356 1355/1355/1355 1354/1354/1354
v 1408 -116 288
vn 1 0 0
vt 0.903131127 0.183178544
v 1408 -116 438.400024
vn 1 0 0
vt 0.903131127 0.215514302
v 1408 -128 288
vn 1 0 0
vt 0.904598832 0.183178544
f 1361/1361/1361 1360/1360/1360 1359/1359/1359
v 1408 -308 326.399994
vn 1 0 0
vt 0.145792559 0.0280357599
v 1408 -308 288
vn 1 0 0
vt 0.145792559 0.019779861
v 1408 -262.399994 288
vn 1 0 0
vt 0.140215263 0.019779861
f 1364/1364/1364 1363/1363/1363 1362/1362/1362
v 1408 -195.199997 288
vn 1 0 0
vt 0.916731894 0.183178544
v 1408 -128 288
vn 1 0 0
vt 0.908512712 0.183178544
v 1408 -116 438.400024
vn 1 0 0
vt 0.907045007 0.215514302
v 1408 -308 438.400024
vn 1 0 0
vt 0.930528402 0.215514302
v 1408 -308 326.399994
vn 1 0 0
vt 0.930528402 0.191434503
v 1408 -262.399994 288
vn 1 0 0
vt 0.924951077 0.183178544
f 1370/1370/1370 1369/1369/1369 1368/1368/1368 1367/1367/1367 1366/1366/1366 1365/1365/1365
v 1408 76 864
vn 1 0 0
vt 0.901927888 0.469226539
v 1408 66.4000168 864
vn 1 0 0
vt 0.903089583 0.469226539
v 1408 66.4000168 288
vn 1 0 0
vt 0.903089583 0.420206964
v 1408 292.800018 288
vn 1 0 0
vt 0.875692368 0.420206964
v 1408 292.800018 864
vn 1 0 0
vt 0.875692368 0.469226539
f 1375/1375/1375 1374/1374/1374 1373/1373/1373 1372/1372/1372 1371/1371/1371
v 1408 300 864
vn 1 0 0
vt 0.933529496 0.469226539
v 1408 292.800018 864
vn 1 0 0
vt 0.934400737 0.469226539
v 1408 292.800018 288
vn 1 0 0
vt 0.934400737 0.420206964
v 1408 519.200012 288
vn 1 0 0
vt 0.907003522 0.420206964
v 1408 519.200012 864
vn 1 0 0
vt 0.907003522 0.469226539
f 1380/1380/1380 1379/1379/1379 1378/1378/1378 1377/1377/1377 1376/1376/1376
v 1408 524 864
vn 1 0 0
vt 0.965131044 0.469226539
v 1408 519.200012 864
vn 1 0 0
vt 0.965711892 0.469226539
v 1408 519.200012 288
vn 1 0 0
vt 0.965711892 0.420206964
v 1408 745.599976 288
vn 1 0 0
vt 0.938314676 0.420206964
v 1408 745.599976 864
vn 1 0 0
vt 0.938314676 0.469226539
f 1385/1385/1385 1384/1384/1384 1383/1383/1383 1382/1382/1382 1381/1381/1381
v 1408 748 864
vn 1 0 0
vt 0.996732652 0.469226539
v 1408 745.599976 864
vn 1 0 0
vt 0.997023046 0.469226539
v 1408 745.599976 288
vn 1 0 0
vt 0.997023046 0.420206964
v 1408 972 288
vn 1 0 0
vt 0.969625831 0.420206964
v 1408 972 864
vn 1 0 0
vt 0.969625831 0.469226539
f 1390/1390/1390 1389/1389/1389 1388/1388/1388 1387/1387/1387 1386/1386/1386
v 1408 -116 438.400024
vn 1 0 0
vt 0.0249666367 0.354575157
v 1408 -116 288
vn 1 0 0
vt 0.0249666367 0.341775596
v 1408 66.4000168 288
vn 1 0 0
vt 0.0028939303 0.341775596
v 1408 66.4000168 864
vn 1 0 0
vt 0.0028939303 0.390795171
v 1408 -116 864
vn 1 0 0
vt 0.0249666367 0.390795171
f 1395/1395/1395 1394/1394/1394 1393/1393/1393 1392/1392/1392 1391/1391/1391
v 1408 -372 149.333328
vn 1 0 0
vt 0.940313101 0.0289579034
v 1408 -372 132
vn 1 0 0
vt 0.940313101 0.0260076523
v 1408 -336 144
vn 1 0 0
vt 0.935909986 0.0280501246
v 1408 -320 149.333328
vn 1 0 0
vt 0.933953047 0.0289579034
f 1399/1399/1399 1398/1398/1398 1397/1397/1397 1396/1396/1396
v 1408 292.800018 128
vn 1 0 0
vt 0.914831281 0.0732570291
v 1408 292.800018 288
vn 1 0 0
vt 0.914831281 0.0868736506
v 1408 66.4000168 288
vn 1 0 0
vt 0.942228556 0.0868736506
v 1408 66.4000168 128
vn 1 0 0
vt 0.942228556 0.0732570291
f 1403/1403/1403 1402/1402/1402 1401/1401/1401 1400/1400/1400
v 1408 367.199982 128
vn 1 0 0
vt 0.964536369 0.0732570291
v 1408 519.200012 128
vn 1 0 0
vt 0.946142435 0.0732570291
v 1408 519.200012 288
vn 1 0 0
vt 0.946142435 0.0868736506
v 1408 292.800018 288
vn 1 0 0
vt 0.97353971 0.0868736506
v 1408 292.800018 128
vn 1 0 0
vt 0.97353971 0.0732570291
f 1408/1408/1408 1407/1407/1407 1406/1406/1406 1405/1405/1405 1404/1404/1404
v 1408 669.599976 128
vn 1 0 0
vt 0.0120908953 0.0405772924
v 1408 745.599976 128
vn 1 0 0
vt 0.00289393682 0.0405772924
v 1408 745.599976 288
vn 1 0 0
vt 0.00289393682 0.0541939139
v 1408 519.200012 288
vn 1 0 0
vt 0.0302911978 0.0541939139
v 1408 519.200012 128
vn 1 0 0
vt 0.0302911978 0.0405772924
f 1413/1413/1413 1412/1412/1412 1411/1411/1411 1410/1410/1410 1409/1409/1409
v 1408 972 128
vn 1 0 0
vt 0.0342050903 0.0405772924
v 1408 972 288
vn 1 0 0
vt 0.0342050903 0.0541939139
v 1408 745.599976 288
vn 1 0 0
vt 0.0616023503 0.0541939139
v 1408 745.599976 128
vn 1 0 0
vt 0.0616023503 0.0405772924
f 1417/1417/1417 1416/1416/1416 1415/1415/1415 1414/1414/1414
v 1408 64.7999725 128
vn 1 0 0
vt 0.0657098591 0.0405772924
v 1408 66.4000168 128
vn 1 0 0
vt 0.0655162409 0.0405772924
v 1408 66.4000168 288
vn 1 0 0
vt 0.0655162409 0.0541939139
v 1408 -96 128
vn 1 0 0
vt 0.0851686895 0.0405772924
f 1421/1421/1421 1420/1420/1420 1419/1419/1419 1418/1418/1418
v 1408 -116 288
vn 1 0 0
vt 0.113029256 0.0541939139
v 1408 -128 288
vn 1 0 0
vt 0.114481412 0.0541939139
v 1408 -128 149.333328
vn 1 0 0
vt 0.114481412 0.0423929095
v 1408 -96 128
vn 1 0 0
vt 0.110609002 0.0405772924
v 1408 66.4000168 288
vn 1 0 0
vt 0.0909565538 0.0541939139
f 1426/1426/1426 1425/1425/1425 1424/1424/1424 1423/1423/1423 1422/1422/1422
v 1408 -336 144
vn 1 0 0
vt 0.945694745 0.0280501246
v 1408 -372 132
vn 1 0 0
vt 0.950097859 0.0260076523
v 1408 -372 128
vn 1 0 0
vt 0.950097859 0.0253267884
v 1408 -308 128
vn 1 0 0
vt 0.942270041 0.0253267884
v 1408 -308 142.133331
vn 1 0 0
vt 0.942270041 0.0277323723
f 1431/1431/1431 1430/1430/1430 1429/1429/1429 1428/1428/1428 1427/1427/1427
v 1408 -128 130.133331
vn 1 0 0
vt 0.955968678 0.0276870131
v 1408 -128 128
vn 1 0 0
vt 0.955968678 0.0275053978
v 1408 -96 128
vn 1 0 0
vt 0.952096283 0.0275053978
f 1434/1434/1434 1433/1433/1433 1432/1432/1432
v 1440 -195.199997 288
vn 0 0 1
vt 0.878529549 0.99400872
v 1408 -195.199997 288
vn 0 0 1
vt 0.884120762 0.99400872
v 1408 -262.399994 288
vn 0 0 1
vt 0.884120762 0.902505457
v 1440 -262.399994 288
vn 0 0 1
vt 0.878529549 0.902505457
f 1438/1438/1438 1437/1437/1437 1436/1436/1436 1435/1435/1435
v 1440 -128 288
vn 0 0 1
vt 0.888314247 0.99400872
v 1408 -128 288
vn 0 0 1
vt 0.893905461 0.99400872
v 1408 -195.199997 288
vn 0 0 1
vt 0.893905461 0.902505457
v 1440 -195.199997 288
vn 0 0 1
vt 0.888314247 0.902505457
f 1442/1442/1442 1441/1441/1441 1440/1440/1440 1439/1439/1439
v 1440 -262.399994 288
vn 0 0 1
vt 0.432345539 0.471132934
v 1408 -262.399994 288
vn 0 0 1
vt 0.437936813 0.471132934
v 1408 -308 288
vn 0 0 1
vt 0.437936813 0.409041405
v 1440 -308 288
vn 0 0 1
vt 0.432345539 0.409041405
f 1446/1446/1446 1445/1445/1445 1444/1444/1444 1443/1443/1443
v 1440 -128 256
vn 0 1 0
vt 0.675286531 0.158224344
v 1440 -128 160
vn 0 1 0
vt 0.675286531 0.141884506
v 1408 -128 149.333328
vn 0 1 0
vt 0.669695318 0.140069008
v 1408 -128 288
vn 0 1 0
vt 0.669695318 0.163671017
v 1440 -128 288
vn 0 1 0
vt 0.675286531 0.163671017
f 1451/1451/1451 1450/1450/1450 1449/1449/1449 1448/1448/1448 1447/1447/1447
v 1412.57141 -128 132.571426
vn 0 1 0
vt 0.147989139 0.0195689201
v 1440 -128 160
vn 0 1 0
vt 0.15278165 0.0242374539
v 1440 -128 147.199997
vn 0 1 0
vt 0.15278165 0.0220588446
f 1454/1454/1454 1453/1453/1453 1452/1452/1452
v 1412.57141 -128 132.571426
vn 0 1 0
vt 0.962079108 0.0261048675
v 1440 -128 147.199997
vn 0 1 0
vt 0.966871619 0.0285947919
v 1440 -128 128
vn 0 1 0
vt 0.966871619 0.0253267884
v 1408 -128 128
vn 0 1 0
vt 0.961280406 0.0253267884
v 1408 -128 130.133331
vn 0 1 0
vt 0.961280406 0.0256898999
f 1459/1459/1459 1458/1458/1458 1457/1457/1457 1456/1456/1456 1455/1455/1455
v 1408 -128 149.333328
vn -0.316227764 0 0.948683321
vt 0.157534242 0.0294117928
v 1440 -128 160
vn -0.316227764 0 0.948683321
vt 0.157534242 0.0163398981
v 1440 -308 160
vn -0.316227764 0 0.948683321
vt 0.175880626 0.0163398981
v 1408 -308 149.333328
vn -0.316227764 0 0.948683321
vt 0.175880626 0.0294117928
f 1463/1463/1463 1462/1462/1462 1461/1461/1461 1460/1460/1460
v 1440 -308 256
vn 0 1 0
vt 0.678920925 0.158224344
v 1440 -308 288
vn 0 1 0
vt 0.678920925 0.163671017
v 1408 -308 288
vn 0 1 0
vt 0.684512138 0.163671017
v 1408 -308 149.333328
vn 0 1 0
vt 0.684512138 0.140069008
v 1440 -308 160
vn 0 1 0
vt 0.678920925 0.141884506
f 1468/1468/1468 1467/1467/1467 1466/1466/1466 1465/1465/1465 1464/1464/1464
v 1440 -308 159.199997
vn 0 1 0
vt 0.970506072 0.0241013169
v 1440 -308 160
vn 0 1 0
vt 0.970506072 0.0242374539
v 1438.28577 -308 158.285721
vn 0 1 0
vt 0.970805466 0.0239457488
f 1471/1471/1471 1470/1470/1470 1469/1469/1469
v 1440 -308 128
vn 0 1 0
vt 0.179899365 0.0187908411
v 1440 -308 159.199997
vn 0 1 0
vt 0.179899365 0.0241013169
v 1438.28577 -308 158.285721
vn 0 1 0
vt 0.180198863 0.0239457488
v 1408 -308 142.133331
vn 0 1 0
vt 0.185490638 0.021196425
v 1408 -308 128
vn 0 1 0
vt 0.185490638 0.0187908411
f 1476/1476/1476 1475/1475/1475 1474/1474/1474 1473/1473/1473 1472/1472/1472
v 1412.57141 -128 132.571426
vn -0.469776183 0.0587220229 0.880830348
vt 0.13796477 0.0521930456
v 1408 -128 130.133331
vn -0.469776183 0.0587220229 0.880830348
vt 0.13796477 0.0540603995
v 1408 -308 142.133331
vn -0.469776183 0.0587220229 0.880830348
vt 0.119618393 0.0540603995
v 1438.28577 -308 158.285721
vn -0.469776183 0.0587220229 0.880830348
vt 0.119618393 0.0416887999
f 1480/1480/1480 1479/1479/1479 1478/1478/1478 1477/1477/1477
v 1438.28577 -308 158.285721
vn 0.707106769 0 -0.707106769
vt 0.190068498 0.0287114382
v 1440 -308 160
vn 0.707106769 0 -0.707106769
vt 0.190068498 0.0294117928
v 1440 -128 160
vn 0.707106769 0 -0.707106769
vt 0.208414868 0.0294117928
v 1412.57141 -128 132.571426
vn 0.707106769 0 -0.707106769
vt 0.208414868 0.0182073116
f 1484/1484/1484 1483/1483/1483 1482/1482/1482 1481/1481/1481
v 1408 972 288
vn 0 1 0
vt 0.865949094 0.294389963
v 1408 972 128
vn 0 1 0
vt 0.865949094 0.285312295
v 1344 972 128
vn 0 1 0
vt 0.858121336 0.285312295
v 1344 972 864
vn 0 1 0
vt 0.858121336 0.3270697
v 1408 972 864
vn 0 1 0
vt 0.865949094 0.3270697
f 1489/1489/1489 1488/1488/1488 1487/1487/1487 1486/1486/1486 1485/1485/1485
v 1344 -290.400024 128
vn -0.316227764 0 0.948683321
vt 0.0742824599 0.120915055
v 1344 -128 128
vn -0.316227764 0 0.948683321
vt 0.0577299409 0.120915055
v 1408 -128 149.333328
vn -0.316227764 0 0.948683321
vt 0.0577299409 0.094771266
f 1492/1492/1492 1491/1491/1491 1490/1490/1490
v 1408 -308 149.333328
vn -0.316227764 0 0.948683321
vt 0.0976027399 0.094771266
v 1408 -320 149.333328
vn -0.316227764 0 0.948683321
vt 0.0988258347 0.094771266
v 1344 -320 128
vn -0.316227764 0 0.948683321
vt 0.0988258347 0.120915055
v 1344 -290.400024 128
vn -0.316227764 0 0.948683321
vt 0.0958088785 0.120915055
v 1408 -128 149.333328
vn -0.316227764 0 0.948683321
vt 0.0792563632 0.094771266
f 1497/1497/1497 1496/1496/1496 1495/1495/1495 1494/1494/1494 1493/1493/1493
v 1408 -320 149.333328
vn -0.301511347 -0.301511347 0.904534042
vt 0.157534242 0.03638345
v 1408 -336 144
vn -0.301511347 -0.301511347 0.904534042
vt 0.157534242 0.0429193974
v 1376 -352 128
vn -0.301511347 -0.301511347 0.904534042
vt 0.149706453 0.0494553447
v 1344 -320 128
vn -0.301511347 -0.301511347 0.904534042
vt 0.141878664 0.03638345
f 1501/1501/1501 1500/1500/1500 1499/1499/1499 1498/1498/1498
v 1408 -128 149.333328
vn -0.267261237 0.534522474 0.801783741
vt 0.159491196 0.03638345
v 1344 -128 128
vn -0.267261237 0.534522474 0.801783741
vt 0.175146773 0.03638345
v 1408 -96 128
vn -0.267261237 0.534522474 0.801783741
vt 0.159491196 0.0494553447
f 1504/1504/1504 1503/1503/1503 1502/1502/1502
v 1376 -352 128
vn -0.469776183 0.0587220229 0.880830348
vt 0.177756041 0.0540603995
v 1408 -336 144
vn -0.469776183 0.0587220229 0.880830348
vt 0.179386839 0.0409885049
v 1408 -308 142.133331
vn -0.469776183 0.0587220229 0.880830348
vt 0.18224071 0.0409885049
v 1408 -128 130.133331
vn -0.469776183 0.0587220229 0.880830348
vt 0.200587079 0.0409885049
v 1408 -96 128
vn -0.469776183 0.0587220229 0.880830348
vt 0.203848675 0.0409885049
f 1509/1509/1509 1508/1508/1508 1507/1507/1507 1506/1506/1506 1505/1505/1505
v 1024 972 326.399994
vn 0 1 0
vt 0.867906094 0.296568632
v 1024 972 864
vn 0 1 0
vt 0.867906094 0.3270697
v 1120 972 864
vn 0 1 0
vt 0.879647732 0.3270697
v 1248 972 864
vn 0 1 0
vt 0.895303309 0.3270697
v 1248 972 128
vn 0 1 0
vt 0.895303309 0.285312295
v 1024 972 128
vn 0 1 0
vt 0.867906094 0.285312295
f 1515/1515/1515 1514/1514/1514 1513/1513/1513 1512/1512/1512 1511/1511/1511 1510/1510/1510
v 1344 972 864
vn 0 1 0
vt 0.909001946 0.3270697
v 1344 972 128
vn 0 1 0
vt 0.909001946 0.285312295
v 1248 972 128
vn 0 1 0
vt 0.897260249 0.285312295
v 1248 972 864
vn 0 1 0
vt 0.897260249 0.3270697
f 1519/1519/1519 1518/1518/1518 1517/1517/1517 1516/1516/1516
v 1269.01929 332 864
vn 0 1 0
vt 0.898969948 0.992754579
v 1162.98071 332 864
vn 0 1 0
vt 0.913380563 0.992754579
v 1162.98071 332 438.400024
vn 0 1 0
vt 0.913380563 0.901251316
v 1269.01929 332 438.400024
vn 0 1 0
vt 0.898969948 0.901251316
f 1523/1523/1523 1522/1522/1522 1521/1521/1521 1520/1520/1520
v 1269.01929 332 256
vn 0 1 0
vt 0.102492481 0.0973297358
v 1269.01929 332 348.799988
vn 0 1 0
vt 0.102492481 0.117281556
v 1162.98071 332 256
vn 0 1 0
vt 0.116903029 0.0973297358
f 1526/1526/1526 1525/1525/1525 1524/1524/1524
v 1162.98071 332 348.799988
vn 0 1 0
vt 0.927079201 0.306824028
v 1162.98071 332 256
vn 0 1 0
vt 0.927079201 0.286872208
v 1269.01929 332 348.799988
vn 0 1 0
vt 0.912668586 0.306824028
v 1269.01929 332 438.400024
vn 0 1 0
vt 0.912668586 0.326087892
v 1162.98071 332 438.400024
vn 0 1 0
vt 0.927079201 0.326087892
f 1531/1531/1531 1530/1530/1530 1529/1529/1529 1528/1528/1528 1527/1527/1527
v 1088 108 864
vn 1 0 0
vt 0.934442282 0.993091047
v 1088 105.72583 864
vn 1 0 0
vt 0.934720457 0.993091047
v 1088 105.72583 348.799988
vn 1 0 0
vt 0.934720457 0.901587784
v 1088 238.27417 348.799988
vn 1 0 0
vt 0.91850853 0.901587784
v 1088 238.27417 864
vn 1 0 0
vt 0.91850853 0.993091047
f 1536/1536/1536 1535/1535/1535 1534/1534/1534 1533/1533/1533 1532/1532/1532
v 1088 238.27417 348.799988
vn 1 0 0
vt 0.932207167 0.32642442
v 1088 105.72583 348.799988
vn 1 0 0
vt 0.948419094 0.32642442
v 1088 105.72583 128
vn 1 0 0
vt 0.948419094 0.287208736
v 1088 238.27417 128
vn 1 0 0
vt 0.932207167 0.287208736
f 1540/1540/1540 1539/1539/1539 1538/1538/1538 1537/1537/1537
v 1269.01929 12 348.799988
vn 0 1 0
vt 0.952668726 0.901587784
v 1162.98071 12 348.799988
vn 0 1 0
vt 0.939699173 0.901587784
v 1162.98071 12 864
vn 0 1 0
vt 0.939699173 0.993091047
v 1269.01929 12 864
vn 0 1 0
vt 0.952668726 0.993091047
f 1544/1544/1544 1543/1543/1543 1542/1542/1542 1541/1541/1541
v 1269.01929 12 128
vn 0 1 0
vt 0.966367364 0.287208736
v 1162.98071 12 128
vn 0 1 0
vt 0.95339781 0.287208736
v 1162.98071 12 348.799988
vn 0 1 0
vt 0.95339781 0.32642442
v 1269.01929 12 348.799988
vn 0 1 0
vt 0.966367364 0.32642442
f 1548/1548/1548 1547/1547/1547 1546/1546/1546 1545/1545/1545
v 1312.5293 92 864
vn 0.780868828 -0.624695063 -0
vt 0.959589064 0.993091047
v 1261.32935 28 864
vn 0.780868828 -0.624695063 -0
vt 0.969613492 0.993091047
v 1261.32935 28 348.799988
vn 0.780868828 -0.624695063 -0
vt 0.969613492 0.901587784
v 1328 111.338326 348.799988
vn 0.780868828 -0.624695063 -0
vt 0.956560075 0.901587784
v 1328 111.338326 864
vn 0.780868828 -0.624695063 -0
vt 0.956560075 0.993091047
f 1553/1553/1553 1552/1552/1552 1551/1551/1551 1550/1550/1550 1549/1549/1549
v 1261.32935 28 128
vn 0.780868828 -0.624695063 -0
vt 0.98331213 0.287208736
v 1328 111.338326 128
vn 0.780868828 -0.624695063 -0
vt 0.970258653 0.287208736
v 1328 111.338326 348.799988
vn 0.780868828 -0.624695063 -0
vt 0.970258653 0.32642442
v 1261.32935 28 348.799988
vn 0.780868828 -0.624695063 -0
vt 0.98331213 0.32642442
f 1557/1557/1557 1556/1556/1556 1555/1555/1555 1554/1554/1554
v 1344 105.72583 348.799988
vn 0.780868828 -0.624695063 0
vt 0.987374961 0.901587784
v 1269.01929 12 348.799988
vn 0.780868828 -0.624695063 0
vt 0.972694457 0.901587784
v 1269.01929 12 864
vn 0.780868828 -0.624695063 0
vt 0.972694457 0.993091047
v 1344 105.72583 864
vn 0.780868828 -0.624695063 0
vt 0.987374961 0.993091047
f 1561/1561/1561 1560/1560/1560 1559/1559/1559 1558/1558/1558
v 1344 105.72583 128
vn 0.780868828 -0.624695063 0
vt 0.0167291723 0.22838515
v 1269.01929 12 128
vn 0.780868828 -0.624695063 0
vt 0.00204868661 0.22838515
v 1269.01929 12 348.799988
vn 0.780868828 -0.624695063 0
vt 0.00204868661 0.267600834
v 1344 105.72583 348.799988
vn 0.780868828 -0.624695063 0
vt 0.0167291723 0.267600834
f 1565/1565/1565 1564/1564/1564 1563/1563/1563 1562/1562/1562
v 1162.98071 332 128
vn 0.901303232 0.433188736 0
vt 0.123364344 0.097666204
v 1170.67065 316 128
vn 0.901303232 0.433188736 0
vt 0.121193111 0.097666204
v 1170.67065 316 256
vn 0.901303232 0.433188736 0
vt 0.121193111 0.120399952
v 1162.98071 332 256
vn 0.901303232 0.433188736 0
vt 0.123364344 0.120399952
f 1569/1569/1569 1568/1568/1568 1567/1567/1567 1566/1566/1566
v 1261.32935 316 128
vn 0.901303232 -0.433188736 -0
vt 0.976958215 0.0249183178
v 1269.01929 332 128
vn 0.901303232 -0.433188736 -0
vt 0.974786997 0.0249183178
v 1269.01929 332 256
vn 0.901303232 -0.433188736 -0
vt 0.974786997 0.0271916389
v 1261.32935 316 256
vn 0.901303232 -0.433188736 -0
vt 0.976958215 0.0271916389
f 1573/1573/1573 1572/1572/1572 1571/1571/1571 1570/1570/1570
v 1328 111.338326 864
vn 1 0 0
vt 0.016225744 0.881979942
v 1328 111.338326 348.799988
vn 1 0 0
vt 0.016225744 0.79047668
v 1328 232.661667 348.799988
vn 1 0 0
vt 0.00138678239 0.79047668
v 1328 232.661667 864
vn 1 0 0
vt 0.00138678239 0.881979942
f 1577/1577/1577 1576/1576/1576 1575/1575/1575 1574/1574/1574
v 1328 111.338326 128
vn 1 0 0
vt 0.0357952155 0.22838515
v 1328 232.661667 128
vn 1 0 0
vt 0.0209562536 0.22838515
v 1328 232.661667 348.799988
vn 1 0 0
vt 0.0209562536 0.267600834
v 1328 111.338326 348.799988
vn 1 0 0
vt 0.0357952155 0.267600834
f 1581/1581/1581 1580/1580/1580 1579/1579/1579 1578/1578/1578
v 1328 258.27417 348.799988
vn 0.780868828 0.624695063 0
vt 0.0228366964 0.79047668
v 1344 238.27417 348.799988
vn 0.780868828 0.624695063 0
vt 0.0197040457 0.79047668
v 1344 238.27417 864
vn 0.780868828 0.624695063 0
vt 0.0197040457 0.881979942
v 1328 258.27417 864
vn 0.780868828 0.624695063 0
vt 0.0228366964 0.881979942
f 1585/1585/1585 1584/1584/1584 1583/1583/1583 1582/1582/1582
v 1328 258.27417 128
vn 0.780868828 0.624695063 0
vt 0.0424061678 0.22838515
v 1344 238.27417 128
vn 0.780868828 0.624695063 0
vt 0.0392735191 0.22838515
v 1344 238.27417 348.799988
vn 0.780868828 0.624695063 0
vt 0.0392735191 0.267600834
v 1328 258.27417 348.799988
vn 0.780868828 0.624695063 0
vt 0.0424061678 0.267600834
f 1589/1589/1589 1588/1588/1588 1587/1587/1587 1586/1586/1586
v 1261.32935 316 438.400024
vn 0.780868828 0.624695063 -0
vt 0.0272213891 0.806390285
v 1261.32935 316 864
vn 0.780868828 0.624695063 -0
vt 0.0272213891 0.881979942
v 1328 232.661667 864
vn 0.780868828 0.624695063 -0
vt 0.0402748585 0.881979942
v 1328 232.661667 348.799988
vn 0.780868828 0.624695063 -0
vt 0.0402748585 0.79047668
v 1261.32935 316 348.799988
vn 0.780868828 0.624695063 -0
vt 0.0272213891 0.79047668
f 1594/1594/1594 1593/1593/1593 1592/1592/1592 1591/1591/1591 1590/1590/1590
v 1261.32935 316 256
vn 0.780868828 0.624695063 -0
vt 0.0467908606 0.251118898
v 1261.32935 316 348.799988
vn 0.780868828 0.624695063 -0
vt 0.0467908606 0.267600834
v 1328 232.661667 348.799988
vn 0.780868828 0.624695063 -0
vt 0.05984433 0.267600834
v 1328 232.661667 128
vn 0.780868828 0.624695063 -0
vt 0.05984433 0.22838515
v 1261.32935 316 128
vn 0.780868828 0.624695063 -0
vt 0.0467908606 0.22838515
f 1599/1599/1599 1598/1598/1598 1597/1597/1597 1596/1596/1596 1595/1595/1595
v 1269.01929 332 438.400024
vn 0.780868828 0.624695063 0
vt 0.0559109561 0.806390285
v 1269.01929 332 348.799988
vn 0.780868828 0.624695063 0
vt 0.0559109561 0.79047668
v 1328 258.27417 348.799988
vn 0.780868828 0.624695063 0
vt 0.044363115 0.79047668
v 1328 258.27417 864
vn 0.780868828 0.624695063 0
vt 0.044363115 0.881979942
v 1269.01929 332 864
vn 0.780868828 0.624695063 0
vt 0.0559109561 0.881979942
f 1604/1604/1604 1603/1603/1603 1602/1602/1602 1601/1601/1601 1600/1600/1600
v 1269.01929 332 256
vn 0.780868828 0.624695063 0
vt 0.0754804313 0.251118898
v 1269.01929 332 128
vn 0.780868828 0.624695063 0
vt 0.0754804313 0.22838515
v 1328 258.27417 128
vn 0.780868828 0.624695063 0
vt 0.0639325902 0.22838515
v 1328 258.27417 348.799988
vn 0.780868828 0.624695063 0
vt 0.0639325902 0.267600834
v 1269.01929 332 348.799988
vn 0.780868828 0.624695063 0
vt 0.0754804313 0.267600834
f 1609/1609/1609 1608/1608/1608 1607/1607/1607 1606/1606/1606 1605/1605/1605
v 1261.32935 316 438.400024
vn 0 1 0
vt 0.0711019263 0.790140212
v 1170.67065 316 438.400024
vn 0 1 0
vt 0.0600135326 0.790140212
v 1170.67065 316 864
vn 0 1 0
vt 0.0600135326 0.881643414
v 1261.32935 316 864
vn 0 1 0
vt 0.0711019263 0.881643414
f 1613/1613/1613 1612/1612/1612 1611/1611/1611 1610/1610/1610
v 1261.32935 316 438.400024
vn 0 1 0
vt 0.137638137 0.116937578
v 1261.32935 316 348.799988
vn 0 1 0
vt 0.137638137 0.0976737142
v 1170.67065 316 438.400024
vn 0 1 0
vt 0.126549736 0.116937578
f 1616/1616/1616 1615/1615/1615 1614/1614/1614
v 1170.67065 316 348.799988
vn 0 1 0
vt 0.0795830041 0.248000503
v 1170.67065 316 438.400024
vn 0 1 0
vt 0.0795830041 0.267264366
v 1261.32935 316 348.799988
vn 0 1 0
vt 0.0906713977 0.248000503
v 1261.32935 316 256
vn 0 1 0
vt 0.0906713977 0.228048682
v 1170.67065 316 256
vn 0 1 0
vt 0.0795830041 0.228048682
f 1621/1621/1621 1620/1620/1620 1619/1619/1619 1618/1618/1618 1617/1617/1617
v 1162.98071 332 256
vn 0 0 1
vt 0.87830472 0.570261478
v 1170.67065 316 256
vn 0 0 1
vt 0.877364099 0.504902005
v 1261.32935 316 256
vn 0 0 1
vt 0.866275787 0.504902005
v 1269.01929 332 256
vn 0 0 1
vt 0.865335166 0.570261478
f 1625/1625/1625 1624/1624/1624 1623/1623/1623 1622/1622/1622
v 1119.4707 92 864
vn 0.780868828 0.624695063 0
vt 0.0835545063 0.881979942
v 1104 111.338326 864
vn 0.780868828 0.624695063 0
vt 0.0865835175 0.881979942
v 1104 111.338326 348.799988
vn 0.780868828 0.624695063 0
vt 0.0865835175 0.79047668
v 1170.67065 28 348.799988
vn 0.780868828 0.624695063 0
vt 0.0735300481 0.79047668
v 1170.67065 28 864
vn 0.780868828 0.624695063 0
vt 0.0735300481 0.881979942
f 1630/1630/1630 1629/1629/1629 1628/1628/1628 1627/1627/1627 1626/1626/1626
v 1170.67065 28 128
vn 0.780868828 0.624695063 0
vt 0.0930995196 0.22838515
v 1170.67065 28 348.799988
vn 0.780868828 0.624695063 0
vt 0.0930995196 0.267600834
v 1104 111.338326 348.799988
vn 0.780868828 0.624695063 0
vt 0.106152989 0.267600834
v 1104 111.338326 128
vn 0.780868828 0.624695063 0
vt 0.106152989 0.22838515
f 1634/1634/1634 1633/1633/1633 1632/1632/1632 1631/1631/1631
v 1170.67065 28 348.799988
vn 0 1 0
vt 0.100456133 0.79047668
v 1261.32935 28 348.799988
vn 0 1 0
vt 0.0893677399 0.79047668
v 1261.32935 28 864
vn 0 1 0
vt 0.0893677399 0.881979942
v 1170.67065 28 864
vn 0 1 0
vt 0.100456133 0.881979942
f 1638/1638/1638 1637/1637/1637 1636/1636/1636 1635/1635/1635
v 1170.67065 28 128
vn 0 1 0
vt 0.120025605 0.22838515
v 1261.32935 28 128
vn 0 1 0
vt 0.108937211 0.22838515
v 1261.32935 28 348.799988
vn 0 1 0
vt 0.108937211 0.267600834
v 1170.67065 28 348.799988
vn 0 1 0
vt 0.120025605 0.267600834
f 1642/1642/1642 1641/1641/1641 1640/1640/1640 1639/1639/1639
v 1162.98071 332 438.400024
vn 0.780868828 -0.624695063 -0
vt 0.104649432 0.806390285
v 1162.98071 332 864
vn 0.780868828 -0.624695063 -0
vt 0.104649432 0.881979942
v 1088 238.27417 864
vn 0.780868828 -0.624695063 -0
vt 0.119329922 0.881979942
v 1088 238.27417 348.799988
vn 0.780868828 -0.624695063 -0
vt 0.119329922 0.79047668
v 1162.98071 332 348.799988
vn 0.780868828 -0.624695063 -0
vt 0.104649432 0.79047668
f 1647/1647/1647 1646/1646/1646 1645/1645/1645 1644/1644/1644 1643/1643/1643
v 1162.98071 332 256
vn 0.780868828 -0.624695063 -0
vt 0.124218903 0.251118898
v 1162.98071 332 348.799988
vn 0.780868828 -0.624695063 -0
vt 0.124218903 0.267600834
v 1088 238.27417 348.799988
vn 0.780868828 -0.624695063 -0
vt 0.138899386 0.267600834
v 1088 238.27417 128
vn 0.780868828 -0.624695063 -0
vt 0.138899386 0.22838515
v 1162.98071 332 128
vn 0.780868828 -0.624695063 -0
vt 0.124218903 0.22838515
f 1652/1652/1652 1651/1651/1651 1650/1650/1650 1649/1649/1649 1648/1648/1648
v 1104 111.338326 864
vn 1 0 0
vt 0.122717507 0.881979942
v 1104 232.661667 864
vn 1 0 0
vt 0.137556463 0.881979942
v 1104 232.661667 348.799988
vn 1 0 0
vt 0.137556463 0.79047668
v 1104 111.338326 348.799988
vn 1 0 0
vt 0.122717507 0.79047668
f 1656/1656/1656 1655/1655/1655 1654/1654/1654 1653/1653/1653
v 1104 111.338326 128
vn 1 0 0
vt 0.142286986 0.22838515
v 1104 111.338326 348.799988
vn 1 0 0
vt 0.142286986 0.267600834
v 1104 232.661667 348.799988
vn 1 0 0
vt 0.157125935 0.267600834
v 1104 232.661667 128
vn 1 0 0
vt 0.157125935 0.22838515
f 1660/1660/1660 1659/1659/1659 1658/1658/1658 1657/1657/1657
v 1170.67065 316 438.400024
vn 0.780868828 -0.624695063 0
vt 0.154683992 0.806390285
v 1170.67065 316 348.799988
vn 0.780868828 -0.624695063 0
vt 0.154683992 0.79047668
v 1104 232.661667 348.799988
vn 0.780868828 -0.624695063 0
vt 0.14163053 0.79047668
v 1104 232.661667 864
vn 0.780868828 -0.624695063 0
vt 0.14163053 0.881979942
v 1170.67065 316 864
vn 0.780868828 -0.624695063 0
vt 0.154683992 0.881979942
f 1665/1665/1665 1664/1664/1664 1663/1663/1663 1662/1662/1662 1661/1661/1661
v 1170.67065 316 256
vn 0.780868828 -0.624695063 0
vt 0.174253464 0.251118898
v 1170.67065 316 128
vn 0.780868828 -0.624695063 0
vt 0.174253464 0.22838515
v 1104 232.661667 128
vn 0.780868828 -0.624695063 0
vt 0.161200002 0.22838515
v 1104 232.661667 348.799988
vn 0.780868828 -0.624695063 0
vt 0.161200002 0.267600834
v 1170.67065 316 348.799988
vn 0.780868828 -0.624695063 0
vt 0.174253464 0.267600834
f 1670/1670/1670 1669/1669/1669 1668/1668/1668 1667/1667/1667 1666/1666/1666
v 1162.98071 12 348.799988
vn 0.780868828 0.624695063 -0
vt 0.173985854 0.79047668
v 1088 105.72583 348.799988
vn 0.780868828 0.624695063 -0
vt 0.159305364 0.79047668
v 1088 105.72583 864
vn 0.780868828 0.624695063 -0
vt 0.159305364 0.881979942
v 1162.98071 12 864
vn 0.780868828 0.624695063 -0
vt 0.173985854 0.881979942
f 1674/1674/1674 1673/1673/1673 1672/1672/1672 1671/1671/1671
v 1162.98071 12 128
vn 0.780868828 0.624695063 -0
vt 0.193555325 0.22838515
v 1088 105.72583 128
vn 0.780868828 0.624695063 -0
vt 0.178874835 0.22838515
v 1088 105.72583 348.799988
vn 0.780868828 0.624695063 -0
vt 0.178874835 0.267600834
v 1162.98071 12 348.799988
vn 0.780868828 0.624695063 -0
vt 0.193555325 0.267600834
f 1678/1678/1678 1677/1677/1677 1676/1676/1676 1675/1675/1675
v 1356.80005 -1268 640
vn 0 1 0
vt 0.202935413 0.230119765
v 1408 -1268 640
vn 0 1 0
vt 0.196673185 0.230119765
v 1408 -1268 864
vn 0 1 0
vt 0.196673185 0.268246174
f 1681/1681/1681 1680/1680/1680 1679/1679/1679
v 1184 -1268 864
vn 0 1 0
vt 0.233855188 0.268246174
v 1184 -1268 640
vn 0 1 0
vt 0.233855188 0.230119765
v 1222.40002 -1268 640
vn 0 1 0
vt 0.229158506 0.230119765
v 1356.80005 -1268 640
vn 0 1 0
vt 0.212720156 0.230119765
v 1408 -1268 864
vn 0 1 0
vt 0.206457928 0.268246174
f 1686/1686/1686 1685/1685/1685 1684/1684/1684 1683/1683/1683 1682/1682/1682
v 1088 -1268 864
vn 0 1 0
vt 0.24755381 0.268246174
v 1024 -1268 864
vn 0 1 0
vt 0.255381614 0.268246174
v 1024 -1268 640
vn 0 1 0
vt 0.255381614 0.230119765
v 1088 -1268 640
vn 0 1 0
vt 0.24755381 0.230119765
v 1184 -1268 640
vn 0 1 0
vt 0.235812128 0.230119765
v 1184 -1268 864
vn 0 1 0
vt 0.235812128 0.268246174
f 1692/1692/1692 1691/1691/1691 1690/1690/1690 1689/1689/1689 1688/1688/1688 1687/1687/1687
v 1216 -1268 608
vn 0 1 0
vt 0.400195688 0.57107842
v 1184 -1268 608
vn 0 1 0
vt 0.404109597 0.57107842
v 1184 -1268 128
vn 0 1 0
vt 0.404109597 0.489379108
v 1408 -1268 128
vn 0 1 0
vt 0.376712322 0.489379108
v 1408 -1268 608
vn 0 1 0
vt 0.376712322 0.57107842
f 1697/1697/1697 1696/1696/1696 1695/1695/1695 1694/1694/1694 1693/1693/1693
v 1088 -1268 608
vn 0 1 0
vt 0.417808205 0.57107842
v 1024 -1268 608
vn 0 1 0
vt 0.425635993 0.57107842
v 1024 -1268 128
vn 0 1 0
vt 0.425635993 0.489379108
v 1088 -1268 128
vn 0 1 0
vt 0.417808205 0.489379108
v 1184 -1268 128
vn 0 1 0
vt 0.406066537 0.489379108
v 1184 -1268 608
vn 0 1 0
vt 0.406066537 0.57107842
f 1703/1703/1703 1702/1702/1702 1701/1701/1701 1700/1700/1700 1699/1699/1699 1698/1698/1698
v 1408 -462 640
vn 1 0 0
vt 0.268346369 0.230119765
v 1408 -372 640
vn 1 0 0
vt 0.257338554 0.230119765
v 1408 -372 864
vn 1 0 0
vt 0.257338554 0.268246174
v 1408 -468 864
vn 1 0 0
vt 0.269080222 0.268246174
v 1408 -468 640
vn 1 0 0
vt 0.269080222 0.230119765
f 1708/1708/1708 1707/1707/1707 1706/1706/1706 1705/1705/1705 1704/1704/1704
v 1408 -468 640
vn 1 0 0
vt 0.214285716 0.0275053978
v 1408 -468 608
vn 1 0 0
vt 0.214285716 0.0220588446
v 1408 -462 608
vn 1 0 0
vt 0.213551864 0.0220588446
v 1408 -462 640
vn 1 0 0
vt 0.213551864 0.0275053978
f 1712/1712/1712 1711/1711/1711 1710/1710/1710 1709/1709/1709
v 1408 -468 128
vn 1 0 0
vt 0.991193712 0.0253267884
v 1408 -372 128
vn 1 0 0
vt 0.979452074 0.0253267884
v 1408 -372 132
vn 1 0 0
vt 0.979452074 0.0260076523
v 1408 -372 149.333328
vn 1 0 0
vt 0.979452074 0.0289579034
f 1716/1716/1716 1715/1715/1715 1714/1714/1714 1713/1713/1713
v 1408 -372 326.399994
vn 1 0 0
vt 0.842465758 0.346677542
v 1408 -372 608
vn 1 0 0
vt 0.842465758 0.394607842
v 1408 -462 608
vn 1 0 0
vt 0.853473604 0.394607842
f 1719/1719/1719 1718/1718/1718 1717/1717/1717
v 1408 -468 326.399994
vn 1 0 0
vt 0.439334631 0.523148119
v 1408 -468 128
vn 1 0 0
vt 0.439334631 0.489379108
v 1408 -372 149.333328
vn 1 0 0
vt 0.427592963 0.493010163
v 1408 -372 326.399994
vn 1 0 0
vt 0.427592963 0.523148119
v 1408 -462 608
vn 1 0 0
vt 0.438600779 0.57107842
v 1408 -468 608
vn 1 0 0
vt 0.439334631 0.57107842
f 1725/1725/1725 1724/1724/1724 1723/1723/1723 1722/1722/1722 1721/1721/1721 1720/1720/1720
v 1408 -916 864
vn 1 0 0
vt 0.271037191 0.268246174
v 1408 -1028 864
vn 1 0 0
vt 0.284735799 0.268246174
v 1408 -1028 640
vn 1 0 0
vt 0.284735799 0.230119765
f 1728/1728/1728 1727/1727/1727 1726/1726/1726
v 1408 -1028 608
vn 1 0 0
vt 0.190802351 0.83905232
v 1408 -1028 326.399994
vn 1 0 0
vt 0.190802351 0.791122019
v 1408 -916 326.399994
vn 1 0 0
vt 0.177103713 0.791122019
v 1408 -916 864
vn 1 0 0
vt 0.177103713 0.882625282
v 1408 -1028 640
vn 1 0 0
vt 0.190802351 0.844498873
f 1733/1733/1733 1732/1732/1732 1731/1731/1731 1730/1730/1730 1729/1729/1729
v 1408 -468 864
vn 1 0 0
vt 0.286692768 0.268246174
v 1408 -692 864
vn 1 0 0
vt 0.314090014 0.268246174
v 1408 -468 640
vn 1 0 0
vt 0.286692768 0.230119765
f 1736/1736/1736 1735/1735/1735 1734/1734/1734
v 1408 -468 608
vn 1 0 0
vt 0.19275929 0.83905232
v 1408 -468 640
vn 1 0 0
vt 0.19275929 0.844498873
v 1408 -692 864
vn 1 0 0
vt 0.22015655 0.882625282
v 1408 -692 326.399994
vn 1 0 0
vt 0.22015655 0.791122019
v 1408 -468 326.399994
vn 1 0 0
vt 0.19275929 0.791122019
f 1741/1741/1741 1740/1740/1740 1739/1739/1739 1738/1738/1738 1737/1737/1737
v 1408 -916 864
vn 1 0 0
vt 0.249510765 0.882625282
v 1408 -916 326.399994
vn 1 0 0
vt 0.249510765 0.791122019
v 1408 -692 326.399994
vn 1 0 0
vt 0.222113505 0.791122019
v 1408 -692 864
vn 1 0 0
vt 0.222113505 0.882625282
f 1745/1745/1745 1744/1744/1744 1743/1743/1743 1742/1742/1742
v 1408 -770.400024 128
vn 1 0 0
vt 0.942074358 0.182189524
v 1408 -692 128
vn 1 0 0
vt 0.932485342 0.182189524
v 1408 -692 326.399994
vn 1 0 0
vt 0.932485342 0.215958595
v 1408 -916 326.399994
vn 1 0 0
vt 0.959882557 0.215958595
v 1408 -916 128
vn 1 0 0
vt 0.959882557 0.182189524
f 1750/1750/1750 1749/1749/1749 1748/1748/1748 1747/1747/1747 1746/1746/1746
v 1408 -692 128
vn 1 0 0
vt 0.989236772 0.182189524
v 1408 -468 128
vn 1 0 0
vt 0.961839557 0.182189524
v 1408 -468 326.399994
vn 1 0 0
vt 0.961839557 0.215958595
v 1408 -692 326.399994
vn 1 0 0
vt 0.989236772 0.215958595
f 1754/1754/1754 1753/1753/1753 1752/1752/1752 1751/1751/1751
v 1408 -1028 128
vn 1 0 0
vt 0.0146771036 0.129901946
v 1408 -916 128
vn 1 0 0
vt 0.000978473574 0.129901946
v 1408 -916 326.399994
vn 1 0 0
vt 0.000978473574 0.163671017
v 1408 -1028 326.399994
vn 1 0 0
vt 0.0146771036 0.163671017
f 1758/1758/1758 1757/1757/1757 1756/1756/1756 1755/1755/1755
v 1408 -1268 864
vn 1 0 0
vt 0.323874742 0.268246174
v 1408 -1268 640
vn 1 0 0
vt 0.323874742 0.230119765
v 1408 -1204 640
vn 1 0 0
vt 0.316046953 0.230119765
f 1761/1761/1761 1760/1760/1760 1759/1759/1759
v 1408 -1140 640
vn 1 0 0
vt 0.339530319 0.230119765
v 1408 -1028 640
vn 1 0 0
vt 0.325831711 0.230119765
v 1408 -1028 864
vn 1 0 0
vt 0.325831711 0.268246174
v 1408 -1268 864
vn 1 0 0
vt 0.355185896 0.268246174
v 1408 -1204 640
vn 1 0 0
vt 0.347358108 0.230119765
f 1766/1766/1766 1765/1765/1765 1764/1764/1764 1763/1763/1763 1762/1762/1762
v 1408 -1028 326.399994
vn 1 0 0
vt 0.441291571 0.523148119
v 1408 -1028 608
vn 1 0 0
vt 0.441291571 0.57107842
v 1408 -1204 608
vn 1 0 0
vt 0.462817997 0.57107842
v 1408 -1268 608
vn 1 0 0
vt 0.470645785 0.57107842
v 1408 -1268 128
vn 1 0 0
vt 0.470645785 0.489379108
v 1408 -1028 128
vn 1 0 0
vt 0.441291571 0.489379108
f 1772/1772/1772 1771/1771/1771 1770/1770/1770 1769/1769/1769 1768/1768/1768 1767/1767/1767
v 1088 -694.27417 864
vn 1 0 0
vt 0.0360068381 0.395098031
v 1088 -694.27417 640
vn 1 0 0
vt 0.0360068381 0.339179397
v 1088 -618.799988 640
vn 1 0 0
vt 0.0295450054 0.339179397
f 1775/1775/1775 1774/1774/1774 1773/1773/1773
v 1088 -564 864
vn 1 0 0
vt 0.0385518558 0.395098031
v 1088 -694.27417 864
vn 1 0 0
vt 0.0497054681 0.395098031
v 1088 -618.799988 640
vn 1 0 0
vt 0.0432436354 0.339179397
v 1088 -561.72583 640
vn 1 0 0
vt 0.0383571498 0.339179397
v 1088 -561.72583 864
vn 1 0 0
vt 0.0383571498 0.395098031
f 1780/1780/1780 1779/1779/1779 1778/1778/1778 1777/1777/1777 1776/1776/1776
v 1088 -575.200012 128
vn 1 0 0
vt 0.359158516 0.228793681
v 1088 -561.72583 128
vn 1 0 0
vt 0.357675314 0.228793681
v 1088 -561.72583 340.363647
vn 1 0 0
vt 0.357675314 0.266511023
v 1088 -694.27417 340.363647
vn 1 0 0
vt 0.372265995 0.266511023
v 1088 -694.27417 128
vn 1 0 0
vt 0.372265995 0.228793681
f 1785/1785/1785 1784/1784/1784 1783/1783/1783 1782/1782/1782 1781/1781/1781
v 1088 -618.799988 608
vn 1 0 0
vt 0.645983398 0.566485167
v 1088 -694.27417 608
vn 1 0 0
vt 0.652445197 0.566485167
v 1088 -694.27417 340.363647
vn 1 0 0
vt 0.652445197 0.499673188
v 1088 -561.72583 340.363647
vn 1 0 0
vt 0.64109683 0.499673188
v 1088 -561.72583 608
vn 1 0 0
vt 0.64109683 0.566485167
f 1790/1790/1790 1789/1789/1789 1788/1788/1788 1787/1787/1787 1786/1786/1786
v 1252 -1028 640
vn 0 1 0
vt 0.217710376 0.0294117928
v 1252 -1028 608
vn 0 1 0
vt 0.217710376 0.0163398981
v 1254.40002 -1028 640
vn 0 1 0
vt 0.217416823 0.0294117928
f 1793/1793/1793 1792/1792/1792 1791/1791/1791
v 1388.80005 -1028 640
vn 0 1 0
vt 0.222504884 0.0294117928
v 1254.40002 -1028 640
vn 0 1 0
vt 0.238943249 0.0294117928
v 1252 -1028 608
vn 0 1 0
vt 0.239236787 0.0163398981
v 1408 -1028 608
vn 0 1 0
vt 0.22015655 0.0163398981
v 1408 -1028 640
vn 0 1 0
vt 0.22015655 0.0294117928
f 1798/1798/1798 1797/1797/1797 1796/1796/1796 1795/1795/1795 1794/1794/1794
v 1269.01929 -468 340.363647
vn 0 1 0
vt 0.376098424 0.266511023
v 1162.98071 -468 340.363647
vn 0 1 0
vt 0.389067918 0.266511023
v 1162.98071 -468 128
vn 0 1 0
vt 0.389067918 0.228793681
v 1269.01929 -468 128
vn 0 1 0
vt 0.376098424 0.228793681
f 1802/1802/1802 1801/1801/1801 1800/1800/1800 1799/1799/1799
v 1184 -468 864
vn 0 1 0
vt 0.263209403 0.885294139
v 1162.98071 -468 864
vn 0 1 0
vt 0.26578024 0.885294139
v 1162.98071 -468 497.454529
vn 0 1 0
vt 0.26578024 0.793790877
v 1269.01929 -468 497.454529
vn 0 1 0
vt 0.252810746 0.793790877
v 1269.01929 -468 864
vn 0 1 0
vt 0.252810746 0.885294139
f 1807/1807/1807 1806/1806/1806 1805/1805/1805 1804/1804/1804 1803/1803/1803
v 1269.01929 -468 340.363647
vn 0 1 0
vt 0.393710941 0.231699347
v 1269.01929 -468 497.454529
vn 0 1 0
vt 0.393710941 0.270915031
v 1162.98071 -468 497.454529
vn 0 1 0
vt 0.406680435 0.270915031
v 1162.98071 -468 340.363647
vn 0 1 0
vt 0.406680435 0.231699347
f 1811/1811/1811 1810/1810/1810 1809/1809/1809 1808/1808/1808
v 1120 -462 608
vn 0 0 1
vt 0.0166340508 0.129901946
v 1120 -372 608
vn 0 0 1
vt 0.0166340508 0.166666687
v 1088 -372 608
vn 0 0 1
vt 0.0205479451 0.166666687
v 1088 -462 608
vn 0 0 1
vt 0.0205479451 0.129901946
v 1088 -468 608
vn 0 0 1
vt 0.0205479451 0.127451003
v 1120 -468 608
vn 0 0 1
vt 0.0166340508 0.127451003
f 1817/1817/1817 1816/1816/1816 1815/1815/1815 1814/1814/1814 1813/1813/1813 1812/1812/1812
v 1344 -462 608
vn 0 0 1
vt 0.0303326808 0.129901946
v 1408 -462 608
vn 0 0 1
vt 0.0225048922 0.129901946
v 1408 -372 608
vn 0 0 1
vt 0.0225048922 0.166666687
v 1184 -372 608
vn 0 0 1
vt 0.0499021523 0.166666687
v 1184 -462 608
vn 0 0 1
vt 0.0499021523 0.129901946
f 1822/1822/1822 1821/1821/1821 1820/1820/1820 1819/1819/1819 1818/1818/1818
v 1184 -462 608
vn 0 0 1
vt 0.0518590994 0.129901946
v 1184 -372 608
vn 0 0 1
vt 0.0518590994 0.166666687
v 1120 -372 608
vn 0 0 1
vt 0.059686888 0.166666687
v 1120 -462 608
vn 0 0 1
vt 0.059686888 0.129901946
f 1826/1826/1826 1825/1825/1825 1824/1824/1824 1823/1823/1823
v 1088 -462 640
vn 0 0 1
vt 0.212573379 0.0375816822
v 1088 -436 640
vn 0 0 1
vt 0.207273319 0.0375816822
v 1120 -436 640
vn 0 0 1
vt 0.207273319 0.0506535769
v 1120 -462 640
vn 0 0 1
vt 0.212573379 0.0506535769
v 1120 -468 640
vn 0 0 1
vt 0.213796481 0.0506535769
v 1088 -468 640
vn 0 0 1
vt 0.213796481 0.0375816822
f 1832/1832/1832 1831/1831/1831 1830/1830/1830 1829/1829/1829 1828/1828/1828 1827/1827/1827
v 1088 -372 640
vn 0 0 1
vt 0.0616438352 0.162853956
v 1120 -372 640
vn 0 0 1
vt 0.066536203 0.162853956
v 1120 -436 640
vn 0 0 1
vt 0.066536203 0.133805394
v 1088 -436 640
vn 0 0 1
vt 0.0616438352 0.133805394
f 1836/1836/1836 1835/1835/1835 1834/1834/1834 1833/1833/1833
v 1184 -372 640
vn 0 0 1
vt 0.420743644 0.267429173
v 1299.19995 -372 640
vn 0 0 1
vt 0.438356161 0.267429173
v 1299.19995 -462 640
vn 0 0 1
vt 0.438356161 0.226579487
v 1120 -462 640
vn 0 0 1
vt 0.410958916 0.226579487
v 1120 -436 640
vn 0 0 1
vt 0.410958916 0.238380551
v 1120 -372 640
vn 0 0 1
vt 0.410958916 0.267429173
f 1842/1842/1842 1841/1841/1841 1840/1840/1840 1839/1839/1839 1838/1838/1838 1837/1837/1837
v 1344 -462 640
vn 0 0 1
vt 0.449119359 0.226579487
v 1299.19995 -462 640
vn 0 0 1
vt 0.44227007 0.226579487
v 1299.19995 -372 640
vn 0 0 1
vt 0.44227007 0.267429173
v 1408 -372 640
vn 0 0 1
vt 0.458904117 0.267429173
v 1408 -462 640
vn 0 0 1
vt 0.458904117 0.226579487
f 1847/1847/1847 1846/1846/1846 1845/1845/1845 1844/1844/1844 1843/1843/1843
v 1299.19995 -462 640
vn 0 1 0
vt 0.242074355 0.0294117928
v 1344 -462 640
vn 0 1 0
vt 0.24755381 0.0294117928
v 1344 -462 608
vn 0 1 0
vt 0.24755381 0.0163398981
f 1850/1850/1850 1849/1849/1849 1848/1848/1848
v 1184 -462 608
vn 0 1 0
vt 0.257338554 0.0163398981
v 1120 -462 608
vn 0 1 0
vt 0.249510765 0.0163398981
v 1120 -462 640
vn 0 1 0
vt 0.249510765 0.0294117928
v 1299.19995 -462 640
vn 0 1 0
vt 0.271428555 0.0294117928
v 1344 -462 608
vn 0 1 0
vt 0.27690801 0.0163398981
f 1855/1855/1855 1854/1854/1854 1853/1853/1853 1852/1852/1852 1851/1851/1851
v 1408 -462 640
vn 0 1 0
vt 0.286692768 0.0294117928
v 1408 -462 608
vn 0 1 0
vt 0.286692768 0.0163398981
v 1344 -462 608
vn 0 1 0
vt 0.27886498 0.0163398981
v 1344 -462 640
vn 0 1 0
vt 0.27886498 0.0294117928
f 1859/1859/1859 1858/1858/1858 1857/1857/1857 1856/1856/1856
v 1120 -462 608
vn 1 0 0
vt 0.28938356 0.0163398981
v 1120 -468 608
vn 1 0 0
vt 0.288649708 0.0163398981
v 1120 -468 640
vn 1 0 0
vt 0.288649708 0.0294117928
v 1120 -462 640
vn 1 0 0
vt 0.28938356 0.0294117928
f 1863/1863/1863 1862/1862/1862 1861/1861/1861 1860/1860/1860
v 1344 -694.27417 128
vn 1 0 0
vt 0.461393505 0.228793681
v 1344 -694.27417 340.363647
vn 1 0 0
vt 0.461393505 0.266511023
v 1344 -561.72583 340.363647
vn 1 0 0
vt 0.475984186 0.266511023
v 1344 -561.72583 128
vn 1 0 0
vt 0.475984186 0.228793681
f 1867/1867/1867 1866/1866/1866 1865/1865/1865 1864/1864/1864
v 1344 -692 864
vn 1 0 0
vt 0.269471616 0.885294139
v 1344 -561.72583 864
vn 1 0 0
vt 0.280625224 0.885294139
v 1344 -561.72583 497.454529
vn 1 0 0
vt 0.280625224 0.793790877
v 1344 -694.27417 497.454529
vn 1 0 0
vt 0.269276917 0.793790877
v 1344 -694.27417 864
vn 1 0 0
vt 0.269276917 0.885294139
f 1872/1872/1872 1871/1871/1871 1870/1870/1870 1869/1869/1869 1868/1868/1868
v 1344 -561.72583 340.363647
vn 1 0 0
vt 0.490018576 0.231699347
v 1344 -694.27417 340.363647
vn 1 0 0
vt 0.478670269 0.231699347
v 1344 -694.27417 497.454529
vn 1 0 0
vt 0.478670269 0.270915031
v 1344 -561.72583 497.454529
vn 1 0 0
vt 0.490018576 0.270915031
f 1876/1876/1876 1875/1875/1875 1874/1874/1874 1873/1873/1873
v 1344 -561.72583 340.363647
vn 0.780868828 0.624695063 0
vt 0.492218077 0.266511023
v 1269.01929 -468 340.363647
vn 0.780868828 0.624695063 0
vt 0.506021976 0.266511023
v 1269.01929 -468 128
vn 0.780868828 0.624695063 0
vt 0.506021976 0.228793681
v 1344 -561.72583 128
vn 0.780868828 0.624695063 0
vt 0.492218077 0.228793681
f 1880/1880/1880 1879/1879/1879 1878/1878/1878 1877/1877/1877
v 1344 -561.72583 864
vn 0.780868828 0.624695063 0
vt 0.283374518 0.885294139
v 1269.01929 -468 864
vn 0.780868828 0.624695063 0
vt 0.29556042 0.885294139
v 1269.01929 -468 497.454529
vn 0.780868828 0.624695063 0
vt 0.29556042 0.793790877
v 1344 -561.72583 497.454529
vn 0.780868828 0.624695063 0
vt 0.283374518 0.793790877
f 1884/1884/1884 1883/1883/1883 1882/1882/1882 1881/1881/1881
v 1344 -561.72583 497.454529
vn 0.780868828 0.624695063 0
vt 0.510380387 0.270915031
v 1269.01929 -468 497.454529
vn 0.780868828 0.624695063 0
vt 0.522566259 0.270915031
v 1269.01929 -468 340.363647
vn 0.780868828 0.624695063 0
vt 0.522566259 0.231699347
v 1344 -561.72583 340.363647
vn 0.780868828 0.624695063 0
vt 0.510380387 0.231699347
f 1888/1888/1888 1887/1887/1887 1886/1886/1886 1885/1885/1885
v 1328 -683.902344 864
vn 1 0 0
vt 0.309091449 0.885294139
v 1328 -683.902344 497.454529
vn 1 0 0
vt 0.309091449 0.793790877
v 1328 -572.097656 497.454529
vn 1 0 0
vt 0.299519122 0.793790877
v 1328 -572.097656 864
vn 1 0 0
vt 0.299519122 0.885294139
f 1892/1892/1892 1891/1891/1891 1890/1890/1890 1889/1889/1889
v 1328 -683.902344 340.363647
vn 1 0 0
vt 0.536097348 0.231699347
v 1328 -572.097656 340.363647
vn 1 0 0
vt 0.526524961 0.231699347
v 1328 -572.097656 497.454529
vn 1 0 0
vt 0.526524961 0.270915031
v 1328 -683.902344 497.454529
vn 1 0 0
vt 0.536097348 0.270915031
f 1896/1896/1896 1895/1895/1895 1894/1894/1894 1893/1893/1893
v 1328 -683.902344 340.363647
vn 1 0 0
vt 0.539421737 0.266511023
v 1328 -687.515076 340.363647
vn 1 0 0
vt 0.539819419 0.266511023
v 1328 -687.515076 128
vn 1 0 0
vt 0.539819419 0.228793681
f 1899/1899/1899 1898/1898/1898 1897/1897/1897
v 1328 -568.484924 128
vn 1 0 0
vt 0.544329345 0.228793681
v 1328 -568.484924 340.363647
vn 1 0 0
vt 0.544329345 0.266511023
v 1328 -572.097656 340.363647
vn 1 0 0
vt 0.544727027 0.266511023
v 1328 -683.902344 340.363647
vn 1 0 0
vt 0.557034254 0.266511023
v 1328 -687.515076 128
vn 1 0 0
vt 0.557431936 0.228793681
f 1904/1904/1904 1903/1903/1903 1902/1902/1902 1901/1901/1901 1900/1900/1900
v 1344 -694.27417 497.454529
vn 0.780868828 -0.624695063 0
vt 0.315805733 0.793790877
v 1328 -714.27417 497.454529
vn 0.780868828 -0.624695063 0
vt 0.313205391 0.793790877
v 1328 -714.27417 864
vn 0.780868828 -0.624695063 0
vt 0.313205391 0.885294139
v 1344 -694.27417 864
vn 0.780868828 -0.624695063 0
vt 0.315805733 0.885294139
f 1908/1908/1908 1907/1907/1907 1906/1906/1906 1905/1905/1905
v 1344 -694.27417 340.363647
vn 0.780868828 -0.624695063 0
vt 0.564337969 0.231699347
v 1328 -714.27417 340.363647
vn 0.780868828 -0.624695063 0
vt 0.561737657 0.231699347
v 1328 -714.27417 497.454529
vn 0.780868828 -0.624695063 0
vt 0.561737657 0.270915031
v 1344 -694.27417 497.454529
vn 0.780868828 -0.624695063 0
vt 0.564337969 0.270915031
f 1912/1912/1912 1911/1911/1911 1910/1910/1910 1909/1909/1909
v 1328 -714.27417 340.363647
vn 0.780868828 -0.624695063 0
vt 0.567629755 0.266511023
v 1344 -694.27417 340.363647
vn 0.780868828 -0.624695063 0
vt 0.570575356 0.266511023
v 1344 -694.27417 128
vn 0.780868828 -0.624695063 0
vt 0.570575356 0.228793681
v 1328 -714.27417 128
vn 0.780868828 -0.624695063 0
vt 0.567629755 0.228793681
f 1916/1916/1916 1915/1915/1915 1914/1914/1914 1913/1913/1913
v 1314.92273 -552.138245 340.363647
vn 0.780868828 0.624695063 -0
vt 0.580951333 0.266511023
v 1328 -568.484924 340.363647
vn 0.780868828 0.624695063 -0
vt 0.583358884 0.266511023
v 1328 -568.484924 128
vn 0.780868828 0.624695063 -0
vt 0.583358884 0.228793681
v 1289.32263 -520.138245 340.363647
vn 0.780868828 0.624695063 -0
vt 0.576238334 0.266511023
f 1920/1920/1920 1919/1919/1919 1918/1918/1918 1917/1917/1917
v 1261.83423 -485.777771 128
vn 0.780868828 0.624695063 -0
vt 0.586833298 0.228793681
v 1261.83423 -485.777771 340.363647
vn 0.780868828 0.624695063 -0
vt 0.586833298 0.266511023
v 1263.72266 -488.138275 340.363647
vn 0.780868828 0.624695063 -0
vt 0.587180972 0.266511023
v 1289.32263 -520.138245 340.363647
vn 0.780868828 0.624695063 -0
vt 0.591893911 0.266511023
v 1328 -568.484924 128
vn 0.780868828 0.624695063 -0
vt 0.599014461 0.228793681
f 1925/1925/1925 1924/1924/1924 1923/1923/1923 1922/1922/1922 1921/1921/1921
v 1162.98071 -468 497.454529
vn 0.780868828 -0.624695063 -0
vt 0.0697042048 0.133660138
v 1120 -521.72583 608
vn 0.780868828 -0.624695063 -0
vt 0.0766894445 0.161256373
v 1120 -521.72583 497.454529
vn 0.780868828 -0.624695063 -0
vt 0.0766894445 0.133660138
f 1928/1928/1928 1927/1927/1927 1926/1926/1926
v 1120 -521.72583 640
vn 0.780868828 -0.624695063 -0
vt 0.325221747 0.829375446
v 1120 -521.72583 608
vn 0.780868828 -0.624695063 -0
vt 0.325221747 0.821387053
v 1162.98071 -468 497.454529
vn 0.780868828 -0.624695063 -0
vt 0.3182365 0.793790877
v 1162.98071 -468 864
vn 0.780868828 -0.624695063 -0
vt 0.3182365 0.885294139
v 1120 -521.72583 864
vn 0.780868828 -0.624695063 -0
vt 0.325221747 0.885294139
f 1933/1933/1933 1932/1932/1932 1931/1931/1931 1930/1930/1930 1929/1929/1929
v 1162.98071 -468 497.454529
vn 0.780868828 -0.624695063 -0
vt 0.601993799 0.270915031
v 1120 -521.72583 497.454529
vn 0.780868828 -0.624695063 -0
vt 0.608979046 0.270915031
v 1120 -521.72583 340.363647
vn 0.780868828 -0.624695063 -0
vt 0.608979046 0.231699347
v 1162.98071 -468 340.363647
vn 0.780868828 -0.624695063 -0
vt 0.601993799 0.231699347
f 1937/1937/1937 1936/1936/1936 1935/1935/1935 1934/1934/1934
v 1120 -521.72583 864
vn 0.780868828 -0.624695063 -0
vt 0.053206075 0.395098031
v 1088 -561.72583 864
vn 0.780868828 -0.624695063 -0
vt 0.058406733 0.395098031
v 1088 -561.72583 640
vn 0.780868828 -0.624695063 -0
vt 0.058406733 0.339179397
v 1120 -521.72583 640
vn 0.780868828 -0.624695063 -0
vt 0.053206075 0.339179397
f 1941/1941/1941 1940/1940/1940 1939/1939/1939 1938/1938/1938
v 1120 -521.72583 340.363647
vn 0.780868828 -0.624695063 -0
vt 0.621297181 0.266511023
v 1088 -561.72583 340.363647
vn 0.780868828 -0.624695063 -0
vt 0.627188385 0.266511023
v 1088 -561.72583 128
vn 0.780868828 -0.624695063 -0
vt 0.627188385 0.228793681
v 1162.98071 -468 128
vn 0.780868828 -0.624695063 -0
vt 0.613384426 0.228793681
v 1162.98071 -468 340.363647
vn 0.780868828 -0.624695063 -0
vt 0.613384426 0.266511023
f 1946/1946/1946 1945/1945/1945 1944/1944/1944 1943/1943/1943 1942/1942/1942
v 1120 -521.72583 497.454529
vn 0.780868828 -0.624695063 -0
vt 0.655945778 0.538888872
v 1120 -521.72583 608
vn 0.780868828 -0.624695063 -0
vt 0.655945778 0.566485167
v 1088 -561.72583 608
vn 0.780868828 -0.624695063 -0
vt 0.661146402 0.566485167
v 1088 -561.72583 340.363647
vn 0.780868828 -0.624695063 -0
vt 0.661146402 0.499673188
v 1120 -521.72583 340.363647
vn 0.780868828 -0.624695063 -0
vt 0.655945778 0.499673188
f 1951/1951/1951 1950/1950/1950 1949/1949/1949 1948/1948/1948 1947/1947/1947
v 1261.83423 -485.777771 340.363647
vn 0 1 0
vt 0.640635252 0.266511023
v 1261.83423 -485.777771 128
vn 0 1 0
vt 0.640635252 0.228793681
v 1170.16577 -485.777771 128
vn 0 1 0
vt 0.62942344 0.228793681
v 1170.16577 -485.777771 340.363647
vn 0 1 0
vt 0.62942344 0.266511023
f 1955/1955/1955 1954/1954/1954 1953/1953/1953 1952/1952/1952
v 1261.83423 -770.222229 340.363647
vn 0 0 1
vt 0.0638656765 0.392175019
v 1247.61206 -788 340.363647
vn 0 0 1
vt 0.0656051785 0.341339886
v 1252 -788 340.363647
vn 0 0 1
vt 0.0650684908 0.341339886
v 1269.01929 -788 340.363647
vn 0 0 1
vt 0.0629868805 0.341339886
f 1959/1959/1959 1958/1958/1958 1957/1957/1957 1956/1956/1956
v 1136.07812 -724 340.363647
vn 0 0 1
vt 0.331692994 0.858088255
v 1129.59998 -715.902344 340.363647
vn 0 0 1
vt 0.332485318 0.881243348
v 1126.70984 -715.902344 340.363647
vn 0 0 1
vt 0.332838804 0.881243348
v 1152.30981 -747.902344 340.363647
vn 0 0 1
vt 0.329707712 0.789740086
v 1155.19995 -747.902344 340.363647
vn 0 0 1
vt 0.329354227 0.789740086
f 1964/1964/1964 1963/1963/1963 1962/1962/1962 1961/1961/1961 1960/1960/1960
v 1110.47815 -692 340.363647
vn 0 0 1
vt 0.338738024 0.858088255
v 1104 -683.902344 340.363647
vn 0 0 1
vt 0.339530319 0.881243348
v 1104 -687.515076 340.363647
vn 0 0 1
vt 0.339530319 0.87091285
v 1126.70984 -715.902344 340.363647
vn 0 0 1
vt 0.336752683 0.789740086
v 1129.59998 -715.902344 340.363647
vn 0 0 1
vt 0.336399198 0.789740086
f 1969/1969/1969 1968/1968/1968 1967/1967/1967 1966/1966/1966 1965/1965/1965
v 1168.27734 -767.861755 340.363647
vn 0 0 1
vt 0.443214625 0.412405193
v 1168.99243 -765.142883 340.363647
vn 0 0 1
vt 0.443127155 0.420179784
v 1155.19995 -747.902344 340.363647
vn 0 0 1
vt 0.444814086 0.469478607
v 1152.30981 -747.902344 340.363647
vn 0 0 1
vt 0.445167601 0.469478607
f 1973/1973/1973 1972/1972/1972 1971/1971/1971 1970/1970/1970
v 1120 -552.097656 340.363647
vn 0 0 1
vt 0.345401168 0.793675065
v 1145.5675 -520.138245 340.363647
vn 0 0 1
vt 0.34227404 0.885062218
v 1142.67737 -520.138245 340.363647
vn 0 0 1
vt 0.342627525 0.885062218
v 1117.07727 -552.138245 340.363647
vn 0 0 1
vt 0.345758677 0.793558955
v 1119.96753 -552.138245 340.363647
vn 0 0 1
vt 0.345405132 0.793558955
f 1978/1978/1978 1977/1977/1977 1976/1976/1976 1975/1975/1975 1974/1974/1974
v 1168.27734 -488.138275 340.363647
vn 0 0 1
vt 0.351238102 0.885062099
v 1142.67737 -520.138245 340.363647
vn 0 0 1
vt 0.354369223 0.793558955
v 1145.5675 -520.138245 340.363647
vn 0 0 1
vt 0.354015738 0.793558955
v 1168.99243 -490.857147 340.363647
vn 0 0 1
vt 0.351150632 0.877287626
f 1982/1982/1982 1981/1981/1981 1980/1980/1980 1979/1979/1979
v 1104 -568.484924 340.363647
vn 0 0 1
vt 0.0714285746 0.348123193
v 1104 -572.097656 340.363647
vn 0 0 1
vt 0.0714285746 0.337792695
v 1119.96753 -552.138245 340.363647
vn 0 0 1
vt 0.0694755986 0.394866168
v 1117.07727 -552.138245 340.363647
vn 0 0 1
vt 0.0698290989 0.394866168
f 1986/1986/1986 1985/1985/1985 1984/1984/1984 1983/1983/1983
v 1168.99243 -765.142883 340.363647
vn 0 0 1
vt 0.885397255 0.570098042
v 1168.27734 -767.861755 340.363647
vn 0 0 1
vt 0.885484695 0.562323451
v 1170.16577 -770.222229 340.363647
vn 0 0 1
vt 0.885253668 0.555573702
v 1184.38794 -788 340.363647
vn 0 0 1
vt 0.883514225 0.504738569
f 1990/1990/1990 1989/1989/1989 1988/1988/1988 1987/1987/1987
v 1263.72266 -767.861755 340.363647
vn 0 0 1
vt 0.216276586 0.0459836125
v 1263.00757 -765.142883 340.363647
vn 0 0 1
vt 0.216364041 0.053758204
v 1261.83423 -770.222229 340.363647
vn 0 0 1
vt 0.216507554 0.0392338634
f 1993/1993/1993 1992/1992/1992 1991/1991/1991
v 1252 -765.142883 340.363647
vn 0 0 1
vt 0.888943255 0.570098042
v 1168.99243 -765.142883 340.363647
vn 0 0 1
vt 0.899095893 0.570098042
v 1184.38794 -788 340.363647
vn 0 0 1
vt 0.897212863 0.504738569
v 1247.61206 -788 340.363647
vn 0 0 1
vt 0.889479876 0.504738569
v 1261.83423 -770.222229 340.363647
vn 0 0 1
vt 0.887740433 0.555573702
v 1263.00757 -765.142883 340.363647
vn 0 0 1
vt 0.887596905 0.570098042
f 1999/1999/1999 1998/1998/1998 1997/1997/1997 1996/1996/1996 1995/1995/1995 1994/1994/1994
v 1263.00757 -490.857147 340.363647
vn 0 0 1
vt 0.220277935 0.0406863093
v 1263.72266 -488.138275 340.363647
vn 0 0 1
vt 0.22019048 0.0484608412
v 1261.83423 -485.777771 340.363647
vn 0 0 1
vt 0.220421448 0.0552107096
f 2002/2002/2002 2001/2001/2001 2000/2000/2000
v 1170.16577 -485.777771 340.363647
vn 0 0 1
vt 0.225762501 0.0552107096
v 1168.27734 -488.138275 340.363647
vn 0 0 1
vt 0.225993469 0.0484608412
v 1168.99243 -490.857147 340.363647
vn 0 0 1
vt 0.225906014 0.0406863093
f 2005/2005/2005 2004/2004/2004 2003/2003/2003
v 1252 -490.857147 340.363647
vn 0 0 1
vt 0.229452059 0.0406863093
v 1263.00757 -490.857147 340.363647
vn 0 0 1
vt 0.228105724 0.0406863093
v 1261.83423 -485.777771 340.363647
vn 0 0 1
vt 0.228249237 0.0552107096
v 1170.16577 -485.777771 340.363647
vn 0 0 1
vt 0.239461139 0.0552107096
v 1168.99243 -490.857147 340.363647
vn 0 0 1
vt 0.239604637 0.0406863093
f 2010/2010/2010 2009/2009/2009 2008/2008/2008 2007/2007/2007 2006/2006/2006
v 1312.03247 -552.138245 340.363647
vn 0 0 1
vt 0.359095842 0.793558955
v 1314.92273 -552.138245 340.363647
vn 0 0 1
vt 0.358742326 0.793558955
v 1289.32263 -520.138245 340.363647
vn 0 0 1
vt 0.361873448 0.885062218
v 1286.4325 -520.138245 340.363647
vn 0 0 1
vt 0.362226933 0.885062218
f 2014/2014/2014 2013/2013/2013 2012/2012/2012 2011/2011/2011
v 1263.72266 -488.138275 340.363647
vn 0 0 1
vt 0.368918449 0.885062099
v 1263.00757 -490.857147 340.363647
vn 0 0 1
vt 0.369005919 0.877287626
v 1286.4325 -520.138245 340.363647
vn 0 0 1
vt 0.366140813 0.793558955
v 1289.32263 -520.138245 340.363647
vn 0 0 1
vt 0.365787327 0.793558955
f 2018/2018/2018 2017/2017/2017 2016/2016/2016 2015/2015/2015
v 1312.03247 -552.138245 340.363647
vn 0 0 1
vt 0.0753384978 0.394866168
v 1328 -572.097656 340.363647
vn 0 0 1
vt 0.0733855218 0.337792695
v 1328 -568.484924 340.363647
vn 0 0 1
vt 0.0733855218 0.348123193
v 1314.92273 -552.138245 340.363647
vn 0 0 1
vt 0.0749849901 0.394866168
f 2022/2022/2022 2021/2021/2021 2020/2020/2020 2019/2019/2019
v 1302.40002 -715.902344 340.363647
vn 0 0 1
vt 0.373972625 0.881243348
v 1276.80005 -747.902344 340.363647
vn 0 0 1
vt 0.377103716 0.789740086
v 1279.69019 -747.902344 340.363647
vn 0 0 1
vt 0.376750231 0.789740086
v 1305.29016 -715.902344 340.363647
vn 0 0 1
vt 0.373619139 0.881243348
f 2026/2026/2026 2025/2025/2025 2024/2024/2024 2023/2023/2023
v 1328 -687.515076 340.363647
vn 0 0 1
vt 0.380626231 0.87091285
v 1328 -683.902344 340.363647
vn 0 0 1
vt 0.380626231 0.881243348
v 1302.40002 -715.902344 340.363647
vn 0 0 1
vt 0.383757353 0.789740086
v 1305.29016 -715.902344 340.363647
vn 0 0 1
vt 0.383403867 0.789740086
f 2030/2030/2030 2029/2029/2029 2028/2028/2028 2027/2027/2027
v 1276.80005 -747.902344 340.363647
vn 0 0 1
vt 0.447553813 0.469478607
v 1263.00757 -765.142883 340.363647
vn 0 0 1
vt 0.449240744 0.420179784
v 1263.72266 -767.861755 340.363647
vn 0 0 1
vt 0.449153304 0.412405193
v 1279.69019 -747.902344 340.363647
vn 0 0 1
vt 0.447200328 0.469478607
f 2034/2034/2034 2033/2033/2033 2032/2032/2032 2031/2031/2031
v 1170.16577 -770.222229 340.363647
vn 0 0 1
vt 0.0809484124 0.392175019
v 1162.98071 -788 340.363647
vn 0 0 1
vt 0.0818272159 0.341339886
v 1184.38794 -788 340.363647
vn 0 0 1
vt 0.0792089105 0.341339886
f 2037/2037/2037 2036/2036/2036 2035/2035/2035
v 1252 -765.142883 640
vn 1 0 0
vt 0.141109869 0.115312755
v 1252 -724 640
vn 1 0 0
vt 0.151174173 0.115312755
v 1252 -724 608
vn 1 0 0
vt 0.151174173 0.0966386795
v 1252 -765.142883 608
vn 1 0 0
vt 0.141109869 0.0966386795
f 2041/2041/2041 2040/2040/2040 2039/2039/2039 2038/2038/2038
v 1252 -916 608
vn 1 0 0
vt 0.155088067 0.0966386795
v 1252 -916 640
vn 1 0 0
vt 0.155088067 0.115312755
v 1252 -804 640
vn 1 0 0
vt 0.182485327 0.115312755
v 1252 -804 608
vn 1 0 0
vt 0.182485327 0.0966386795
f 2045/2045/2045 2044/2044/2044 2043/2043/2043 2042/2042/2042
v 1252 -916 608
vn 1 0 0
vt 0.192270055 0.0966386795
v 1252 -944.799988 608
vn 1 0 0
vt 0.185225055 0.0966386795
v 1252 -916 640
vn 1 0 0
vt 0.192270055 0.115312755
f 2048/2048/2048 2047/2047/2047 2046/2046/2046
v 1252 -944.799988 640
vn 1 0 0
vt 0.216536209 0.115312755
v 1252 -916 640
vn 1 0 0
vt 0.22358121 0.115312755
v 1252 -944.799988 608
vn 1 0 0
vt 0.216536209 0.0966386795
v 1252 -1028 608
vn 1 0 0
vt 0.19618395 0.0966386795
v 1252 -1028 640
vn 1 0 0
vt 0.19618395 0.115312755
f 2053/2053/2053 2052/2052/2052 2051/2051/2051 2050/2050/2050 2049/2049/2049
v 1252 -788 608
vn 1 0 0
vt 0.231408998 0.0966386795
v 1252 -804 608
vn 1 0 0
vt 0.227495104 0.0966386795
v 1252 -804 640
vn 1 0 0
vt 0.227495104 0.115312755
v 1252 -788 640
vn 1 0 0
vt 0.231408998 0.115312755
f 2057/2057/2057 2056/2056/2056 2055/2055/2055 2054/2054/2054
v 1328 -714.27417 497.454529
vn 0.780868828 -0.624695063 0
vt 0.397354126 0.793790877
v 1269.01929 -788 497.454529
vn 0.780868828 -0.624695063 0
vt 0.387768537 0.793790877
v 1269.01929 -788 864
vn 0.780868828 -0.624695063 0
vt 0.387768537 0.885294139
v 1328 -714.27417 864
vn 0.780868828 -0.624695063 0
vt 0.397354126 0.885294139
f 2061/2061/2061 2060/2060/2060 2059/2059/2059 2058/2058/2058
v 1328 -714.27417 340.363647
vn 0.780868828 -0.624695063 0
vt 0.65371418 0.231699347
v 1269.01929 -788 340.363647
vn 0.780868828 -0.624695063 0
vt 0.644128621 0.231699347
v 1269.01929 -788 497.454529
vn 0.780868828 -0.624695063 0
vt 0.644128621 0.270915031
v 1328 -714.27417 497.454529
vn 0.780868828 -0.624695063 0
vt 0.65371418 0.270915031
f 2065/2065/2065 2064/2064/2064 2063/2063/2063 2062/2062/2062
v 1269.01929 -788 497.454529
vn 0 1 0
vt 0.0818272159 0.133660138
v 1252 -788 497.454529
vn 0 1 0
vt 0.0797455981 0.133660138
v 1252 -788 608
vn 0 1 0
vt 0.0797455981 0.161256373
f 2068/2068/2068 2067/2067/2067 2066/2066/2066
v 1252 -788 640
vn 0 1 0
vt 0.400684923 0.829375446
v 1252 -788 864
vn 0 1 0
vt 0.400684923 0.885294139
v 1269.01929 -788 864
vn 0 1 0
vt 0.402766556 0.885294139
v 1269.01929 -788 497.454529
vn 0 1 0
vt 0.402766556 0.793790877
v 1252 -788 608
vn 0 1 0
vt 0.400684923 0.821387053
f 2073/2073/2073 2072/2072/2072 2071/2071/2071 2070/2070/2070 2069/2069/2069
v 1269.01929 -788 340.363647
vn 0 1 0
vt 0.659126639 0.231699347
v 1252 -788 340.363647
vn 0 1 0
vt 0.657045007 0.231699347
v 1252 -788 497.454529
vn 0 1 0
vt 0.657045007 0.270915031
v 1269.01929 -788 497.454529
vn 0 1 0
vt 0.659126639 0.270915031
f 2077/2077/2077 2076/2076/2076 2075/2075/2075 2074/2074/2074
v 1252 -765.142883 864
vn 0 1 0
vt 0.0865949094 0.395098031
v 1252 -765.142883 640
vn 0 1 0
vt 0.0865949094 0.339179397
v 1263.00757 -765.142883 864
vn 0 1 0
vt 0.0852485821 0.395098031
f 2080/2080/2080 2079/2079/2079 2078/2078/2078
v 1263.00757 -765.142883 497.454529
vn 0 1 0
vt 0.406187922 0.793790877
v 1263.00757 -765.142883 864
vn 0 1 0
vt 0.406187922 0.885294139
v 1252 -765.142883 640
vn 0 1 0
vt 0.407534242 0.829375446
v 1252 -765.142883 608
vn 0 1 0
vt 0.407534242 0.821387053
v 1252 -765.142883 497.454529
vn 0 1 0
vt 0.407534242 0.793790877
f 2085/2085/2085 2084/2084/2084 2083/2083/2083 2082/2082/2082 2081/2081/2081
v 1252 -765.142883 340.363647
vn 0 1 0
vt 0.663894296 0.231699347
v 1263.00757 -765.142883 340.363647
vn 0 1 0
vt 0.662547946 0.231699347
v 1263.00757 -765.142883 497.454529
vn 0 1 0
vt 0.662547946 0.270915031
v 1252 -765.142883 497.454529
vn 0 1 0
vt 0.663894296 0.270915031
f 2089/2089/2089 2088/2088/2088 2087/2087/2087 2086/2086/2086
v 1303.23621 -714.857117 864
vn 0.780868828 -0.624695063 -0
vt 0.415134311 0.885294139
v 1263.00757 -765.142883 864
vn 0.780868828 -0.624695063 -0
vt 0.421672314 0.885294139
v 1263.00757 -765.142883 497.454529
vn 0.780868828 -0.624695063 -0
vt 0.421672314 0.793790877
v 1328 -683.902344 497.454529
vn 0.780868828 -0.624695063 -0
vt 0.411109686 0.793790877
v 1328 -683.902344 864
vn 0.780868828 -0.624695063 -0
vt 0.411109686 0.885294139
f 2094/2094/2094 2093/2093/2093 2092/2092/2092 2091/2091/2091 2090/2090/2090
v 1276.80005 -747.902344 340.363647
vn 0.780868828 -0.624695063 -0
vt 0.675790787 0.231699347
v 1302.40002 -715.902344 340.363647
vn 0.780868828 -0.624695063 -0
vt 0.671630263 0.231699347
v 1328 -683.902344 340.363647
vn 0.780868828 -0.624695063 -0
vt 0.6674698 0.231699347
v 1328 -683.902344 497.454529
vn 0.780868828 -0.624695063 -0
vt 0.6674698 0.270915031
v 1263.00757 -765.142883 497.454529
vn 0.780868828 -0.624695063 -0
vt 0.678032398 0.270915031
v 1263.00757 -765.142883 340.363647
vn 0.780868828 -0.624695063 -0
vt 0.678032398 0.231699347
f 2100/2100/2100 2099/2099/2099 2098/2098/2098 2097/2097/2097 2096/2096/2096 2095/2095/2095
v 1263.00757 -490.857147 497.454529
vn 0 1 0
vt 0.425514638 0.793790877
v 1252 -490.857147 497.454529
vn 0 1 0
vt 0.424168289 0.793790877
v 1252 -490.857147 864
vn 0 1 0
vt 0.424168289 0.885294139
v 1263.00757 -490.857147 864
vn 0 1 0
vt 0.425514638 0.885294139
f 2104/2104/2104 2103/2103/2103 2102/2102/2102 2101/2101/2101
v 1263.00757 -490.857147 340.363647
vn 0 1 0
vt 0.681874752 0.231699347
v 1252 -490.857147 340.363647
vn 0 1 0
vt 0.680528402 0.231699347
v 1252 -490.857147 497.454529
vn 0 1 0
vt 0.680528402 0.270915031
v 1263.00757 -490.857147 497.454529
vn 0 1 0
vt 0.681874752 0.270915031
f 2108/2108/2108 2107/2107/2107 2106/2106/2106 2105/2105/2105
v 1328 -572.097656 497.454529
vn 0.780868828 0.624695063 -0
vt 0.439807922 0.793790877
v 1263.00757 -490.857147 497.454529
vn 0.780868828 0.624695063 -0
vt 0.429245323 0.793790877
v 1263.00757 -490.857147 864
vn 0.780868828 0.624695063 -0
vt 0.429245323 0.885294139
v 1328 -572.097656 864
vn 0.780868828 0.624695063 -0
vt 0.439807922 0.885294139
f 2112/2112/2112 2111/2111/2111 2110/2110/2110 2109/2109/2109
v 1328 -572.097656 497.454529
vn 0.780868828 0.624695063 -0
vt 0.688340247 0.270915031
v 1328 -572.097656 340.363647
vn 0.780868828 0.624695063 -0
vt 0.688340247 0.231699347
v 1312.03247 -552.138245 340.363647
vn 0.780868828 0.624695063 -0
vt 0.68574512 0.231699347
f 2115/2115/2115 2114/2114/2114 2113/2113/2113
v 1286.4325 -520.138245 340.363647
vn 0.780868828 0.624695063 -0
vt 0.697240233 0.231699347
v 1263.00757 -490.857147 340.363647
vn 0.780868828 0.624695063 -0
vt 0.693433166 0.231699347
v 1263.00757 -490.857147 497.454529
vn 0.780868828 0.624695063 -0
vt 0.693433166 0.270915031
v 1328 -572.097656 497.454529
vn 0.780868828 0.624695063 -0
vt 0.703995824 0.270915031
v 1312.03247 -552.138245 340.363647
vn 0.780868828 0.624695063 -0
vt 0.701400697 0.231699347
f 2120/2120/2120 2119/2119/2119 2118/2118/2118 2117/2117/2117 2116/2116/2116
v 1120 -692 640
vn 0 1 0
vt 0.292563587 0.0294117928
v 1110.47815 -692 640
vn 0 1 0
vt 0.293728232 0.0294117928
v 1110.47815 -692 608
vn 0 1 0
vt 0.293728232 0.0163398981
v 1120 -692 608
vn 0 1 0
vt 0.292563587 0.0163398981
f 2124/2124/2124 2123/2123/2123 2122/2122/2122 2121/2121/2121
v 1120 -552.097656 640
vn 1 0 0
vt 0.297933251 0.0294117928
v 1120 -552.097656 608
vn 1 0 0
vt 0.297933251 0.0163398981
v 1120 -564 608
vn 1 0 0
vt 0.296477497 0.0163398981
v 1120 -564 640
vn 1 0 0
vt 0.296477497 0.0294117928
f 2128/2128/2128 2127/2127/2127 2126/2126/2126 2125/2125/2125
v 1120 -552.097656 640
vn 0.780868828 -0.624695063 0
vt 0.089895688 0.339179397
v 1120 -552.097656 864
vn 0.780868828 -0.624695063 0
vt 0.089895688 0.395098031
v 1168.99243 -490.857147 864
vn 0.780868828 -0.624695063 0
vt 0.0978579596 0.395098031
f 2131/2131/2131 2130/2130/2130 2129/2129/2129
v 1168.99243 -490.857147 497.454529
vn 0.780868828 -0.624695063 0
vt 0.452065408 0.793790877
v 1120 -552.097656 497.454529
vn 0.780868828 -0.624695063 0
vt 0.444103122 0.793790877
v 1120 -552.097656 608
vn 0.780868828 -0.624695063 0
vt 0.444103122 0.821387053
v 1120 -552.097656 640
vn 0.780868828 -0.624695063 0
vt 0.444103122 0.829375446
v 1168.99243 -490.857147 864
vn 0.780868828 -0.624695063 0
vt 0.452065408 0.885294139
f 2136/2136/2136 2135/2135/2135 2134/2134/2134 2133/2133/2133 2132/2132/2132
v 1145.5675 -520.138245 340.363647
vn 0.780868828 -0.624695063 0
vt 0.712446213 0.231699347
v 1120 -552.097656 340.363647
vn 0.780868828 -0.624695063 0
vt 0.708290994 0.231699347
v 1120 -552.097656 497.454529
vn 0.780868828 -0.624695063 0
vt 0.708290994 0.270915031
v 1168.99243 -490.857147 497.454529
vn 0.780868828 -0.624695063 0
vt 0.716253281 0.270915031
v 1168.99243 -490.857147 340.363647
vn 0.780868828 -0.624695063 0
vt 0.716253281 0.231699347
f 2141/2141/2141 2140/2140/2140 2139/2139/2139 2138/2138/2138 2137/2137/2137
v 1252 -490.857147 497.454529
vn 0 1 0
vt 0.465264201 0.793790877
v 1168.99243 -490.857147 497.454529
vn 0 1 0
vt 0.455111593 0.793790877
v 1168.99243 -490.857147 864
vn 0 1 0
vt 0.455111593 0.885294139
v 1252 -490.857147 864
vn 0 1 0
vt 0.465264201 0.885294139
f 2145/2145/2145 2144/2144/2144 2143/2143/2143 2142/2142/2142
v 1252 -490.857147 340.363647
vn 0 1 0
vt 0.729452074 0.231699347
v 1168.99243 -490.857147 340.363647
vn 0 1 0
vt 0.719299436 0.231699347
v 1168.99243 -490.857147 497.454529
vn 0 1 0
vt 0.719299436 0.270915031
v 1252 -490.857147 497.454529
vn 0 1 0
vt 0.729452074 0.270915031
f 2149/2149/2149 2148/2148/2148 2147/2147/2147 2146/2146/2146
v 1110.47815 -564 608
vn 0 0 1
vt 0.994315326 0.0228758454
v 1120 -564 608
vn 0 0 1
vt 0.993150711 0.0228758454
v 1120 -552.097656 608
vn 0 0 1
vt 0.993150711 0.0277378559
f 2152/2152/2152 2151/2151/2151 2150/2150/2150
v 1120 -552.097656 640
vn 0 0 1
vt 0.301389754 0.0245097876
v 1120 -564 640
vn 0 0 1
vt 0.30381605 0.0245097876
v 1110.47815 -564 640
vn 0 0 1
vt 0.30381605 0.0206201077
f 2155/2155/2155 2154/2154/2154 2153/2153/2153
v 1104 -683.902344 640
vn 1 0 0
vt 0.101867467 0.339179397
v 1104 -683.902344 864
vn 1 0 0
vt 0.101867467 0.395098031
v 1104 -572.097656 864
vn 1 0 0
vt 0.111439779 0.395098031
v 1104 -572.097656 640
vn 1 0 0
vt 0.111439779 0.339179397
f 2159/2159/2159 2158/2158/2158 2157/2157/2157 2156/2156/2156
v 1110.47815 -564 640
vn 0.780868828 -0.624695063 0
vt 0.11574544 0.339179397
v 1104 -572.097656 640
vn 0.780868828 -0.624695063 0
vt 0.114692613 0.339179397
v 1104 -572.097656 864
vn 0.780868828 -0.624695063 0
vt 0.114692613 0.395098031
v 1120 -552.097656 864
vn 0.780868828 -0.624695063 0
vt 0.117292948 0.395098031
v 1120 -552.097656 640
vn 0.780868828 -0.624695063 0
vt 0.117292948 0.339179397
f 2164/2164/2164 2163/2163/2163 2162/2162/2162 2161/2161/2161 2160/2160/2160
v 1104 -683.902344 640
vn 0.780868828 0.624695063 0
vt 0.122452408 0.339179397
v 1110.47815 -692 640
vn 0.780868828 0.624695063 0
vt 0.121399581 0.339179397
v 1110.47815 -692 864
vn 0.780868828 0.624695063 0
vt 0.121399581 0.395098031
v 1104 -683.902344 864
vn 0.780868828 0.624695063 0
vt 0.122452408 0.395098031
f 2168/2168/2168 2167/2167/2167 2166/2166/2166 2165/2165/2165
v 1104 -683.902344 608
vn 1 0 0
vt 0.30734691 0.0174655318
v 1104 -683.902344 640
vn 1 0 0
vt 0.30734691 0.0254538655
v 1104 -572.097656 640
vn 1 0 0
vt 0.316919237 0.0254538655
v 1104 -572.097656 608
vn 1 0 0
vt 0.316919237 0.0174655318
f 2172/2172/2172 2171/2171/2171 2170/2170/2170 2169/2169/2169
v 1104 -572.097656 608
vn 0.780868828 -0.624695063 0
vt 0.320172071 0.0174655318
v 1104 -572.097656 640
vn 0.780868828 -0.624695063 0
vt 0.320172071 0.0254538655
v 1110.47815 -564 640
vn 0.780868828 -0.624695063 0
vt 0.321224898 0.0254538655
v 1110.47815 -564 608
vn 0.780868828 -0.624695063 0
vt 0.321224898 0.0174655318
f 2176/2176/2176 2175/2175/2175 2174/2174/2174 2173/2173/2173
v 1104 -683.902344 608
vn 0.780868828 0.624695063 0
vt 0.325974911 0.0174655318
v 1110.47815 -692 608
vn 0.780868828 0.624695063 0
vt 0.324922085 0.0174655318
v 1110.47815 -692 640
vn 0.780868828 0.624695063 0
vt 0.324922085 0.0254538655
v 1104 -683.902344 640
vn 0.780868828 0.624695063 0
vt 0.325974911 0.0254538655
f 2180/2180/2180 2179/2179/2179 2178/2178/2178 2177/2177/2177
v 1104 -572.097656 608
vn 1 0 0
vt 0.675040603 0.566485167
v 1104 -572.097656 340.363647
vn 1 0 0
vt 0.675040603 0.499673188
v 1104 -683.902344 340.363647
vn 1 0 0
vt 0.665468216 0.499673188
v 1104 -683.902344 608
vn 1 0 0
vt 0.665468216 0.566485167
f 2184/2184/2184 2183/2183/2183 2182/2182/2182 2181/2181/2181
v 1120 -552.097656 497.454529
vn 0.780868828 -0.624695063 0
vt 0.680893779 0.538888872
v 1120 -552.097656 340.363647
vn 0.780868828 -0.624695063 0
vt 0.680893779 0.499673188
v 1119.96753 -552.138245 340.363647
vn 0.780868828 -0.624695063 0
vt 0.680888414 0.499673188
v 1104 -572.097656 340.363647
vn 0.780868828 -0.624695063 0
vt 0.678293347 0.499673188
v 1104 -572.097656 608
vn 0.780868828 -0.624695063 0
vt 0.678293347 0.566485167
v 1110.47815 -564 608
vn 0.780868828 -0.624695063 0
vt 0.679346263 0.566485167
v 1120 -552.097656 608
vn 0.780868828 -0.624695063 0
vt 0.680893779 0.566485167
f 2191/2191/2191 2190/2190/2190 2189/2189/2189 2188/2188/2188 2187/2187/2187 2186/2186/2186 2185/2185/2185
v 1104 -683.902344 340.363647
vn 0.780868828 0.624695063 0
vt 0.686053216 0.499673188
v 1110.47815 -692 340.363647
vn 0.780868828 0.624695063 0
vt 0.68500036 0.499673188
v 1110.47815 -692 608
vn 0.780868828 0.624695063 0
vt 0.68500036 0.566485167
v 1104 -683.902344 608
vn 0.780868828 0.624695063 0
vt 0.686053216 0.566485167
f 2195/2195/2195 2194/2194/2194 2193/2193/2193 2192/2192/2192
v 1252 -724 640
vn 0 1 0
vt 0.234833658 0.115312755
v 1136.07812 -724 640
vn 0 1 0
vt 0.263190269 0.115312755
v 1136.07812 -724 608
vn 0 1 0
vt 0.263190269 0.0966386795
v 1252 -724 608
vn 0 1 0
vt 0.234833658 0.0966386795
f 2199/2199/2199 2198/2198/2198 2197/2197/2197 2196/2196/2196
v 1111.78064 -724 640
vn 0.780868828 0.624695063 -0
vt 0.131013662 0.339179397
v 1088 -694.27417 640
vn 0.780868828 0.624695063 -0
vt 0.127148837 0.339179397
v 1088 -694.27417 864
vn 0.780868828 0.624695063 -0
vt 0.127148837 0.395098031
v 1111.78064 -724 864
vn 0.780868828 0.624695063 -0
vt 0.131013662 0.395098031
f 2203/2203/2203 2202/2202/2202 2201/2201/2201 2200/2200/2200
v 1104 -714.27417 340.363647
vn 0.780868828 0.624695063 -0
vt 0.693349957 0.499673188
v 1088 -694.27417 340.363647
vn 0.780868828 0.624695063 -0
vt 0.690749586 0.499673188
v 1088 -694.27417 608
vn 0.780868828 0.624695063 -0
vt 0.690749586 0.566485167
v 1111.78064 -724 608
vn 0.780868828 0.624695063 -0
vt 0.69461447 0.566485167
v 1111.78064 -724 340.363647
vn 0.780868828 0.624695063 -0
vt 0.69461447 0.499673188
f 2208/2208/2208 2207/2207/2207 2206/2206/2206 2205/2205/2205 2204/2204/2204
v 1120 -703.902344 608
vn 0 0 1
vt 0.99706459 0.0245497227
v 1120 -692 608
vn 0 0 1
vt 0.99706459 0.0294117928
v 1110.47815 -692 608
vn 0 0 1
vt 0.998229206 0.0294117928
f 2211/2211/2211 2210/2210/2210 2209/2209/2209
v 1120 -703.902344 640
vn 0 0 1
vt 0.00293542072 0.0049418807
v 1110.47815 -692 640
vn 0 0 1
vt 0.00177081081 0.00980395079
v 1120 -692 640
vn 0 0 1
vt 0.00293542072 0.00980395079
f 2214/2214/2214 2213/2213/2213 2212/2212/2212
v 1110.47815 -692 864
vn 0.780868828 0.624695063 0
vt 0.137055159 0.395098031
v 1110.47815 -692 640
vn 0.780868828 0.624695063 0
vt 0.137055159 0.339179397
v 1120 -703.902344 640
vn 0.780868828 0.624695063 0
vt 0.135507643 0.339179397
f 2217/2217/2217 2216/2216/2216 2215/2215/2215
v 1128.76379 -714.857117 864
vn 0.780868828 0.624695063 0
vt 0.141911149 0.395098031
v 1110.47815 -692 864
vn 0.780868828 0.624695063 0
vt 0.144882947 0.395098031
v 1120 -703.902344 640
vn 0.780868828 0.624695063 0
vt 0.143335432 0.339179397
v 1136.07812 -724 640
vn 0.780868828 0.624695063 0
vt 0.140722424 0.339179397
v 1136.07812 -724 864
vn 0.780868828 0.624695063 0
vt 0.140722424 0.395098031
f 2222/2222/2222 2221/2221/2221 2220/2220/2220 2219/2219/2219 2218/2218/2218
v 1120 -703.902344 608
vn 1 0 0
vt 0.330246776 0.0163398981
v 1120 -703.902344 640
vn 1 0 0
vt 0.330246776 0.0294117928
v 1120 -692 640
vn 1 0 0
vt 0.33170253 0.0294117928
v 1120 -692 608
vn 1 0 0
vt 0.33170253 0.0163398981
f 2226/2226/2226 2225/2225/2225 2224/2224/2224 2223/2223/2223
v 1120 -703.902344 608
vn 0.780868828 0.624695063 0
vt 0.337073207 0.0174655318
v 1136.07812 -724 608
vn 0.780868828 0.624695063 0
vt 0.334460169 0.0174655318
v 1136.07812 -724 640
vn 0.780868828 0.624695063 0
vt 0.334460169 0.0254538655
v 1120 -703.902344 640
vn 0.780868828 0.624695063 0
vt 0.337073207 0.0254538655
f 2230/2230/2230 2229/2229/2229 2228/2228/2228 2227/2227/2227
v 1120 -703.902344 608
vn 0.780868828 0.624695063 0
vt 0.699108422 0.566485167
v 1110.47815 -692 608
vn 0.780868828 0.624695063 0
vt 0.700655937 0.566485167
v 1110.47815 -692 340.363647
vn 0.780868828 0.624695063 0
vt 0.700655937 0.499673188
f 2233/2233/2233 2232/2232/2232 2231/2231/2231
v 1129.59998 -715.902344 340.363647
vn 0.780868828 0.624695063 0
vt 0.705376029 0.499673188
v 1136.07812 -724 340.363647
vn 0.780868828 0.624695063 0
vt 0.704323173 0.499673188
v 1136.07812 -724 608
vn 0.780868828 0.624695063 0
vt 0.704323173 0.566485167
v 1120 -703.902344 608
vn 0.780868828 0.624695063 0
vt 0.70693624 0.566485167
v 1110.47815 -692 340.363647
vn 0.780868828 0.624695063 0
vt 0.708483756 0.499673188
f 2238/2238/2238 2237/2237/2237 2236/2236/2236 2235/2235/2235 2234/2234/2234
v 1088 -724 608
vn 0 0 1
vt 0.343444228 0.0163398981
v 1111.78064 -724 608
vn 0 0 1
vt 0.340535611 0.0163398981
v 1088 -694.27417 608
vn 0 0 1
vt 0.343444228 0.0284827948
f 2241/2241/2241 2240/2240/2240 2239/2239/2239
v 1088 -694.27417 640
vn 0 0 1
vt 0.345401168 0.0284827948
v 1111.78064 -724 640
vn 0 0 1
vt 0.348309785 0.0163398981
v 1088 -724 640
vn 0 0 1
vt 0.345401168 0.0163398981
f 2244/2244/2244 2243/2243/2243 2242/2242/2242
v 1200 -788 640
vn 0 1 0
vt 0.153620347 0.339179397
v 1162.98071 -788 640
vn 0 1 0
vt 0.149092555 0.339179397
v 1162.98071 -788 864
vn 0 1 0
vt 0.149092555 0.395098031
v 1252 -788 864
vn 0 1 0
vt 0.159980431 0.395098031
v 1252 -788 640
vn 0 1 0
vt 0.159980431 0.339179397
f 2249/2249/2249 2248/2248/2248 2247/2247/2247 2246/2246/2246 2245/2245/2245
v 1252 -788 497.454529
vn 0 1 0
vt 0.723581195 0.538888872
v 1252 -788 340.363647
vn 0 1 0
vt 0.723581195 0.499673188
v 1247.61206 -788 340.363647
vn 0 1 0
vt 0.723044574 0.499673188
v 1184.38794 -788 340.363647
vn 0 1 0
vt 0.715311587 0.499673188
v 1162.98071 -788 340.363647
vn 0 1 0
vt 0.712693334 0.499673188
v 1162.98071 -788 608
vn 0 1 0
vt 0.712693334 0.566485167
v 1252 -788 608
vn 0 1 0
vt 0.723581195 0.566485167
f 2256/2256/2256 2255/2255/2255 2254/2254/2254 2253/2253/2253 2252/2252/2252 2251/2251/2251 2250/2250/2250
v 1162.98071 -788 640
vn 0.780868828 0.624695063 -0
vt 0.172602832 0.339179397
v 1111.78064 -724 640
vn 0.780868828 0.624695063 -0
vt 0.164281771 0.339179397
v 1111.78064 -724 864
vn 0.780868828 0.624695063 -0
vt 0.164281771 0.395098031
v 1162.98071 -788 864
vn 0.780868828 0.624695063 -0
vt 0.172602832 0.395098031
f 2260/2260/2260 2259/2259/2259 2258/2258/2258 2257/2257/2257
v 1162.98071 -788 340.363647
vn 0.780868828 0.624695063 -0
vt 0.736203611 0.499673188
v 1111.78064 -724 340.363647
vn 0.780868828 0.624695063 -0
vt 0.727882564 0.499673188
v 1111.78064 -724 608
vn 0.780868828 0.624695063 -0
vt 0.727882564 0.566485167
v 1162.98071 -788 608
vn 0.780868828 0.624695063 -0
vt 0.736203611 0.566485167
f 2264/2264/2264 2263/2263/2263 2262/2262/2262 2261/2261/2261
v 1168.99243 -765.142883 608
vn 0 0 1
vt 0.709150553 0.140089333
v 1252 -765.142883 608
vn 0 0 1
vt 0.688845396 0.140089333
v 1252 -724 608
vn 0 0 1
vt 0.688845396 0.164098978
v 1136.07812 -724 608
vn 0 0 1
vt 0.717202008 0.164098978
f 2268/2268/2268 2267/2267/2267 2266/2266/2266 2265/2265/2265
v 1168.99243 -765.142883 640
vn 0 0 1
vt 0.727248609 0.140089333
v 1136.07812 -724 640
vn 0 0 1
vt 0.719197214 0.164098978
v 1252 -724 640
vn 0 0 1
vt 0.747553825 0.164098978
v 1252 -765.142883 640
vn 0 0 1
vt 0.747553825 0.140089333
f 2272/2272/2272 2271/2271/2271 2270/2270/2270 2269/2269/2269
v 1136.07812 -724 640
vn 0.780868828 0.624695063 0
vt 0.181818306 0.339179397
v 1168.99243 -765.142883 640
vn 0.780868828 0.624695063 0
vt 0.176469058 0.339179397
v 1168.99243 -765.142883 864
vn 0.780868828 0.624695063 0
vt 0.176469058 0.395098031
v 1136.07812 -724 864
vn 0.780868828 0.624695063 0
vt 0.181818306 0.395098031
f 2276/2276/2276 2275/2275/2275 2274/2274/2274 2273/2273/2273
v 1168.99243 -765.142883 640
vn 0 1 0
vt 0.1965518 0.339179397
v 1252 -765.142883 640
vn 0 1 0
vt 0.186399221 0.339179397
v 1252 -765.142883 864
vn 0 1 0
vt 0.186399221 0.395098031
v 1168.99243 -765.142883 864
vn 0 1 0
vt 0.1965518 0.395098031
f 2280/2280/2280 2279/2279/2279 2278/2278/2278 2277/2277/2277
v 1252 -765.142883 497.454529
vn 0 1 0
vt 0.740215242 0.538888872
v 1252 -765.142883 608
vn 0 1 0
vt 0.740215242 0.566485167
v 1168.99243 -765.142883 608
vn 0 1 0
vt 0.75036788 0.566485167
v 1168.99243 -765.142883 340.363647
vn 0 1 0
vt 0.75036788 0.499673188
v 1252 -765.142883 340.363647
vn 0 1 0
vt 0.740215242 0.499673188
f 2285/2285/2285 2284/2284/2284 2283/2283/2283 2282/2282/2282 2281/2281/2281
v 1155.19995 -747.902344 340.363647
vn 0.780868828 0.624695063 0
vt 0.756009996 0.499673188
v 1168.99243 -765.142883 340.363647
vn 0.780868828 0.624695063 0
vt 0.753768444 0.499673188
v 1168.99243 -765.142883 608
vn 0.780868828 0.624695063 0
vt 0.753768444 0.566485167
v 1136.07812 -724 608
vn 0.780868828 0.624695063 0
vt 0.759117723 0.566485167
v 1136.07812 -724 340.363647
vn 0.780868828 0.624695063 0
vt 0.759117723 0.499673188
f 2290/2290/2290 2289/2289/2289 2288/2288/2288 2287/2287/2287 2286/2286/2286
v 1140 -788 608
vn 0 0 1
vt 0.739726007 0.231325865
v 1162.98071 -788 608
vn 0 0 1
vt 0.734104514 0.231325865
v 1111.78064 -724 608
vn 0 0 1
vt 0.746629 0.268674135
f 2293/2293/2293 2292/2292/2292 2291/2291/2291
v 1088 -775.599976 608
vn 0 0 1
vt 0.764187872 0.238562107
v 1088 -788 608
vn 0 0 1
vt 0.764187872 0.231325865
v 1140 -788 608
vn 0 0 1
vt 0.751467705 0.231325865
v 1111.78064 -724 608
vn 0 0 1
vt 0.758370638 0.268674135
v 1088 -724 608
vn 0 0 1
vt 0.764187872 0.268674135
f 2298/2298/2298 2297/2297/2297 2296/2296/2296 2295/2295/2295 2294/2294/2294
v 1111.78064 -724 640
vn 0 0 1
vt 0.771962047 0.268674135
v 1162.98071 -788 640
vn 0 0 1
vt 0.784486473 0.231325865
v 1088 -788 640
vn 0 0 1
vt 0.766144812 0.231325865
v 1088 -775.599976 640
vn 0 0 1
vt 0.766144812 0.238562107
v 1088 -724 640
vn 0 0 1
vt 0.766144812 0.268674135
f 2303/2303/2303 2302/2302/2302 2301/2301/2301 2300/2300/2300 2299/2299/2299
v 1088 -884 608
vn 0 0 1
vt 0.482387483 0.828898191
v 1088 -944.799988 608
vn 0 0 1
vt 0.482387483 0.793417335
v 1140 -944.799988 608
vn 0 0 1
vt 0.469667315 0.793417335
v 1140 -788 608
vn 0 0 1
vt 0.469667315 0.884920597
v 1088 -788 608
vn 0 0 1
vt 0.482387483 0.884920597
f 2308/2308/2308 2307/2307/2307 2306/2306/2306 2305/2305/2305 2304/2304/2304
v 1252 -944.799988 608
vn 0 0 1
vt 0.266144812 0.100606859
v 1252 -916 608
vn 0 0 1
vt 0.266144812 0.1174137
v 1140 -944.799988 608
vn 0 0 1
vt 0.293542087 0.100606859
f 2311/2311/2311 2310/2310/2310 2309/2309/2309
v 1252 -804 608
vn 0 0 1
vt 0.352250487 0.0193744898
v 1252 -788 608
vn 0 0 1
vt 0.352250487 0.0287114382
v 1162.98071 -788 608
vn 0 0 1
vt 0.374026239 0.0287114382
f 2314/2314/2314 2313/2313/2313 2312/2312/2312
v 1140 -788 608
vn 0 0 1
vt 0.512720168 0.884920597
v 1140 -944.799988 608
vn 0 0 1
vt 0.512720168 0.793417335
v 1252 -916 608
vn 0 0 1
vt 0.485322893 0.810224116
v 1252 -804 608
vn 0 0 1
vt 0.485322893 0.875583589
v 1162.98071 -788 608
vn 0 0 1
vt 0.507098675 0.884920597
f 2319/2319/2319 2318/2318/2318 2317/2317/2317 2316/2316/2316 2315/2315/2315
v 1184 -1028 608
vn 0 0 1
vt 0.873776913 0.346171796
v 1252 -1028 608
vn 0 0 1
vt 0.857142866 0.346171796
v 1252 -944.799988 608
vn 0 0 1
vt 0.857142866 0.394724548
v 1140 -944.799988 608
vn 0 0 1
vt 0.884540141 0.394724548
v 1140 -1028 608
vn 0 0 1
vt 0.884540141 0.346171796
f 2324/2324/2324 2323/2323/2323 2322/2322/2322 2321/2321/2321 2320/2320/2320
v 1120 -1028 608
vn 0 0 1
vt 0.893346369 0.346171796
v 1140 -1028 608
vn 0 0 1
vt 0.88845402 0.346171796
v 1140 -944.799988 608
vn 0 0 1
vt 0.88845402 0.394724548
v 1088 -944.799988 608
vn 0 0 1
vt 0.901174188 0.394724548
v 1088 -1028 608
vn 0 0 1
vt 0.901174188 0.346171796
f 2329/2329/2329 2328/2328/2328 2327/2327/2327 2326/2326/2326 2325/2325/2325
v 1200 -788 640
vn 0 0 1
vt 0.376712322 0.0287114382
v 1252 -788 640
vn 0 0 1
vt 0.38943249 0.0287114382
v 1252 -804 640
vn 0 0 1
vt 0.38943249 0.0193744898
f 2332/2332/2332 2331/2331/2331 2330/2330/2330
v 1252 -916 640
vn 0 0 1
vt 0.528375745 0.810224116
v 1252 -944.799988 640
vn 0 0 1
vt 0.528375745 0.793417335
v 1200 -944.799988 640
vn 0 0 1
vt 0.515655577 0.793417335
v 1200 -788 640
vn 0 0 1
vt 0.515655577 0.884920597
v 1252 -804 640
vn 0 0 1
vt 0.528375745 0.875583589
f 2337/2337/2337 2336/2336/2336 2335/2335/2335 2334/2334/2334 2333/2333/2333
v 1162.98071 -788 640
vn 0 0 1
vt 0.532040298 0.884920597
v 1200 -788 640
vn 0 0 1
vt 0.541095912 0.884920597
v 1200 -944.799988 640
vn 0 0 1
vt 0.541095912 0.793417335
f 2340/2340/2340 2339/2339/2339 2338/2338/2338
v 1088 -932.399963 640
vn 0 0 1
vt 0.543052852 0.800653577
v 1088 -788 640
vn 0 0 1
vt 0.543052852 0.884920597
v 1162.98071 -788 640
vn 0 0 1
vt 0.561394513 0.884920597
v 1200 -944.799988 640
vn 0 0 1
vt 0.570450127 0.793417335
v 1088 -944.799988 640
vn 0 0 1
vt 0.543052852 0.793417335
f 2345/2345/2345 2344/2344/2344 2343/2343/2343 2342/2342/2342 2341/2341/2341
v 1120 -1028 640
vn 0 0 1
vt 0.910958886 0.346171796
v 1088 -1028 640
vn 0 0 1
vt 0.903131127 0.346171796
v 1088 -944.799988 640
vn 0 0 1
vt 0.903131127 0.394724548
v 1200 -944.799988 640
vn 0 0 1
vt 0.930528402 0.394724548
v 1200 -1028 640
vn 0 0 1
vt 0.930528402 0.346171796
f 2350/2350/2350 2349/2349/2349 2348/2348/2348 2347/2347/2347 2346/2346/2346
v 1252 -1028 640
vn 0 0 1
vt 0.94520545 0.346171796
v 1200 -1028 640
vn 0 0 1
vt 0.932485342 0.346171796
v 1200 -944.799988 640
vn 0 0 1
vt 0.932485342 0.394724548
v 1252 -944.799988 640
vn 0 0 1
vt 0.94520545 0.394724548
f 2354/2354/2354 2353/2353/2353 2352/2352/2352 2351/2351/2351
v 1104 -572.097656 340.363647
vn 1 0 0
vt 0.787954032 0.266511023
v 1104 -568.484924 340.363647
vn 1 0 0
vt 0.788351715 0.266511023
v 1104 -568.484924 128
vn 1 0 0
vt 0.788351715 0.228793681
f 2357/2357/2357 2356/2356/2356 2355/2355/2355
v 1104 -687.515076 128
vn 1 0 0
vt 0.792861581 0.228793681
v 1104 -687.515076 340.363647
vn 1 0 0
vt 0.792861581 0.266511023
v 1104 -683.902344 340.363647
vn 1 0 0
vt 0.793259323 0.266511023
v 1104 -572.097656 340.363647
vn 1 0 0
vt 0.805566549 0.266511023
v 1104 -568.484924 128
vn 1 0 0
vt 0.805964231 0.228793681
f 2362/2362/2362 2361/2361/2361 2360/2360/2360 2359/2359/2359 2358/2358/2358
v 1328 -687.515076 128
vn 0.780868828 -0.624695063 -0
vt 0.80981642 0.228793681
v 1328 -687.515076 340.363647
vn 0.780868828 -0.624695063 -0
vt 0.80981642 0.266511023
v 1305.29016 -715.902344 340.363647
vn 0.780868828 -0.624695063 -0
vt 0.813997328 0.266511023
f 2365/2365/2365 2364/2364/2364 2363/2363/2363
v 1261.83423 -770.222229 128
vn 0.780868828 -0.624695063 -0
vt 0.829825342 0.228793681
v 1328 -687.515076 128
vn 0.780868828 -0.624695063 -0
vt 0.817644238 0.228793681
v 1305.29016 -715.902344 340.363647
vn 0.780868828 -0.624695063 -0
vt 0.821825147 0.266511023
v 1279.69019 -747.902344 340.363647
vn 0.780868828 -0.624695063 -0
vt 0.826538026 0.266511023
v 1263.72266 -767.861755 340.363647
vn 0.780868828 -0.624695063 -0
vt 0.829477668 0.266511023
v 1261.83423 -770.222229 340.363647
vn 0.780868828 -0.624695063 -0
vt 0.829825342 0.266511023
f 2371/2371/2371 2370/2370/2370 2369/2369/2369 2368/2368/2368 2367/2367/2367 2366/2366/2366
v 1269.01929 -788 128
vn 0.927140951 0.374712795 0
vt 0.835818648 0.228793681
v 1261.83423 -770.222229 128
vn 0.927140951 0.374712795 0
vt 0.833673477 0.228793681
v 1261.83423 -770.222229 340.363647
vn 0.927140951 0.374712795 0
vt 0.833673477 0.266511023
v 1269.01929 -788 340.363647
vn 0.927140951 0.374712795 0
vt 0.835818648 0.266511023
f 2375/2375/2375 2374/2374/2374 2373/2373/2373 2372/2372/2372
v 1269.01929 -788 340.363647
vn 0.780868828 -0.624695063 0
vt 0.838571787 0.266511023
v 1328 -714.27417 340.363647
vn 0.780868828 -0.624695063 0
vt 0.849430144 0.266511023
v 1328 -714.27417 128
vn 0.780868828 -0.624695063 0
vt 0.849430144 0.228793681
v 1269.01929 -788 128
vn 0.780868828 -0.624695063 0
vt 0.838571787 0.228793681
f 2379/2379/2379 2378/2378/2378 2377/2377/2377 2376/2376/2376
v 1104 -568.484924 128
vn 0.780868828 -0.624695063 0
vt 0.853007674 0.228793681
v 1104 -568.484924 340.363647
vn 0.780868828 -0.624695063 0
vt 0.853007674 0.266511023
v 1117.07727 -552.138245 340.363647
vn 0.780868828 -0.624695063 0
vt 0.855415225 0.266511023
v 1142.67737 -520.138245 340.363647
vn 0.780868828 -0.624695063 0
vt 0.860128224 0.266511023
f 2383/2383/2383 2382/2382/2382 2381/2381/2381 2380/2380/2380
v 1170.16577 -485.777771 128
vn 0.780868828 -0.624695063 0
vt 0.876930475 0.228793681
v 1104 -568.484924 128
vn 0.780868828 -0.624695063 0
vt 0.864749372 0.228793681
v 1142.67737 -520.138245 340.363647
vn 0.780868828 -0.624695063 0
vt 0.871869862 0.266511023
v 1168.27734 -488.138275 340.363647
vn 0.780868828 -0.624695063 0
vt 0.876582861 0.266511023
v 1170.16577 -485.777771 340.363647
vn 0.780868828 -0.624695063 0
vt 0.876930475 0.266511023
f 2388/2388/2388 2387/2387/2387 2386/2386/2386 2385/2385/2385 2384/2384/2384
v 1111.78064 -724 340.363647
vn 0.780868828 0.624695063 -0
vt 0.881910861 0.266511023
v 1162.98071 -788 340.363647
vn 0.780868828 0.624695063 -0
vt 0.891336799 0.266511023
v 1162.98071 -788 128
vn 0.780868828 0.624695063 -0
vt 0.891336799 0.228793681
v 1104 -714.27417 128
vn 0.780868828 0.624695063 -0
vt 0.880478501 0.228793681
v 1104 -714.27417 340.363647
vn 0.780868828 0.624695063 -0
vt 0.880478501 0.266511023
f 2393/2393/2393 2392/2392/2392 2391/2391/2391 2390/2390/2390 2389/2389/2389
v 1104 -687.515076 340.363647
vn 0.780868828 0.624695063 0
vt 0.898631096 0.266511023
v 1104 -687.515076 128
vn 0.780868828 0.624695063 0
vt 0.898631096 0.228793681
v 1126.70984 -715.902344 340.363647
vn 0.780868828 0.624695063 0
vt 0.894450247 0.266511023
f 2396/2396/2396 2395/2395/2395 2394/2394/2394
v 1170.16577 -770.222229 128
vn 0.780868828 0.624695063 0
vt 0.90210557 0.228793681
v 1170.16577 -770.222229 340.363647
vn 0.780868828 0.624695063 0
vt 0.90210557 0.266511023
v 1168.27734 -767.861755 340.363647
vn 0.780868828 0.624695063 0
vt 0.902453244 0.266511023
v 1152.30981 -747.902344 340.363647
vn 0.780868828 0.624695063 0
vt 0.905392885 0.266511023
v 1126.70984 -715.902344 340.363647
vn 0.780868828 0.624695063 0
vt 0.910105824 0.266511023
v 1104 -687.515076 128
vn 0.780868828 0.624695063 0
vt 0.914286673 0.228793681
f 2402/2402/2402 2401/2401/2401 2400/2400/2400 2399/2399/2399 2398/2398/2398 2397/2397/2397
v 1170.16577 -770.222229 128
vn 0.927140951 -0.374712795 0
vt 0.920275152 0.228793681
v 1162.98071 -788 128
vn 0.927140951 -0.374712795 0
vt 0.918129861 0.228793681
v 1162.98071 -788 340.363647
vn 0.927140951 -0.374712795 0
vt 0.918129861 0.266511023
v 1170.16577 -770.222229 340.363647
vn 0.927140951 -0.374712795 0
vt 0.920275152 0.266511023
f 2406/2406/2406 2405/2405/2405 2404/2404/2404 2403/2403/2403
v 1088 -694.27417 340.363647
vn 0.780868828 0.624695063 -0
vt 0.924499631 0.266511023
v 1104 -714.27417 340.363647
vn 0.780868828 0.624695063 -0
vt 0.927445233 0.266511023
v 1104 -714.27417 128
vn 0.780868828 0.624695063 -0
vt 0.927445233 0.228793681
v 1088 -694.27417 128
vn 0.780868828 0.624695063 -0
vt 0.924499631 0.228793681
f 2410/2410/2410 2409/2409/2409 2408/2408/2408 2407/2407/2407
v 1120 -468 608
vn 1 0 0
vt 0.400195688 0.0163398981
v 1120 -521.72583 608
vn 1 0 0
vt 0.393624544 0.0163398981
v 1120 -521.72583 640
vn 1 0 0
vt 0.393624544 0.0294117928
v 1120 -468 640
vn 1 0 0
vt 0.400195688 0.0294117928
f 2414/2414/2414 2413/2413/2413 2412/2412/2412 2411/2411/2411
v 1120 -521.72583 608
vn 0 0 1
vt 0.0851272047 0.144719839
v 1120 -468 608
vn 0 0 1
vt 0.0851272047 0.166666687
v 1088 -468 608
vn 0 0 1
vt 0.089041099 0.166666687
v 1088 -561.72583 608
vn 0 0 1
vt 0.089041099 0.128380001
f 2418/2418/2418 2417/2417/2417 2416/2416/2416 2415/2415/2415
v 1088 -468 640
vn 0 0 1
vt 0.243150681 0.0375816822
v 1120 -468 640
vn 0 0 1
vt 0.243150681 0.0506535769
v 1120 -521.72583 640
vn 0 0 1
vt 0.254102618 0.0506535769
v 1088 -561.72583 640
vn 0 0 1
vt 0.262256563 0.0375816822
f 2422/2422/2422 2421/2421/2421 2420/2420/2420 2419/2419/2419
v 1120 -1204 608
vn 0 0 1
vt 0.199282452 0.393790841
v 1088 -1204 608
vn 0 0 1
vt 0.205805615 0.393790841
v 1088 -1268 608
vn 0 0 1
vt 0.205805615 0.341503263
f 2425/2425/2425 2424/2424/2424 2423/2423/2423
v 1184 -1268 608
vn 0 0 1
vt 0.215590358 0.341503263
v 1216 -1268 608
vn 0 0 1
vt 0.209067196 0.341503263
v 1216 -1204 608
vn 0 0 1
vt 0.209067196 0.393790841
v 1184 -1204 608
vn 0 0 1
vt 0.215590358 0.393790841
v 1120 -1204 608
vn 0 0 1
vt 0.228636667 0.393790841
v 1088 -1268 608
vn 0 0 1
vt 0.235159829 0.341503263
f 2431/2431/2431 2430/2430/2430 2429/2429/2429 2428/2428/2428 2427/2427/2427 2426/2426/2426
v 1408 -1268 608
vn 0 0 1
vt 0.296477497 0.094771266
v 1408 -1204 608
vn 0 0 1
vt 0.296477497 0.120915055
v 1216 -1204 608
vn 0 0 1
vt 0.319960862 0.120915055
v 1216 -1268 608
vn 0 0 1
vt 0.319960862 0.094771266
f 2435/2435/2435 2434/2434/2434 2433/2433/2433 2432/2432/2432
v 1088 -1108 608
vn 0 0 1
vt 0.576320946 0.818627477
v 1088 -1140 608
vn 0 0 1
vt 0.576320946 0.792483687
v 1120 -1140 608
vn 0 0 1
vt 0.572407067 0.792483687
v 1120 -1028 608
vn 0 0 1
vt 0.572407067 0.88398695
v 1088 -1028 608
vn 0 0 1
vt 0.576320946 0.88398695
f 2440/2440/2440 2439/2439/2439 2438/2438/2438 2437/2437/2437 2436/2436/2436
v 1120 -1140 608
vn 0 0 1
vt 0.237769082 0.393790841
v 1088 -1140 608
vn 0 0 1
vt 0.241682976 0.393790841
v 1088 -1204 608
vn 0 0 1
vt 0.241682976 0.341503263
v 1120 -1204 608
vn 0 0 1
vt 0.237769082 0.341503263
f 2444/2444/2444 2443/2443/2443 2442/2442/2442 2441/2441/2441
v 1184 -1204 608
vn 0 0 1
vt 0.905088067 0.5
v 1216 -1204 608
vn 0 0 1
vt 0.901174188 0.5
v 1184 -1028 608
vn 0 0 1
vt 0.905088067 0.571895421
f 2447/2447/2447 2446/2446/2446 2445/2445/2445
v 1252 -1028 608
vn 0 0 1
vt 0.926125228 0.571895421
v 1184 -1028 608
vn 0 0 1
vt 0.934442282 0.571895421
v 1216 -1204 608
vn 0 0 1
vt 0.930528402 0.5
v 1408 -1204 608
vn 0 0 1
vt 0.907045007 0.5
v 1408 -1028 608
vn 0 0 1
vt 0.907045007 0.571895421
f 2452/2452/2452 2451/2451/2451 2450/2450/2450 2449/2449/2449 2448/2448/2448
v 1120 -1140 608
vn 0 0 1
vt 0.94422698 0.526143789
v 1120 -1204 608
vn 0 0 1
vt 0.94422698 0.5
v 1184 -1204 608
vn 0 0 1
vt 0.936399221 0.5
v 1184 -1028 608
vn 0 0 1
vt 0.936399221 0.571895421
v 1140 -1028 608
vn 0 0 1
vt 0.941780806 0.571895421
v 1120 -1028 608
vn 0 0 1
vt 0.94422698 0.571895421
f 2458/2458/2458 2457/2457/2457 2456/2456/2456 2455/2455/2455 2454/2454/2454 2453/2453/2453
v 1254.40002 -1204 640
vn 0 0 1
vt 0.250815392 0.393790841
v 1356.80005 -1204 640
vn 0 0 1
vt 0.271689475 0.393790841
v 1356.80005 -1268 640
vn 0 0 1
vt 0.271689475 0.341503263
v 1222.40002 -1268 640
vn 0 0 1
vt 0.244292244 0.341503263
v 1222.40002 -1204 640
vn 0 0 1
vt 0.244292244 0.393790841
f 2463/2463/2463 2462/2462/2462 2461/2461/2461 2460/2460/2460 2459/2459/2459
v 1222.40002 -1268 640
vn 0 0 1
vt 0.283431202 0.341503263
v 1184 -1268 640
vn 0 0 1
vt 0.275603384 0.341503263
v 1222.40002 -1204 640
vn 0 0 1
vt 0.283431202 0.393790841
f 2466/2466/2466 2465/2465/2465 2464/2464/2464
v 1120 -1204 640
vn 0 0 1
vt 0.293868214 0.393790841
v 1222.40002 -1204 640
vn 0 0 1
vt 0.314742357 0.393790841
v 1184 -1268 640
vn 0 0 1
vt 0.306914538 0.341503263
v 1088 -1268 640
vn 0 0 1
vt 0.287345052 0.341503263
v 1088 -1204 640
vn 0 0 1
vt 0.287345052 0.393790841
f 2471/2471/2471 2470/2470/2470 2469/2469/2469 2468/2468/2468 2467/2467/2467
v 1388.80005 -1204 640
vn 0 0 1
vt 0.325179398 0.393790841
v 1408 -1204 640
vn 0 0 1
vt 0.329093248 0.393790841
v 1408 -1268 640
vn 0 0 1
vt 0.329093248 0.341503263
v 1356.80005 -1268 640
vn 0 0 1
vt 0.318656206 0.341503263
v 1356.80005 -1204 640
vn 0 0 1
vt 0.318656206 0.393790841
f 2476/2476/2476 2475/2475/2475 2474/2474/2474 2473/2473/2473 2472/2472/2472
v 1088 -1089.19995 640
vn 0 0 1
vt 0.578277886 0.833986998
v 1088 -1028 640
vn 0 0 1
vt 0.578277886 0.88398695
v 1120 -1028 640
vn 0 0 1
vt 0.582191765 0.88398695
v 1120 -1140 640
vn 0 0 1
vt 0.582191765 0.792483687
v 1088 -1140 640
vn 0 0 1
vt 0.578277886 0.792483687
f 2481/2481/2481 2480/2480/2480 2479/2479/2479 2478/2478/2478 2477/2477/2477
v 1088 -1140 640
vn 0 0 1
vt 0.33170253 0.393790841
v 1120 -1140 640
vn 0 0 1
vt 0.33561644 0.393790841
v 1120 -1204 640
vn 0 0 1
vt 0.33561644 0.341503263
v 1088 -1204 640
vn 0 0 1
vt 0.33170253 0.341503263
f 2485/2485/2485 2484/2484/2484 2483/2483/2483 2482/2482/2482
v 1408 -1028 640
vn 0 0 1
vt 0.589367211 0.88398695
v 1408 -1140 640
vn 0 0 1
vt 0.589367211 0.792483687
v 1388.80005 -1140 640
vn 0 0 1
vt 0.585453391 0.792483687
v 1388.80005 -1028 640
vn 0 0 1
vt 0.585453391 0.88398695
f 2489/2489/2489 2488/2488/2488 2487/2487/2487 2486/2486/2486
v 1120 -1028 640
vn 0 0 1
vt 0.59328115 0.88398695
v 1200 -1028 640
vn 0 0 1
vt 0.60958904 0.88398695
v 1120 -1140 640
vn 0 0 1
vt 0.59328115 0.792483687
f 2492/2492/2492 2491/2491/2491 2490/2490/2490
v 1254.40002 -1140 640
vn 0 0 1
vt 0.640247941 0.792483687
v 1120 -1140 640
vn 0 0 1
vt 0.612850606 0.792483687
v 1200 -1028 640
vn 0 0 1
vt 0.629158497 0.88398695
v 1252 -1028 640
vn 0 0 1
vt 0.639758646 0.88398695
v 1254.40002 -1028 640
vn 0 0 1
vt 0.640247941 0.88398695
f 2497/2497/2497 2496/2496/2496 2495/2495/2495 2494/2494/2494 2493/2493/2493
v 1388.80005 -1028 640
vn 0 0 1
vt 0.671559095 0.88398695
v 1388.80005 -1140 640
vn 0 0 1
vt 0.671559095 0.792483687
v 1254.40002 -1140 640
vn 0 0 1
vt 0.64416182 0.792483687
v 1254.40002 -1028 640
vn 0 0 1
vt 0.64416182 0.88398695
f 2501/2501/2501 2500/2500/2500 2499/2499/2499 2498/2498/2498
v 1356.80005 -1204 640
vn 0 0 1
vt 0.359752119 0.341503263
v 1254.40002 -1204 640
vn 0 0 1
vt 0.338878036 0.341503263
v 1254.40002 -1140 640
vn 0 0 1
vt 0.338878036 0.393790841
v 1388.80005 -1140 640
vn 0 0 1
vt 0.366275281 0.393790841
v 1388.80005 -1204 640
vn 0 0 1
vt 0.366275281 0.341503263
f 2506/2506/2506 2505/2505/2505 2504/2504/2504 2503/2503/2503 2502/2502/2502
v 1222.40002 -1204 640
vn 0 0 1
vt 0.391063303 0.341503263
v 1120 -1204 640
vn 0 0 1
vt 0.37018916 0.341503263
v 1120 -1140 640
vn 0 0 1
vt 0.37018916 0.393790841
v 1254.40002 -1140 640
vn 0 0 1
vt 0.397586435 0.393790841
v 1254.40002 -1204 640
vn 0 0 1
vt 0.397586435 0.341503263
f 2511/2511/2511 2510/2510/2510 2509/2509/2509 2508/2508/2508 2507/2507/2507
v 1408 -1204 640
vn 0 0 1
vt 0.405414194 0.341503263
v 1388.80005 -1204 640
vn 0 0 1
vt 0.401500344 0.341503263
v 1388.80005 -1140 640
vn 0 0 1
vt 0.401500344 0.393790841
v 1408 -1140 640
vn 0 0 1
vt 0.405414194 0.393790841
f 2515/2515/2515 2514/2514/2514 2513/2513/2513 2512/2512/2512
v 1024 -1268 608
vn 0 0 1
vt 0.422374457 0.341503263
v 1088 -1268 608
vn 0 0 1
vt 0.409328133 0.341503263
v 1088 -1204 608
vn 0 0 1
vt 0.409328133 0.393790841
v 1024 -1204 608
vn 0 0 1
vt 0.422374457 0.393790841
f 2519/2519/2519 2518/2518/2518 2517/2517/2517 2516/2516/2516
v 1024 -1108 608
vn 0 0 1
vt 0.940313101 0.225490212
v 1088 -1108 608
vn 0 0 1
vt 0.930528402 0.225490212
v 1088 -1028 608
vn 0 0 1
vt 0.930528402 0.258169949
v 1024 -999.200012 608
vn 0 0 1
vt 0.940313101 0.269934654
f 2523/2523/2523 2522/2522/2522 2521/2521/2521 2520/2520/2520
v 1088 -944.799988 608
vn 0 0 1
vt 0.425635993 0.370588243
v 1088 -884 608
vn 0 0 1
vt 0.425635993 0.395424843
v 1024 -884 608
vn 0 0 1
vt 0.435420752 0.395424843
v 1024 -999.200012 608
vn 0 0 1
vt 0.435420752 0.348366022
v 1088 -1028 608
vn 0 0 1
vt 0.425635993 0.336601317
f 2528/2528/2528 2527/2527/2527 2526/2526/2526 2525/2525/2525 2524/2524/2524
v 1024 -1108 608
vn 0 0 1
vt 0.411937386 0.0294117928
v 1024 -1133.59998 608
vn 0 0 1
vt 0.411937386 0.0189542174
v 1088 -1108 608
vn 0 0 1
vt 0.402152628 0.0294117928
f 2531/2531/2531 2530/2530/2530 2529/2529/2529
v 1088 -1140 608
vn 0 0 1
vt 0.0909980461 0.153594792
v 1088 -1108 608
vn 0 0 1
vt 0.0909980461 0.166666687
v 1024 -1133.59998 608
vn 0 0 1
vt 0.100782782 0.156209111
v 1024 -1204 608
vn 0 0 1
vt 0.100782782 0.127451003
v 1088 -1204 608
vn 0 0 1
vt 0.0909980461 0.127451003
f 2536/2536/2536 2535/2535/2535 2534/2534/2534 2533/2533/2533 2532/2532/2532
v 1024 -618.799988 608
vn 0 0 1
vt 0.952054799 0.271241844
v 1088 -694.27417 608
vn 0 0 1
vt 0.942270041 0.227197587
v 1088 -618.799988 608
vn 0 0 1
vt 0.942270041 0.271241844
f 2539/2539/2539 2538/2538/2538 2537/2537/2537
v 1024 -730.399963 608
vn 0 0 1
vt 0.746575356 0.611344516
v 1024 -775.599976 608
vn 0 0 1
vt 0.746575356 0.584967315
v 1088 -775.599976 608
vn 0 0 1
vt 0.736790597 0.584967315
v 1088 -724 608
vn 0 0 1
vt 0.736790597 0.615079343
v 1088 -694.27417 608
vn 0 0 1
vt 0.736790597 0.632426381
v 1024 -618.799988 608
vn 0 0 1
vt 0.746575356 0.676470578
f 2545/2545/2545 2544/2544/2544 2543/2543/2543 2542/2542/2542 2541/2541/2541 2540/2540/2540
v 1024 -462 608
vn 0 0 1
vt 0.963796496 0.271241844
v 1024 -532 608
vn 0 0 1
vt 0.963796496 0.230392158
v 1088 -468 608
vn 0 0 1
vt 0.954011738 0.267740369
v 1088 -462 608
vn 0 0 1
vt 0.954011738 0.271241844
f 2549/2549/2549 2548/2548/2548 2547/2547/2547 2546/2546/2546
v 1024 -596 608
vn 0 0 1
vt 0.274951071 0.0492529869
v 1024 -618.799988 608
vn 0 0 1
vt 0.274951071 0.0359477401
v 1088 -618.799988 608
vn 0 0 1
vt 0.265166342 0.0359477401
f 2552/2552/2552 2551/2551/2551 2550/2550/2550
v 1088 -561.72583 608
vn 0 0 1
vt 0.748532295 0.618273854
v 1088 -468 608
vn 0 0 1
vt 0.748532295 0.672969162
v 1024 -532 608
vn 0 0 1
vt 0.758317053 0.635620952
v 1024 -564 608
vn 0 0 1
vt 0.758317053 0.616946816
v 1024 -596 608
vn 0 0 1
vt 0.758317053 0.598272622
v 1088 -618.799988 608
vn 0 0 1
vt 0.748532295 0.584967315
f 2558/2558/2558 2557/2557/2557 2556/2556/2556 2555/2555/2555 2554/2554/2554 2553/2553/2553
v 1024 -864.799988 608
vn 0 0 1
vt 0.286692768 0.0492529869
v 1024 -884 608
vn 0 0 1
vt 0.286692768 0.0380485654
v 1088 -884 608
vn 0 0 1
vt 0.27690801 0.0380485654
f 2561/2561/2561 2560/2560/2560 2559/2559/2559
v 1088 -788 608
vn 0 0 1
vt 0.453033268 0.466619968
v 1088 -775.599976 608
vn 0 0 1
vt 0.453033268 0.473856211
v 1024 -775.599976 608
vn 0 0 1
vt 0.462817997 0.473856211
v 1024 -864.799988 608
vn 0 0 1
vt 0.462817997 0.421802044
v 1088 -884 608
vn 0 0 1
vt 0.453033268 0.410597563
f 2566/2566/2566 2565/2565/2565 2564/2564/2564 2563/2563/2563 2562/2562/2562
v 1024 -372 608
vn 0 0 1
vt 0.110567518 0.166666687
v 1024 -462 608
vn 0 0 1
vt 0.110567518 0.129901946
v 1088 -462 608
vn 0 0 1
vt 0.102739729 0.129901946
v 1088 -372 608
vn 0 0 1
vt 0.102739729 0.166666687
f 2570/2570/2570 2569/2569/2569 2568/2568/2568 2567/2567/2567
v 1088 -1268 640
vn 0 0 1
vt 0.451728612 0.341503263
v 1024 -1268 640
vn 0 0 1
vt 0.438682288 0.341503263
v 1024 -1204 640
vn 0 0 1
vt 0.438682288 0.393790841
v 1088 -1204 640
vn 0 0 1
vt 0.451728612 0.393790841
f 2574/2574/2574 2573/2573/2573 2572/2572/2572 2571/2571/2571
v 1088 -932.399963 640
vn 0 0 1
vt 0.423679054 0.0294117928
v 1088 -944.799988 640
vn 0 0 1
vt 0.423679054 0.0221754909
v 1024 -932.399963 640
vn 0 0 1
vt 0.413894325 0.0294117928
f 2577/2577/2577 2576/2576/2576 2575/2575/2575
v 1088 -1028 640
vn 0 0 1
vt 0.1223092 0.163165331
v 1088 -1089.19995 640
vn 0 0 1
vt 0.1223092 0.127451003
v 1024 -1089.19995 640
vn 0 0 1
vt 0.112524465 0.127451003
f 2580/2580/2580 2579/2579/2579 2578/2578/2578
v 1024 -999.200012 640
vn 0 0 1
vt 0.760273993 0.637488365
v 1024 -932.399963 640
vn 0 0 1
vt 0.760273993 0.676470578
v 1088 -944.799988 640
vn 0 0 1
vt 0.770058692 0.669234335
v 1088 -1028 640
vn 0 0 1
vt 0.770058692 0.620681643
v 1024 -1089.19995 640
vn 0 0 1
vt 0.760273993 0.584967315
f 2585/2585/2585 2584/2584/2584 2583/2583/2583 2582/2582/2582 2581/2581/2581
v 1088 -775.599976 640
vn 0 0 1
vt 0.435420752 0.0294117928
v 1088 -788 640
vn 0 0 1
vt 0.435420752 0.0221754909
v 1024 -775.599976 640
vn 0 0 1
vt 0.425635993 0.0294117928
f 2588/2588/2588 2587/2587/2587 2586/2586/2586
v 1024 -864.799988 640
vn 0 0 1
vt 0.772015631 0.624416471
v 1024 -775.599976 640
vn 0 0 1
vt 0.772015631 0.676470578
v 1088 -788 640
vn 0 0 1
vt 0.781800389 0.669234335
v 1088 -932.399963 640
vn 0 0 1
vt 0.781800389 0.584967315
v 1024 -932.399963 640
vn 0 0 1
vt 0.772015631 0.584967315
f 2593/2593/2593 2592/2592/2592 2591/2591/2591 2590/2590/2590 2589/2589/2589
v 1088 -618.799988 640
vn 0 0 1
vt 0.975538135 0.271241844
v 1088 -694.27417 640
vn 0 0 1
vt 0.975538135 0.227197587
v 1024 -618.799988 640
vn 0 0 1
vt 0.965753436 0.271241844
f 2596/2596/2596 2595/2595/2595 2594/2594/2594
v 1024 -730.399963 640
vn 0 0 1
vt 0.783757329 0.611344516
v 1024 -618.799988 640
vn 0 0 1
vt 0.783757329 0.676470578
v 1088 -694.27417 640
vn 0 0 1
vt 0.793542087 0.632426381
v 1088 -724 640
vn 0 0 1
vt 0.793542087 0.615079343
v 1088 -775.599976 640
vn 0 0 1
vt 0.793542087 0.584967315
v 1024 -775.599976 640
vn 0 0 1
vt 0.783757329 0.584967315
f 2602/2602/2602 2601/2601/2601 2600/2600/2600 2599/2599/2599 2598/2598/2598 2597/2597/2597
v 1088 -468 640
vn 0 0 1
vt 0.760273993 0.163165212
v 1024 -510.666656 640
vn 0 0 1
vt 0.750489235 0.138266385
v 1024 -495.733337 640
vn 0 0 1
vt 0.750489235 0.146981061
v 1024 -480.799988 640
vn 0 0 1
vt 0.750489235 0.155695617
v 1024 -465.866669 640
vn 0 0 1
vt 0.750489235 0.164410233
v 1088 -462 640
vn 0 0 1
vt 0.760273993 0.166666687
f 2608/2608/2608 2607/2607/2607 2606/2606/2606 2605/2605/2605 2604/2604/2604 2603/2603/2603
v 1024 -462 640
vn 0 0 1
vt 0.00489236787 0.00980395079
v 1088 -462 640
vn 0 0 1
vt 0.0146771036 0.00980395079
v 1024 -465.866669 640
vn 0 0 1
vt 0.00489236787 0.00754743814
f 2611/2611/2611 2610/2610/2610 2609/2609/2609
v 1088 -618.799988 640
vn 0 0 1
vt 0.298434436 0.0359477401
v 1024 -618.799988 640
vn 0 0 1
vt 0.288649708 0.0359477401
v 1024 -596 640
vn 0 0 1
vt 0.288649708 0.0492529869
f 2614/2614/2614 2613/2613/2613 2612/2612/2612
v 1088 -561.72583 640
vn 0 0 1
vt 0.805283785 0.618273854
v 1088 -618.799988 640
vn 0 0 1
vt 0.805283785 0.584967315
v 1024 -596 640
vn 0 0 1
vt 0.795499027 0.598272622
v 1024 -564 640
vn 0 0 1
vt 0.795499027 0.616946816
v 1024 -532 640
vn 0 0 1
vt 0.795499027 0.635620952
v 1024 -525.599976 640
vn 0 0 1
vt 0.795499027 0.639355779
v 1024 -510.666656 640
vn 0 0 1
vt 0.795499027 0.648070335
v 1088 -468 640
vn 0 0 1
vt 0.805283785 0.672969162
f 2622/2622/2622 2621/2621/2621 2620/2620/2620 2619/2619/2619 2618/2618/2618 2617/2617/2617 2616/2616/2616 2615/2615/2615
v 1088 -1140 640
vn 0 0 1
vt 0.987279832 0.267740428
v 1088 -1204 640
vn 0 0 1
vt 0.987279832 0.230392158
v 1024 -1204 640
vn 0 0 1
vt 0.977495134 0.230392158
f 2625/2625/2625 2624/2624/2624 2623/2623/2623
v 1024 -1133.59998 640
vn 0 0 1
vt 0.94618398 0.545985043
v 1024 -1089.19995 640
vn 0 0 1
vt 0.94618398 0.571895421
v 1088 -1089.19995 640
vn 0 0 1
vt 0.955968678 0.571895421
v 1088 -1140 640
vn 0 0 1
vt 0.955968678 0.542250276
v 1024 -1204 640
vn 0 0 1
vt 0.94618398 0.504902005
f 2630/2630/2630 2629/2629/2629 2628/2628/2628 2627/2627/2627 2626/2626/2626
v 1088 -462 640
vn 0 0 1
vt 0.44716242 0.0174291134
v 1024 -462 640
vn 0 0 1
vt 0.437377691 0.0174291134
v 1024 -450.933319 640
vn 0 0 1
vt 0.437377691 0.0224521756
v 1088 -436 640
vn 0 0 1
vt 0.44716242 0.029230237
f 2634/2634/2634 2633/2633/2633 2632/2632/2632 2631/2631/2631
v 1024 -436 640
vn 0 0 1
vt 0.989236772 0.238380551
v 1024 -372 640
vn 0 0 1
vt 0.989236772 0.267429173
v 1088 -372 640
vn 0 0 1
vt 0.99902153 0.267429173
v 1088 -436 640
vn 0 0 1
vt 0.99902153 0.238380551
v 1024 -450.933319 640
vn 0 0 1
vt 0.989236772 0.23160249
f 2639/2639/2639 2638/2638/2638 2637/2637/2637 2636/2636/2636 2635/2635/2635
v 64 140 288
vn 1 0 0
vt 0.453033268 0.0294117928
v 64 140 256
vn 1 0 0
vt 0.453033268 0.0163398981
v 64 108 256
vn 1 0 0
vt 0.449119359 0.0163398981
f 2642/2642/2642 2641/2641/2641 2640/2640/2640
v 64 12 256
vn 1 0 0
vt 0.466731906 0.0163398981
v 64 -84 256
vn 1 0 0
vt 0.454990208 0.0163398981
v 64 -84 288
vn 1 0 0
vt 0.454990208 0.0294117928
v 64 140 288
vn 1 0 0
vt 0.482387483 0.0294117928
v 64 108 256
vn 1 0 0
vt 0.478473574 0.0163398981
f 2647/2647/2647 2646/2646/2646 2645/2645/2645 2644/2644/2644 2643/2643/2643
v 64 172 288
vn 1 0 0
vt 0.488258302 0.0294117928
v 64 172 256
vn 1 0 0
vt 0.488258302 0.0163398981
v 64 140 256
vn 1 0 0
vt 0.484344423 0.0163398981
v 64 140 288
vn 1 0 0
vt 0.484344423 0.0294117928
f 2651/2651/2651 2650/2650/2650 2649/2649/2649 2648/2648/2648
v 64 -84 288
vn 1 0 0
vt 0.491121799 0.0163398981
v 64 -84 352
vn 1 0 0
vt 0.491121799 0.0294117928
v 64 -39.2000122 352
vn 1 0 0
vt 0.49434498 0.0294117928
v 64 66.3999939 352
vn 1 0 0
vt 0.501942575 0.0294117928
f 2655/2655/2655 2654/2654/2654 2653/2653/2653 2652/2652/2652
v 64 140 288
vn 1 0 0
vt 0.52093643 0.0163398981
v 64 -84 288
vn 1 0 0
vt 0.504820406 0.0163398981
v 64 66.3999939 352
vn 1 0 0
vt 0.515641212 0.0294117928
v 64 172 352
vn 1 0 0
vt 0.523238719 0.0294117928
v 64 172 288
vn 1 0 0
vt 0.523238719 0.0163398981
f 2660/2660/2660 2659/2659/2659 2658/2658/2658 2657/2657/2657 2656/2656/2656
v 64 -52 160
vn 1 0 0
vt 0.326409906 0.097222209
v 64 -84 160
vn 1 0 0
vt 0.322851807 0.097222209
v 64 -84 224
vn 1 0 0
vt 0.322851807 0.11900866
f 2663/2663/2663 2662/2662/2662 2661/2661/2661
v 64 12 256
vn 1 0 0
vt 0.135874391 0.162581682
v 64 12 160
vn 1 0 0
vt 0.135874391 0.129901946
v 64 -52 160
vn 1 0 0
vt 0.128758237 0.129901946
v 64 -84 224
vn 1 0 0
vt 0.125200137 0.151688397
v 64 -84 256
vn 1 0 0
vt 0.125200137 0.162581682
f 2668/2668/2668 2667/2667/2667 2666/2666/2666 2665/2665/2665 2664/2664/2664
v 64 108 160
vn 1 0 0
vt 0.300391376 0.0383986831
v 64 108 256
vn 1 0 0
vt 0.300391376 0.0514705777
v 64 140 256
vn 1 0 0
vt 0.304305285 0.0514705777
v 64 140 160
vn 1 0 0
vt 0.304305285 0.0383986831
f 2672/2672/2672 2671/2671/2671 2670/2670/2670 2669/2669/2669
v 64 172 224
vn 1 0 0
vt 0.337899566 0.112472713
v 64 172 160
vn 1 0 0
vt 0.337899566 0.100023329
v 64 140 160
vn 1 0 0
vt 0.331376374 0.100023329
v 64 140 256
vn 1 0 0
vt 0.331376374 0.118697524
v 64 172 256
vn 1 0 0
vt 0.337899566 0.118697524
f 2677/2677/2677 2676/2676/2676 2675/2675/2675 2674/2674/2674 2673/2673/2673
v 64 -340 160
vn 1 0 0
vt 0.139788285 0.129901946
v 64 -340 256
vn 1 0 0
vt 0.139788285 0.162581682
v 64 -212 256
vn 1 0 0
vt 0.154020637 0.162581682
v 64 -212 160
vn 1 0 0
vt 0.154020637 0.129901946
f 2681/2681/2681 2680/2680/2680 2679/2679/2679 2678/2678/2678
v 64 -212 256
vn 1 0 0
vt 0.541095912 0.0163398981
v 64 -340 256
vn 1 0 0
vt 0.525440335 0.0163398981
v 64 -340 288
vn 1 0 0
vt 0.525440335 0.0294117928
v 64 -116 288
vn 1 0 0
vt 0.552837551 0.0294117928
v 64 -116 256
vn 1 0 0
vt 0.552837551 0.0163398981
f 2686/2686/2686 2685/2685/2685 2684/2684/2684 2683/2683/2683 2682/2682/2682
v 64 -340 288
vn 1 0 0
vt 0.554895282 0.0163398981
v 64 -340 352
vn 1 0 0
vt 0.554895282 0.0294117928
v 64 -327.200012 352
vn 1 0 0
vt 0.555816174 0.0294117928
f 2689/2689/2689 2688/2688/2688 2687/2687/2687
v 64 -221.600006 352
vn 1 0 0
vt 0.567327619 0.0294117928
v 64 -116 352
vn 1 0 0
vt 0.574925184 0.0294117928
v 64 -116 288
vn 1 0 0
vt 0.574925184 0.0163398981
v 64 -340 288
vn 1 0 0
vt 0.558809161 0.0163398981
v 64 -327.200012 352
vn 1 0 0
vt 0.559730053 0.0294117928
f 2694/2694/2694 2693/2693/2693 2692/2692/2692 2691/2691/2691 2690/2690/2690
v 992 -532 640
vn 0 0 1
vt 0.343371749 0.0955882072
v 992 -528 640
vn 0 0 1
vt 0.343371749 0.120098054
v 1016 -528 640
vn 0 0 1
vt 0.344458938 0.120098054
v 1016 -532 640
vn 0 0 1
vt 0.344458938 0.0955882072
f 2698/2698/2698 2697/2697/2697 2696/2696/2696 2695/2695/2695
v 988 -528 640
vn 0 0 1
vt 0.30772993 0.0369797349
v 1016 -480.799988 640
vn 0 0 1
vt 0.311154604 0.0509331226
v 1016 -495.733337 640
vn 0 0 1
vt 0.311154604 0.046518445
v 1016 -510.666656 640
vn 0 0 1
vt 0.311154604 0.0421038866
v 1016 -525.599976 640
vn 0 0 1
vt 0.311154604 0.037689209
v 992 -528 640
vn 0 0 1
vt 0.308219165 0.0369797349
f 2704/2704/2704 2703/2703/2703 2702/2702/2702 2701/2701/2701 2700/2700/2700 2699/2699/2699
v 1016 -525.599976 640
vn 0 0 1
vt 0.0195694715 0.00500947237
v 1016 -528 640
vn 0 0 1
vt 0.0195694715 0.00429999828
v 992 -528 640
vn 0 0 1
vt 0.0166340508 0.00429999828
f 2707/2707/2707 2706/2706/2706 2705/2705/2705
v 988 -447.054565 640
vn 0 0 1
vt 0.763698637 0.158948183
v 988 -436 640
vn 0 0 1
vt 0.763698637 0.162216187
v 1016 -436 640
vn 0 0 1
vt 0.767123282 0.162216187
v 1016 -450.933319 640
vn 0 0 1
vt 0.767123282 0.157801628
v 1016 -465.866669 640
vn 0 0 1
vt 0.767123282 0.15338695
v 1016 -480.799988 640
vn 0 0 1
vt 0.767123282 0.148972332
v 988 -528 640
vn 0 0 1
vt 0.763698637 0.135018945
f 2714/2714/2714 2713/2713/2713 2712/2712/2712 2711/2711/2711 2710/2710/2710 2709/2709/2709 2708/2708/2708
v 1024 -525.599976 640
vn 0 0 1
vt 0.675545394 0.788398862
v 1016 -525.599976 640
vn 0 0 1
vt 0.675182998 0.788398862
v 1016 -510.666656 640
vn 0 0 1
vt 0.675182998 0.879901946
v 1024 -510.666656 640
vn 0 0 1
vt 0.675545394 0.879901946
f 2718/2718/2718 2717/2717/2717 2716/2716/2716 2715/2715/2715
v 1024 -510.666656 640
vn 0 0 1
vt 0.679459333 0.788398683
v 1016 -510.666656 640
vn 0 0 1
vt 0.679096937 0.788398683
v 1016 -495.733337 640
vn 0 0 1
vt 0.679096937 0.879901946
v 1024 -495.733337 640
vn 0 0 1
vt 0.679459333 0.879901946
f 2722/2722/2722 2721/2721/2721 2720/2720/2720 2719/2719/2719
v 1024 -495.733337 640
vn 0 0 1
vt 0.683373213 0.788398683
v 1016 -495.733337 640
vn 0 0 1
vt 0.683010817 0.788398683
v 1016 -480.799988 640
vn 0 0 1
vt 0.683010817 0.879901946
v 1024 -480.799988 640
vn 0 0 1
vt 0.683373213 0.879901946
f 2726/2726/2726 2725/2725/2725 2724/2724/2724 2723/2723/2723
v 1024 -480.799988 640
vn 0 0 1
vt 0.687287092 0.788398683
v 1016 -480.799988 640
vn 0 0 1
vt 0.686924696 0.788398683
v 1016 -465.866669 640
vn 0 0 1
vt 0.686924696 0.879901946
v 1024 -465.866669 640
vn 0 0 1
vt 0.687287092 0.879901946
f 2730/2730/2730 2729/2729/2729 2728/2728/2728 2727/2727/2727
v 1024 -462 640
vn 0 0 1
vt 0.691200972 0.81209147
v 1024 -465.866669 640
vn 0 0 1
vt 0.691200972 0.788398683
v 1016 -465.866669 640
vn 0 0 1
vt 0.690838575 0.788398683
v 1016 -450.933319 640
vn 0 0 1
vt 0.690838575 0.879901946
v 1024 -450.933319 640
vn 0 0 1
vt 0.691200972 0.879901946
f 2735/2735/2735 2734/2734/2734 2733/2733/2733 2732/2732/2732 2731/2731/2731
v 1024 -436 640
vn 0 0 1
vt 0.695114911 0.879901946
v 1024 -450.933319 640
vn 0 0 1
vt 0.695114911 0.788398683
v 1016 -450.933319 640
vn 0 0 1
vt 0.694752514 0.788398683
v 1016 -436 640
vn 0 0 1
vt 0.694752514 0.879901946
f 2739/2739/2739 2738/2738/2738 2737/2737/2737 2736/2736/2736
v 1016 -528 640
vn 0 0 1
vt 0.00199318677 0.198529422
v 1016 -525.599976 640
vn 0 0 1
vt 0.00199318677 0.213235497
v 1024 -525.599976 640
vn 0 0 1
vt 0.00235558301 0.213235497
v 1024 -532 640
vn 0 0 1
vt 0.00235558301 0.174019635
v 1016 -532 640
vn 0 0 1
vt 0.00199318677 0.174019635
f 2744/2744/2744 2743/2743/2743 2742/2742/2742 2741/2741/2741 2740/2740/2740
v 749.241394 -532 640
vn 0 0 1
vt 0.354851007 0.0963031054
v 679.670593 -532 640
vn 0 0 1
vt 0.348523676 0.0963031054
v 749.241394 -524.615356 640
vn 0 0 1
vt 0.354851007 0.120812893
f 2747/2747/2747 2746/2746/2746 2745/2745/2745
v 626.758606 -524.615356 640
vn 0 0 1
vt 0.37502256 0.120812893
v 749.241394 -524.615356 640
vn 0 0 1
vt 0.386162162 0.120812893
v 679.670593 -532 640
vn 0 0 1
vt 0.379834831 0.0963031054
v 448 -532 640
vn 0 0 1
vt 0.358764857 0.0963031054
v 448 -524.615356 640
vn 0 0 1
vt 0.358764857 0.120812893
f 2752/2752/2752 2751/2751/2751 2750/2750/2750 2749/2749/2749 2748/2748/2748
v 928 -528 640
vn 0 0 1
vt 0.406333715 0.109579265
v 928 -532 640
vn 0 0 1
vt 0.406333715 0.0963031054
v 749.241394 -532 640
vn 0 0 1
vt 0.390076041 0.0963031054
v 749.241394 -524.615356 640
vn 0 0 1
vt 0.390076041 0.120812893
v 928 -524.615356 640
vn 0 0 1
vt 0.406333715 0.120812893
f 2757/2757/2757 2756/2756/2756 2755/2755/2755 2754/2754/2754 2753/2753/2753
v 988 -532 640
vn 0 0 1
vt 0.319814086 0.0374795794
v 928 -532 640
vn 0 0 1
vt 0.314357221 0.0374795794
v 928 -528 640
vn 0 0 1
vt 0.314357221 0.0507557392
v 988 -528 640
vn 0 0 1
vt 0.319814086 0.0507557392
v 992 -528 640
vn 0 0 1
vt 0.320177883 0.0507557392
v 992 -532 640
vn 0 0 1
vt 0.320177883 0.0374795794
f 2763/2763/2763 2762/2762/2762 2761/2761/2761 2760/2760/2760 2759/2759/2759 2758/2758/2758
v 988 -447.054565 640
vn 0 0 1
vt 0.58561641 0.0216932893
v 928 -447.054565 640
vn 0 0 1
vt 0.578277886 0.0216932893
v 928 -436 640
vn 0 0 1
vt 0.578277886 0.0249612927
v 988 -436 640
vn 0 0 1
vt 0.58561641 0.0249612927
f 2767/2767/2767 2766/2766/2766 2765/2765/2765 2764/2764/2764
v 988 -137.527283 640
vn 0 0 1
vt 0.965264201 0.570712924
v 988 -365.600006 640
vn 0 0 1
vt 0.965264201 0.503289461
v 928 -137.527283 640
vn 0 0 1
vt 0.957925618 0.570712924
f 2770/2770/2770 2769/2769/2769 2768/2768/2768
v 928 -432 640
vn 0 0 1
vt 0.807240725 0.588235259
v 928 -137.527283 640
vn 0 0 1
vt 0.807240725 0.675288081
v 988 -365.600006 640
vn 0 0 1
vt 0.814579248 0.607864618
v 988 -436 640
vn 0 0 1
vt 0.814579248 0.587052822
v 928 -436 640
vn 0 0 1
vt 0.807240725 0.587052822
f 2775/2775/2775 2774/2774/2774 2773/2773/2773 2772/2772/2772 2771/2771/2771
v 988 -96.8000031 640
vn 0 0 1
vt 0.704990208 0.804975033
v 988 -137.527283 640
vn 0 0 1
vt 0.704990208 0.792935133
v 928 -137.527283 640
vn 0 0 1
vt 0.697651684 0.792935133
v 928 172 640
vn 0 0 1
vt 0.697651684 0.884438396
v 988 172 640
vn 0 0 1
vt 0.704990208 0.884438396
f 2780/2780/2780 2779/2779/2779 2778/2778/2778 2777/2777/2777 2776/2776/2776
v 928 -524.615356 640
vn 0 0 1
vt 0.409980416 0.096803844
v 928 -447.054565 640
vn 0 0 1
vt 0.409980416 0.119732499
v 988 -447.054565 640
vn 0 0 1
vt 0.41731897 0.119732499
v 988 -528 640
vn 0 0 1
vt 0.41731897 0.0958032608
v 928 -528 640
vn 0 0 1
vt 0.409980416 0.0958032608
f 2785/2785/2785 2784/2784/2784 2783/2783/2783 2782/2782/2782 2781/2781/2781
v 540 -432.800018 768
vn 0 0 1
vt 0.707925618 0.879629612
v 448 -432.800018 768
vn 0 0 1
vt 0.719178081 0.879629612
v 448 -500.000031 768
vn 0 0 1
vt 0.719178081 0.788126349
v 540 -500.000031 768
vn 0 0 1
vt 0.707925618 0.788126349
f 2789/2789/2789 2788/2788/2788 2787/2787/2787 2786/2786/2786
v 988 -436 768
vn 0 0 1
vt 0.721624255 0.875272393
v 988 -432.800018 768
vn 0 0 1
vt 0.721624255 0.879629612
v 764 -432.800018 768
vn 0 0 1
vt 0.74902153 0.879629612
v 764 -500.000031 768
vn 0 0 1
vt 0.74902153 0.788126349
v 988 -500.000031 768
vn 0 0 1
vt 0.721624255 0.788126349
f 2794/2794/2794 2793/2793/2793 2792/2792/2792 2791/2791/2791 2790/2790/2790
v 764 -432.800018 768
vn 0 0 1
vt 0.75293541 0.879629612
v 540 -432.800018 768
vn 0 0 1
vt 0.780332685 0.879629612
v 540 -500.000031 768
vn 0 0 1
vt 0.780332685 0.788126349
v 764 -500.000031 768
vn 0 0 1
vt 0.75293541 0.788126349
f 2798/2798/2798 2797/2797/2797 2796/2796/2796 2795/2795/2795
v 540 -365.600006 768
vn 0 0 1
vt 0.784246564 0.879629672
v 448 -365.600006 768
vn 0 0 1
vt 0.795499027 0.879629672
v 448 -432.800018 768
vn 0 0 1
vt 0.795499027 0.788126349
v 540 -432.800018 768
vn 0 0 1
vt 0.784246564 0.788126349
f 2802/2802/2802 2801/2801/2801 2800/2800/2800 2799/2799/2799
v 988 -365.600006 768
vn 0 0 1
vt 0.797945201 0.879629672
v 764 -365.600006 768
vn 0 0 1
vt 0.825342476 0.879629672
v 764 -432.800018 768
vn 0 0 1
vt 0.825342476 0.788126349
v 988 -432.800018 768
vn 0 0 1
vt 0.797945201 0.788126349
f 2806/2806/2806 2805/2805/2805 2804/2804/2804 2803/2803/2803
v 764 -365.600006 768
vn 0 0 1
vt 0.829256356 0.879629672
v 540 -365.600006 768
vn 0 0 1
vt 0.856653631 0.879629672
v 540 -432.800018 768
vn 0 0 1
vt 0.856653631 0.788126349
v 764 -432.800018 768
vn 0 0 1
vt 0.829256356 0.788126349
f 2810/2810/2810 2809/2809/2809 2808/2808/2808 2807/2807/2807
v 540 -298.400024 768
vn 0 0 1
vt 0.86056751 0.879629612
v 448 -298.400024 768
vn 0 0 1
vt 0.871819973 0.879629612
v 448 -365.600006 768
vn 0 0 1
vt 0.871819973 0.788126349
v 540 -365.600006 768
vn 0 0 1
vt 0.86056751 0.788126349
f 2814/2814/2814 2813/2813/2813 2812/2812/2812 2811/2811/2811
v 988 -298.400024 768
vn 0 0 1
vt 0.874266148 0.879629612
v 764 -298.400024 768
vn 0 0 1
vt 0.901663423 0.879629612
v 764 -365.600006 768
vn 0 0 1
vt 0.901663423 0.788126349
v 988 -365.600006 768
vn 0 0 1
vt 0.874266148 0.788126349
f 2818/2818/2818 2817/2817/2817 2816/2816/2816 2815/2815/2815
v 764 -298.400024 768
vn 0 0 1
vt 0.905577302 0.879629612
v 540 -298.400024 768
vn 0 0 1
vt 0.932974577 0.879629612
v 540 -365.600006 768
vn 0 0 1
vt 0.932974577 0.788126349
v 764 -365.600006 768
vn 0 0 1
vt 0.905577302 0.788126349
f 2822/2822/2822 2821/2821/2821 2820/2820/2820 2819/2819/2819
v 540 -231.200012 768
vn 0 0 1
vt 0.936888456 0.879629612
v 448 -231.200012 768
vn 0 0 1
vt 0.948140919 0.879629612
v 448 -298.400024 768
vn 0 0 1
vt 0.948140919 0.788126349
v 540 -298.400024 768
vn 0 0 1
vt 0.936888456 0.788126349
f 2826/2826/2826 2825/2825/2825 2824/2824/2824 2823/2823/2823
v 988 -231.200012 768
vn 0 0 1
vt 0.950587094 0.879629612
v 764 -231.200012 768
vn 0 0 1
vt 0.977984369 0.879629612
v 764 -298.400024 768
vn 0 0 1
vt 0.977984369 0.788126349
v 988 -298.400024 768
vn 0 0 1
vt 0.950587094 0.788126349
f 2830/2830/2830 2829/2829/2829 2828/2828/2828 2827/2827/2827
v 764 -231.200012 768
vn 0 0 1
vt 0.00146771036 0.775054455
v 540 -231.200012 768
vn 0 0 1
vt 0.0288649704 0.775054455
v 540 -298.400024 768
vn 0 0 1
vt 0.0288649704 0.683551192
v 764 -298.400024 768
vn 0 0 1
vt 0.00146771036 0.683551192
f 2834/2834/2834 2833/2833/2833 2832/2832/2832 2831/2831/2831
v 540 -164.000015 768
vn 0 0 1
vt 0.0327788666 0.775054455
v 448 -164.000015 768
vn 0 0 1
vt 0.0440313108 0.775054455
v 448 -231.200012 768
vn 0 0 1
vt 0.0440313108 0.683551192
v 540 -231.200012 768
vn 0 0 1
vt 0.0327788666 0.683551192
f 2838/2838/2838 2837/2837/2837 2836/2836/2836 2835/2835/2835
v 988 -164.000015 768
vn 0 0 1
vt 0.0464774966 0.775054455
v 764 -164.000015 768
vn 0 0 1
vt 0.0738747567 0.775054455
v 764 -231.200012 768
vn 0 0 1
vt 0.0738747567 0.683551192
v 988 -231.200012 768
vn 0 0 1
vt 0.0464774966 0.683551192
f 2842/2842/2842 2841/2841/2841 2840/2840/2840 2839/2839/2839
v 764 -164.000015 768
vn 0 0 1
vt 0.077788651 0.775054455
v 540 -164.000015 768
vn 0 0 1
vt 0.105185911 0.775054455
v 540 -231.200012 768
vn 0 0 1
vt 0.105185911 0.683551192
v 764 -231.200012 768
vn 0 0 1
vt 0.077788651 0.683551192
f 2846/2846/2846 2845/2845/2845 2844/2844/2844 2843/2843/2843
v 540 -96.8000031 768
vn 0 0 1
vt 0.109099805 0.775054455
v 448 -96.8000031 768
vn 0 0 1
vt 0.120352253 0.775054455
v 448 -164.000015 768
vn 0 0 1
vt 0.120352253 0.683551192
v 540 -164.000015 768
vn 0 0 1
vt 0.109099805 0.683551192
f 2850/2850/2850 2849/2849/2849 2848/2848/2848 2847/2847/2847
v 988 -96.8000031 768
vn 0 0 1
vt 0.122798435 0.775054455
v 764 -96.8000031 768
vn 0 0 1
vt 0.150195688 0.775054455
v 764 -164.000015 768
vn 0 0 1
vt 0.150195688 0.683551192
v 988 -164.000015 768
vn 0 0 1
vt 0.122798435 0.683551192
f 2854/2854/2854 2853/2853/2853 2852/2852/2852 2851/2851/2851
v 764 -96.8000031 768
vn 0 0 1
vt 0.154109582 0.775054455
v 540 -96.8000031 768
vn 0 0 1
vt 0.181506842 0.775054455
v 540 -164.000015 768
vn 0 0 1
vt 0.181506842 0.683551192
v 764 -164.000015 768
vn 0 0 1
vt 0.154109582 0.683551192
f 2858/2858/2858 2857/2857/2857 2856/2856/2856 2855/2855/2855
v 448 -61.6000023 768
vn 0 0 1
vt 0.196673185 0.731481433
v 448 -96.8000031 768
vn 0 0 1
vt 0.196673185 0.683551192
v 540 -96.8000031 768
vn 0 0 1
vt 0.185420737 0.683551192
v 540 -29.6000042 768
vn 0 0 1
vt 0.185420737 0.775054455
v 448 -29.6000042 768
vn 0 0 1
vt 0.196673185 0.775054455
f 2863/2863/2863 2862/2862/2862 2861/2861/2861 2860/2860/2860 2859/2859/2859
v 988 -29.6000042 768
vn 0 0 1
vt 0.199119374 0.775054455
v 764 -29.6000042 768
vn 0 0 1
vt 0.226516634 0.775054455
v 764 -96.8000031 768
vn 0 0 1
vt 0.226516634 0.683551192
v 988 -96.8000031 768
vn 0 0 1
vt 0.199119374 0.683551192
f 2867/2867/2867 2866/2866/2866 2865/2865/2865 2864/2864/2864
v 764 -29.6000042 768
vn 0 0 1
vt 0.230430529 0.775054455
v 540 -29.6000042 768
vn 0 0 1
vt 0.257827789 0.775054455
v 540 -96.8000031 768
vn 0 0 1
vt 0.257827789 0.683551192
v 764 -96.8000031 768
vn 0 0 1
vt 0.230430529 0.683551192
f 2871/2871/2871 2870/2870/2870 2869/2869/2869 2868/2868/2868
v 540 37.5999985 768
vn 0 0 1
vt 0.261741698 0.775054455
v 448 37.5999985 768
vn 0 0 1
vt 0.272994131 0.775054455
v 448 -29.6000042 768
vn 0 0 1
vt 0.272994131 0.683551192
v 540 -29.6000042 768
vn 0 0 1
vt 0.261741698 0.683551192
f 2875/2875/2875 2874/2874/2874 2873/2873/2873 2872/2872/2872
v 988 37.5999985 768
vn 0 0 1
vt 0.275440305 0.775054455
v 764 37.5999985 768
vn 0 0 1
vt 0.30283758 0.775054455
v 764 -29.6000042 768
vn 0 0 1
vt 0.30283758 0.683551192
v 988 -29.6000042 768
vn 0 0 1
vt 0.275440305 0.683551192
f 2879/2879/2879 2878/2878/2878 2877/2877/2877 2876/2876/2876
v 764 37.5999985 768
vn 0 0 1
vt 0.30675146 0.775054455
v 540 37.5999985 768
vn 0 0 1
vt 0.334148735 0.775054455
v 540 -29.6000042 768
vn 0 0 1
vt 0.334148735 0.683551192
v 764 -29.6000042 768
vn 0 0 1
vt 0.30675146 0.683551192
f 2883/2883/2883 2882/2882/2882 2881/2881/2881 2880/2880/2880
v 540 104.799995 768
vn 0 0 1
vt 0.338062614 0.775054455
v 448 104.799995 768
vn 0 0 1
vt 0.349315077 0.775054455
v 448 37.5999985 768
vn 0 0 1
vt 0.349315077 0.683551192
v 540 37.5999985 768
vn 0 0 1
vt 0.338062614 0.683551192
f 2887/2887/2887 2886/2886/2886 2885/2885/2885 2884/2884/2884
v 988 104.799995 768
vn 0 0 1
vt 0.351761252 0.775054455
v 764 104.799995 768
vn 0 0 1
vt 0.379158527 0.775054455
v 764 37.5999985 768
vn 0 0 1
vt 0.379158527 0.683551192
v 988 37.5999985 768
vn 0 0 1
vt 0.351761252 0.683551192
f 2891/2891/2891 2890/2890/2890 2889/2889/2889 2888/2888/2888
v 764 104.799995 768
vn 0 0 1
vt 0.383072406 0.775054455
v 540 104.799995 768
vn 0 0 1
vt 0.410469681 0.775054455
v 540 37.5999985 768
vn 0 0 1
vt 0.410469681 0.683551192
v 764 37.5999985 768
vn 0 0 1
vt 0.383072406 0.683551192
f 2895/2895/2895 2894/2894/2894 2893/2893/2893 2892/2892/2892
v 540 172 768
vn 0 0 1
vt 0.41438356 0.775054455
v 448 172 768
vn 0 0 1
vt 0.425635993 0.775054455
v 448 104.799995 768
vn 0 0 1
vt 0.425635993 0.683551192
v 540 104.799995 768
vn 0 0 1
vt 0.41438356 0.683551192
f 2899/2899/2899 2898/2898/2898 2897/2897/2897 2896/2896/2896
v 828.799988 172 768
vn 0 0 1
vt 0.447553813 0.775054455
v 764 172 768
vn 0 0 1
vt 0.455479443 0.775054455
v 764 104.799995 768
vn 0 0 1
vt 0.455479443 0.683551192
v 988 104.799995 768
vn 0 0 1
vt 0.428082198 0.683551192
v 988 172 768
vn 0 0 1
vt 0.428082198 0.775054455
f 2904/2904/2904 2903/2903/2903 2902/2902/2902 2901/2901/2901 2900/2900/2900
v 764 172 768
vn 0 0 1
vt 0.459393352 0.775054455
v 540 172 768
vn 0 0 1
vt 0.486790597 0.775054455
v 540 104.799995 768
vn 0 0 1
vt 0.486790597 0.683551192
v 764 104.799995 768
vn 0 0 1
vt 0.459393352 0.683551192
f 2908/2908/2908 2907/2907/2907 2906/2906/2906 2905/2905/2905
v 679.670593 -532 768
vn 0 0 1
vt 0.95894444 0.3458606
v 764 -532 768
vn 0 0 1
vt 0.948630154 0.3458606
v 764 -500.000031 768
vn 0 0 1
vt 0.948630154 0.389433503
v 540 -500.000031 768
vn 0 0 1
vt 0.976027369 0.389433503
v 540 -532 768
vn 0 0 1
vt 0.976027369 0.3458606
f 2913/2913/2913 2912/2912/2912 2911/2911/2911 2910/2910/2910 2909/2909/2909
v 988 -532 768
vn 0 0 1
vt 0.00146771036 0.280501127
v 988 -500.000031 768
vn 0 0 1
vt 0.00146771036 0.32407403
v 764 -500.000031 768
vn 0 0 1
vt 0.0288649704 0.32407403
v 764 -532 768
vn 0 0 1
vt 0.0288649704 0.280501127
f 2917/2917/2917 2916/2916/2916 2915/2915/2915 2914/2914/2914
v 540 -532 768
vn 0 0 1
vt 0.0327788666 0.280501127
v 540 -500.000031 768
vn 0 0 1
vt 0.0327788666 0.32407403
v 448 -500.000031 768
vn 0 0 1
vt 0.0440313108 0.32407403
v 448 -532 768
vn 0 0 1
vt 0.0440313108 0.280501127
f 2921/2921/2921 2920/2920/2920 2919/2919/2919 2918/2918/2918
v 448 -61.6000023 640
vn 1 0 0
vt 0.434279203 0.094771266
v 448 -298.400024 768
vn 1 0 0
vt 0.420487374 0.120915055
v 448 -231.200012 768
vn 1 0 0
vt 0.424401283 0.120915055
v 448 -164.000015 768
vn 1 0 0
vt 0.428315163 0.120915055
v 448 -96.8000031 768
vn 1 0 0
vt 0.432229072 0.120915055
v 448 -61.6000023 768
vn 1 0 0
vt 0.434279203 0.120915055
f 2927/2927/2927 2926/2926/2926 2925/2925/2925 2924/2924/2924 2923/2923/2923 2922/2922/2922
v 448 -524.615356 640
vn 1 0 0
vt 0.43862319 0.094771266
v 448 -532 640
vn 1 0 0
vt 0.438193083 0.094771266
v 448 -532 768
vn 1 0 0
vt 0.438193083 0.120915055
v 448 -500.000031 768
vn 1 0 0
vt 0.44005686 0.120915055
v 448 -432.800018 768
vn 1 0 0
vt 0.44397074 0.120915055
v 448 -365.600006 768
vn 1 0 0
vt 0.447884649 0.120915055
v 448 -298.400024 768
vn 1 0 0
vt 0.451798528 0.120915055
v 448 -61.6000023 640
vn 1 0 0
vt 0.465590358 0.094771266
f 2935/2935/2935 2934/2934/2934 2933/2933/2933 2932/2932/2932 2931/2931/2931 2930/2930/2930 2929/2929/2929 2928/2928/2928
v 448 104.799995 768
vn 1 0 0
vt 0.473324955 0.120915055
v 448 172 768
vn 1 0 0
vt 0.477238834 0.120915055
v 448 172 640
vn 1 0 0
vt 0.477238834 0.094771266
v 448 37.5999985 768
vn 1 0 0
vt 0.469411045 0.120915055
f 2939/2939/2939 2938/2938/2938 2937/2937/2937 2936/2936/2936
v 448 -31.8153992 640
vn 1 0 0
vt 0.482980669 0.094771266
v 448 -61.6000023 640
vn 1 0 0
vt 0.481245935 0.094771266
v 448 -61.6000023 768
vn 1 0 0
vt 0.481245935 0.120915055
v 448 -29.6000042 768
vn 1 0 0
vt 0.483109683 0.120915055
v 448 37.5999985 768
vn 1 0 0
vt 0.487023592 0.120915055
v 448 172 640
vn 1 0 0
vt 0.494851381 0.094771266
f 2945/2945/2945 2944/2944/2944 2943/2943/2943 2942/2942/2942 2941/2941/2941 2940/2940/2940
v 448 172 640
vn 0 1 0
vt 0.498963952 0.094771266
v 448 172 768
vn 0 1 0
vt 0.498963952 0.120915055
v 540 172 768
vn 0 1 0
vt 0.505583048 0.120915055
v 672 172 640
vn 0 1 0
vt 0.515079975 0.094771266
f 2949/2949/2949 2948/2948/2948 2947/2947/2947 2946/2946/2946
v 828.799988 172 640
vn 0 1 0
vt 0.522447348 0.094771266
v 768 172 640
vn 0 1 0
vt 0.518072963 0.094771266
v 828.799988 172 768
vn 0 1 0
vt 0.522447348 0.120915055
f 2952/2952/2952 2951/2951/2951 2950/2950/2950
v 764 172 768
vn 0 1 0
vt 0.543225467 0.120915055
v 828.799988 172 768
vn 0 1 0
vt 0.547887623 0.120915055
v 768 172 640
vn 0 1 0
vt 0.543513298 0.094771266
v 672 172 640
vn 0 1 0
vt 0.536606431 0.094771266
v 540 172 768
vn 0 1 0
vt 0.527109444 0.120915055
f 2957/2957/2957 2956/2956/2956 2955/2955/2955 2954/2954/2954 2953/2953/2953
v 928 172 640
vn 0 1 0
vt 0.558938622 0.094771266
v 828.799988 172 640
vn 0 1 0
vt 0.551801503 0.094771266
v 828.799988 172 768
vn 0 1 0
vt 0.551801503 0.120915055
v 988 172 768
vn 0 1 0
vt 0.563255489 0.120915055
v 988 172 640
vn 0 1 0
vt 0.563255489 0.094771266
f 2962/2962/2962 2961/2961/2961 2960/2960/2960 2959/2959/2959 2958/2958/2958
v 1016 -532 640
vn 0 1 0
vt 0.325463742 0.0359477401
v 1024 -532 640
vn 0 1 0
vt 0.324752867 0.0359477401
v 1024 -532 736
vn 0 1 0
vt 0.324752867 0.055555582
f 2965/2965/2965 2964/2964/2964 2963/2963/2963
v 988 -532 736
vn 0 1 0
vt 0.331865609 0.055555582
v 988 -532 640
vn 0 1 0
vt 0.331865609 0.0359477401
v 992 -532 640
vn 0 1 0
vt 0.331510186 0.0359477401
v 1016 -532 640
vn 0 1 0
vt 0.329377621 0.0359477401
v 1024 -532 736
vn 0 1 0
vt 0.328666776 0.055555582
f 2970/2970/2970 2969/2969/2969 2968/2968/2968 2967/2967/2967 2966/2966/2966
v 749.241394 -532 640
vn 0 1 0
vt 0.568345249 0.094771266
v 764 -532 768
vn 0 1 0
vt 0.567033827 0.120915055
v 679.670593 -532 768
vn 0 1 0
vt 0.574527085 0.120915055
v 679.670593 -532 640
vn 0 1 0
vt 0.574527085 0.094771266
f 2974/2974/2974 2973/2973/2973 2972/2972/2972 2971/2971/2971
v 928 -532 640
vn 0 1 0
vt 0.583772361 0.094771266
v 988 -532 640
vn 0 1 0
vt 0.578440964 0.094771266
v 988 -532 736
vn 0 1 0
vt 0.578440964 0.114379108
v 988 -532 768
vn 0 1 0
vt 0.578440964 0.120915055
v 764 -532 768
vn 0 1 0
vt 0.598344982 0.120915055
v 749.241394 -532 640
vn 0 1 0
vt 0.599656403 0.094771266
f 2980/2980/2980 2979/2979/2979 2978/2978/2978 2977/2977/2977 2976/2976/2976 2975/2975/2975
v 540 -532 768
vn 0 1 0
vt 0.61433506 0.120915055
v 448 -532 768
vn 0 1 0
vt 0.622509897 0.120915055
v 448 -532 640
vn 0 1 0
vt 0.622509897 0.094771266
v 679.670593 -532 640
vn 0 1 0
vt 0.60192436 0.094771266
v 679.670593 -532 768
vn 0 1 0
vt 0.60192436 0.120915055
f 2985/2985/2985 2984/2984/2984 2983/2983/2983 2982/2982/2982 2981/2981/2981
v 1024 -436 678.400024
vn 0 1 0
vt 0.499347657 0.722222209
v 1024 -436 640
vn 0 1 0
vt 0.499347657 0.683006525
v 1016 -436 640
vn 0 1 0
vt 0.497716874 0.683006525
v 988 -436 640
vn 0 1 0
vt 0.492009103 0.683006525
v 988 -436 736
vn 0 1 0
vt 0.492009103 0.781045735
v 1024 -436 736
vn 0 1 0
vt 0.499347657 0.781045735
f 2991/2991/2991 2990/2990/2990 2989/2989/2989 2988/2988/2988 2987/2987/2987 2986/2986/2986
v 988 -365.600006 640
vn 1 0 0
vt 0.640492499 0.094771266
v 988 -231.200012 768
vn 1 0 0
vt 0.626793861 0.120915055
v 988 -298.400024 768
vn 1 0 0
vt 0.63364315 0.120915055
v 988 -365.600006 768
vn 1 0 0
vt 0.640492499 0.120915055
f 2995/2995/2995 2994/2994/2994 2993/2993/2993 2992/2992/2992
v 988 -137.527283 640
vn 1 0 0
vt 0.648557484 0.094771266
v 988 -96.8000031 640
vn 1 0 0
vt 0.644406378 0.094771266
v 988 -96.8000031 768
vn 1 0 0
vt 0.644406378 0.120915055
v 988 -164.000015 768
vn 1 0 0
vt 0.651255667 0.120915055
v 988 -231.200012 768
vn 1 0 0
vt 0.658105016 0.120915055
v 988 -365.600006 640
vn 1 0 0
vt 0.671803653 0.094771266
f 3001/3001/3001 3000/3000/3000 2999/2999/2999 2998/2998/2998 2997/2997/2997 2996/2996/2996
v 988 -96.8000031 640
vn 1 0 0
vt 0.681588352 0.094771266
v 988 -29.6000042 768
vn 1 0 0
vt 0.674739063 0.120915055
v 988 -96.8000031 768
vn 1 0 0
vt 0.681588352 0.120915055
f 3004/3004/3004 3003/3003/3003 3002/3002/3002
v 988 172 640
vn 1 0 0
vt 0.685502291 0.094771266
v 988 172 768
vn 1 0 0
vt 0.685502291 0.120915055
v 988 104.799995 768
vn 1 0 0
vt 0.69235158 0.120915055
f 3007/3007/3007 3006/3006/3006 3005/3005/3005
v 988 37.5999985 768
vn 1 0 0
vt 0.710942566 0.120915055
v 988 -29.6000042 768
vn 1 0 0
vt 0.717791915 0.120915055
v 988 -96.8000031 640
vn 1 0 0
vt 0.724641204 0.094771266
v 988 172 640
vn 1 0 0
vt 0.697243929 0.094771266
v 988 104.799995 768
vn 1 0 0
vt 0.704093277 0.120915055
f 3012/3012/3012 3011/3011/3011 3010/3010/3010 3009/3009/3009 3008/3008/3008
v 988 -436 736
vn 1 0 0
vt 0.735730588 0.114379108
v 988 -436 640
vn 1 0 0
vt 0.735730588 0.094771266
v 988 -365.600006 640
vn 1 0 0
vt 0.728555083 0.094771266
v 988 -365.600006 768
vn 1 0 0
vt 0.728555083 0.120915055
v 988 -432.800018 768
vn 1 0 0
vt 0.735404432 0.120915055
v 988 -436 768
vn 1 0 0
vt 0.735730588 0.120915055
f 3018/3018/3018 3017/3017/3017 3016/3016/3016 3015/3015/3015 3014/3014/3014 3013/3013/3013
v 988 -532 768
vn 1 0 0
vt 0.589975059 0.0294117928
v 988 -532 736
vn 1 0 0
vt 0.589975059 0.0163398981
v 988 -525.599976 736
vn 1 0 0
vt 0.589263499 0.0163398981
f 3021/3021/3021 3020/3020/3020 3019/3019/3019
v 988 -458.399994 736
vn 1 0 0
vt 0.595490098 0.0163398981
v 988 -436 736
vn 1 0 0
vt 0.592999458 0.0163398981
v 988 -436 768
vn 1 0 0
vt 0.592999458 0.0294117928
f 3024/3024/3024 3023/3023/3023 3022/3022/3022
v 988 -500.000031 768
vn 1 0 0
vt 0.605986476 0.0294117928
v 988 -532 768
vn 1 0 0
vt 0.609544575 0.0294117928
v 988 -525.599976 736
vn 1 0 0
vt 0.608832955 0.0163398981
v 988 -503.200012 736
vn 1 0 0
vt 0.606342316 0.0163398981
v 988 -480.799988 736
vn 1 0 0
vt 0.603851616 0.0163398981
v 988 -458.399994 736
vn 1 0 0
vt 0.601360917 0.0163398981
v 988 -436 768
vn 1 0 0
vt 0.598870337 0.0294117928
f 3031/3031/3031 3030/3030/3030 3029/3029/3029 3028/3028/3028 3027/3027/3027 3026/3026/3026 3025/3025/3025
v 988 -525.599976 736
vn 0 0 1
vt 0.509947836 0.68790853
v 1024 -525.599976 736
vn 0 0 1
vt 0.502609313 0.68790853
v 1024 -503.200012 736
vn 0 0 1
vt 0.502609313 0.779411793
v 988 -503.200012 736
vn 0 0 1
vt 0.509947836 0.779411793
f 3035/3035/3035 3034/3034/3034 3033/3033/3033 3032/3032/3032
v 988 -503.200012 736
vn 0 0 1
vt 0.521689534 0.68790853
v 1024 -503.200012 736
vn 0 0 1
vt 0.514350951 0.68790853
v 1024 -480.799988 736
vn 0 0 1
vt 0.514350951 0.779411793
v 988 -480.799988 736
vn 0 0 1
vt 0.521689534 0.779411793
f 3039/3039/3039 3038/3038/3038 3037/3037/3037 3036/3036/3036
v 988 -480.799988 736
vn 0 0 1
vt 0.533431172 0.68790853
v 1024 -480.799988 736
vn 0 0 1
vt 0.526092649 0.68790853
v 1024 -458.399994 736
vn 0 0 1
vt 0.526092649 0.779411793
v 988 -458.399994 736
vn 0 0 1
vt 0.533431172 0.779411793
f 3043/3043/3043 3042/3042/3042 3041/3041/3041 3040/3040/3040
v 988 -436 736
vn 0 0 1
vt 0.54517287 0.779411793
v 988 -458.399994 736
vn 0 0 1
vt 0.54517287 0.68790853
v 1024 -458.399994 736
vn 0 0 1
vt 0.537834346 0.68790853
v 1024 -436 736
vn 0 0 1
vt 0.537834346 0.779411793
f 3047/3047/3047 3046/3046/3046 3045/3045/3045 3044/3044/3044
v 988 -532 736
vn 0 0 1
vt 0.778049588 0.138888896
v 1024 -532 736
vn 0 0 1
vt 0.770711064 0.138888896
v 1024 -525.599976 736
vn 0 0 1
vt 0.770711064 0.165032685
v 988 -525.599976 736
vn 0 0 1
vt 0.778049588 0.165032685
f 3051/3051/3051 3050/3050/3050 3049/3049/3049 3048/3048/3048
v 1024 29.5999908 128
vn 0 0 1
vt 0.00828208122 0.213976622
v 1024 -84 128
vn 0 0 1
vt 0.00828208122 0.179602385
v 992 -84 128
vn 0 0 1
vt 0.0054864455 0.179602385
f 3054/3054/3054 3053/3053/3053 3052/3052/3052
v 992 65.3333359 128
vn 0 0 1
vt 0.473196805 0.538514674
v 992 172 128
vn 0 0 1
vt 0.473196805 0.570790946
v 1024 172 128
vn 0 0 1
vt 0.475992471 0.570790946
v 1024 29.5999908 128
vn 0 0 1
vt 0.475992471 0.527702093
v 992 -84 128
vn 0 0 1
vt 0.473196805 0.493327856
f 3059/3059/3059 3058/3058/3058 3057/3057/3057 3056/3056/3056 3055/3055/3055
v 917.333313 40.4444389 128
vn 0 0 1
vt 0.784588993 0.135984063
v 896 172 128
vn 0 0 1
vt 0.783023477 0.166518092
v 917.333313 172 128
vn 0 0 1
vt 0.784588993 0.166518092
f 3062/3062/3062 3061/3061/3061 3060/3060/3060
v 544 -52 128
vn 0 0 1
vt 0.0468199626 0.277926326
v 544 172 128
vn 0 0 1
vt 0.0468199626 0.329916835
v 672 172 128
vn 0 0 1
vt 0.0562133081 0.329916835
f 3065/3065/3065 3064/3064/3064 3063/3063/3063
v 821.333313 8.44443989 128
vn 0 0 1
vt 0.485958904 0.435746312
v 544 -84 128
vn 0 0 1
vt 0.46560666 0.414290011
v 544 -52 128
vn 0 0 1
vt 0.46560666 0.421717167
v 672 172 128
vn 0 0 1
vt 0.475000024 0.473707676
v 896 172 128
vn 0 0 1
vt 0.491438359 0.473707676
v 917.333313 40.4444389 128
vn 0 0 1
vt 0.493003935 0.443173587
f 3071/3071/3071 3070/3070/3070 3069/3069/3069 3068/3068/3068 3067/3067/3067 3066/3066/3066
v 992 65.3333359 128
vn 0 0 1
vt 0.793982387 0.141760707
v 917.333313 40.4444389 128
vn 0 0 1
vt 0.788502932 0.135984063
v 917.333313 172 128
vn 0 0 1
vt 0.788502932 0.166518092
v 992 172 128
vn 0 0 1
vt 0.793982387 0.166518092
f 3075/3075/3075 3074/3074/3074 3073/3073/3073 3072/3072/3072
v 544 -340 128
vn 0 0 1
vt 0.46364972 0.341800392
v 448 -340 128
vn 0 0 1
vt 0.456604689 0.341800392
v 448 -116 128
vn 0 0 1
vt 0.456604689 0.393790841
f 3078/3078/3078 3077/3077/3077 3076/3076/3076
v 544 -84 128
vn 0 0 1
vt 0.825684905 0.649584055
v 821.333313 8.44443989 128
vn 0 0 1
vt 0.846037209 0.671040475
v 821.333313 -340 128
vn 0 0 1
vt 0.846037209 0.59016639
v 659.200012 -340 128
vn 0 0 1
vt 0.83413893 0.59016639
v 544 -340 128
vn 0 0 1
vt 0.825684905 0.59016639
v 448 -116 128
vn 0 0 1
vt 0.818639934 0.642156839
f 3084/3084/3084 3083/3083/3083 3082/3082/3082 3081/3081/3081 3080/3080/3080 3079/3079/3079
v 992 -84 128
vn 0 0 1
vt 0.015117418 0.956773639
v 992 -340 128
vn 0 0 1
vt 0.015117418 0.897355914
v 928 -340 128
vn 0 0 1
vt 0.010420749 0.897355914
v 821.333313 -340 128
vn 0 0 1
vt 0.00259295641 0.897355914
v 821.333313 8.44443989 128
vn 0 0 1
vt 0.00259295641 0.97823
v 917.333313 40.4444389 128
vn 0 0 1
vt 0.00963796675 0.985657215
v 992 65.3333359 128
vn 0 0 1
vt 0.015117418 0.991433918
f 3091/3091/3091 3090/3090/3090 3089/3089/3089 3088/3088/3088 3087/3087/3087 3086/3086/3086 3085/3085/3085
v 992 -436 128
vn 0 0 1
vt 0.745058715 0.097296536
v 928 -436 128
vn 0 0 1
vt 0.740362048 0.097296536
v 928 -340 128
vn 0 0 1
vt 0.740362048 0.119578123
v 992 -340 128
vn 0 0 1
vt 0.745058715 0.119578123
f 3095/3095/3095 3094/3094/3094 3093/3093/3093 3092/3092/3092
v 448 -436 128
vn 0 0 1
vt 0.750146806 0.097296536
v 448 -340 128
vn 0 0 1
vt 0.750146806 0.119578123
v 544 -340 128
vn 0 0 1
vt 0.757191777 0.119578123
v 544 -436 128
vn 0 0 1
vt 0.757191777 0.097296536
f 3099/3099/3099 3098/3098/3098 3097/3097/3097 3096/3096/3096
v 992 -7.19999981 480
vn 1 0 0
vt 0.774706483 0.094771266
v 992 172 480
vn 1 0 0
vt 0.761007845 0.094771266
v 992 172 628.148132
vn 1 0 0
vt 0.761007845 0.118978441
v 992 -84 628.148132
vn 1 0 0
vt 0.780577302 0.118978441
v 992 -84 480
vn 1 0 0
vt 0.780577302 0.094771266
f 3104/3104/3104 3103/3103/3103 3102/3102/3102 3101/3101/3101 3100/3100/3100
v 992 -84 480
vn 1 0 0
vt 0.466813445 0.362745106
v 992 -84 628.148132
vn 1 0 0
vt 0.466813445 0.393004119
v 992 -137.527283 628.148132
vn 1 0 0
vt 0.47045058 0.393004119
v 992 -84 352
vn 1 0 0
vt 0.466813445 0.336601317
f 3108/3108/3108 3107/3107/3107 3106/3106/3106 3105/3105/3105
v 992 -436 352
vn 1 0 0
vt 0.496602505 0.336601317
v 992 -84 352
vn 1 0 0
vt 0.472684294 0.336601317
v 992 -137.527283 628.148132
vn 1 0 0
vt 0.476321429 0.393004119
v 992 -432 628.148132
vn 1 0 0
vt 0.496330738 0.393004119
v 992 -436 628.148132
vn 1 0 0
vt 0.496602505 0.393004119
v 992 -487.199982 628.148132
vn 1 0 0
vt 0.500081539 0.393004119
v 992 -487.199982 352
vn 1 0 0
vt 0.500081539 0.336601317
f 3115/3115/3115 3114/3114/3114 3113/3113/3113 3112/3112/3112 3111/3111/3111 3110/3110/3110 3109/3109/3109
v 992 -524.615356 352
vn 1 0 0
vt 0.506537795 0.336601317
v 992 -487.199982 352
vn 1 0 0
vt 0.503995419 0.336601317
v 992 -487.199982 628.148132
vn 1 0 0
vt 0.503995419 0.393004119
v 992 -524.615356 628.148132
vn 1 0 0
vt 0.506537795 0.393004119
f 3119/3119/3119 3118/3118/3118 3117/3117/3117 3116/3116/3116
v 992 -340 128
vn 1 0 0
vt 0.0282398369 0.173202634
v 992 -84 128
vn 1 0 0
vt 0.0108447494 0.173202634
v 992 -84 352
vn 1 0 0
vt 0.0108447494 0.218954265
v 992 -436 352
vn 1 0 0
vt 0.0347629935 0.218954265
v 992 -436 128
vn 1 0 0
vt 0.0347629935 0.173202634
f 3124/3124/3124 3123/3123/3123 3122/3122/3122 3121/3121/3121 3120/3120/3120
v 1024 172 480
vn 0 1 0
vt 0.790932775 0.11875236
v 992 172 404.148163
vn 0 1 0
vt 0.784409642 0.100525796
v 992 172 480
vn 0 1 0
vt 0.784409642 0.11875236
f 3127/3127/3127 3126/3126/3126 3125/3125/3125
v 992 172 352
vn 0 1 0
vt 0.848988891 0.643550515
v 992 172 404.148163
vn 0 1 0
vt 0.848988891 0.656081319
v 1024 172 480
vn 0 1 0
vt 0.855512023 0.674307942
v 1024 172 128
vn 0 1 0
vt 0.855512023 0.589725137
v 992 172 128
vn 0 1 0
vt 0.848988891 0.589725137
f 3132/3132/3132 3131/3131/3131 3130/3130/3130 3129/3129/3129 3128/3128/3128
v 992 -84 480
vn 0 1 0
vt 0.800717592 0.120915055
v 992 -84 352
vn 0 1 0
vt 0.800717592 0.094771266
v 1024 -84 480
vn 0 1 0
vt 0.7941944 0.120915055
f 3135/3135/3135 3134/3134/3134 3133/3133/3133
v 1024 -84 192
vn 0 1 0
vt 0.968362689 0.513071895
v 1024 -84 480
vn 0 1 0
vt 0.968362689 0.571895421
v 992 -84 352
vn 0 1 0
vt 0.974885881 0.545751631
v 992 -84 128
vn 0 1 0
vt 0.974885881 0.5
v 1024 -84 128
vn 0 1 0
vt 0.968362689 0.5
f 3140/3140/3140 3139/3139/3139 3138/3138/3138 3137/3137/3137 3136/3136/3136
v 992 172 480
vn 0 0 1
vt 0.556099176 0.776756525
v 992 -7.19999981 480
vn 0 0 1
vt 0.556099176 0.685253263
v 1024 -7.19999981 480
vn 0 0 1
vt 0.549576044 0.685253263
v 1024 172 480
vn 0 0 1
vt 0.549576044 0.776756525
f 3144/3144/3144 3143/3143/3143 3142/3142/3142 3141/3141/3141
v 992 -84 480
vn 0 0 1
vt 0.0453359522 0.175449371
v 1024 -84 480
vn 0 0 1
vt 0.0388127901 0.175449371
v 1024 -7.19999981 480
vn 0 0 1
vt 0.0388127901 0.214665055
v 992 -7.19999981 480
vn 0 0 1
vt 0.0453359522 0.214665055
f 3148/3148/3148 3147/3147/3147 3146/3146/3146 3145/3145/3145
v 448 -436 352
vn 0 0 1
vt 0.157534242 0.127451003
v 448 -340 352
vn 0 0 1
vt 0.157534242 0.166666687
v 544 -340 352
vn 0 0 1
vt 0.169275925 0.166666687
v 544 -436 352
vn 0 0 1
vt 0.169275925 0.127451003
f 3152/3152/3152 3151/3151/3151 3150/3150/3150 3149/3149/3149
v 992 -487.199982 352
vn 0 0 1
vt 0.0546722114 0.195533812
v 992 -524.615356 352
vn 0 0 1
vt 0.0546722114 0.178551495
v 928 -524.615356 352
vn 0 0 1
vt 0.0486862585 0.178551495
v 928 -436 352
vn 0 0 1
vt 0.0486862585 0.218772709
v 992 -436 352
vn 0 0 1
vt 0.0546722114 0.218772709
f 3157/3157/3157 3156/3156/3156 3155/3155/3155 3154/3154/3154 3153/3153/3153
v 448 -436 352
vn 0 0 1
vt 0.0585861057 0.218772709
v 544 -436 352
vn 0 0 1
vt 0.0675650388 0.218772709
v 544 -524.615356 352
vn 0 0 1
vt 0.0675650388 0.178551495
v 448 -524.615356 352
vn 0 0 1
vt 0.0585861057 0.178551495
f 3161/3161/3161 3160/3160/3160 3159/3159/3159 3158/3158/3158
v 64 -39.2000122 352
vn 0 0 1
vt 0.572966158 0.684801459
v 134.400009 -39.2000122 352
vn 0 0 1
vt 0.560665369 0.684801459
v 134.400009 66.3999939 352
vn 0 0 1
vt 0.560665369 0.776304722
v 64 66.3999939 352
vn 0 0 1
vt 0.572966158 0.776304722
f 3165/3165/3165 3164/3164/3164 3163/3163/3163 3162/3162/3162
v 448 -31.8153992 352
vn 0 0 1
vt 0.576320946 0.691200256
v 448 66.3999939 352
vn 0 0 1
vt 0.576320946 0.776304722
v 291.200012 66.3999939 352
vn 0 0 1
vt 0.603718221 0.776304722
v 291.200012 -39.2000122 352
vn 0 0 1
vt 0.603718221 0.684801459
v 448 -39.2000122 352
vn 0 0 1
vt 0.576320946 0.684801459
f 3170/3170/3170 3169/3169/3169 3168/3168/3168 3167/3167/3167 3166/3166/3166
v 134.400009 -39.2000122 352
vn 0 0 1
vt 0.635029376 0.684801459
v 291.200012 -39.2000122 352
vn 0 0 1
vt 0.607632101 0.684801459
v 291.200012 66.3999939 352
vn 0 0 1
vt 0.607632101 0.776304722
v 134.400009 66.3999939 352
vn 0 0 1
vt 0.635029376 0.776304722
f 3174/3174/3174 3173/3173/3173 3172/3172/3172 3171/3171/3171
v 64 172 352
vn 0 0 1
vt 0.651244044 0.776304722
v 64 66.3999939 352
vn 0 0 1
vt 0.651244044 0.684801459
v 134.400009 66.3999939 352
vn 0 0 1
vt 0.638943255 0.684801459
v 134.400009 172 352
vn 0 0 1
vt 0.638943255 0.776304722
f 3178/3178/3178 3177/3177/3177 3176/3176/3176 3175/3175/3175
v 448 172 352
vn 0 0 1
vt 0.654598832 0.776304722
v 291.200012 172 352
vn 0 0 1
vt 0.681996107 0.776304722
v 291.200012 66.3999939 352
vn 0 0 1
vt 0.681996107 0.684801459
v 448 66.3999939 352
vn 0 0 1
vt 0.654598832 0.684801459
f 3182/3182/3182 3181/3181/3181 3180/3180/3180 3179/3179/3179
v 288 172 352
vn 0 0 1
vt 0.686469078 0.776304722
v 134.400009 172 352
vn 0 0 1
vt 0.713307261 0.776304722
v 134.400009 66.3999939 352
vn 0 0 1
vt 0.713307261 0.684801459
v 291.200012 66.3999939 352
vn 0 0 1
vt 0.685909986 0.684801459
v 291.200012 172 352
vn 0 0 1
vt 0.685909986 0.776304722
f 3187/3187/3187 3186/3186/3186 3185/3185/3185 3184/3184/3184 3183/3183/3183
v 192 -84 352
vn 0 0 1
vt 0.090718478 0.175393641
v 291.200012 -84 352
vn 0 0 1
vt 0.0733855218 0.175393641
v 291.200012 -39.2000122 352
vn 0 0 1
vt 0.0733855218 0.214213192
v 134.400009 -39.2000122 352
vn 0 0 1
vt 0.100782782 0.214213192
v 134.400009 -84 352
vn 0 0 1
vt 0.100782782 0.175393641
f 3192/3192/3192 3191/3191/3191 3190/3190/3190 3189/3189/3189 3188/3188/3188
v 416 -84 352
vn 0 0 1
vt 0.108331002 0.175393641
v 448 -84 352
vn 0 0 1
vt 0.102739729 0.175393641
v 448 -39.2000122 352
vn 0 0 1
vt 0.102739729 0.214213192
v 291.200012 -39.2000122 352
vn 0 0 1
vt 0.130136982 0.214213192
v 291.200012 -84 352
vn 0 0 1
vt 0.130136982 0.175393641
f 3197/3197/3197 3196/3196/3196 3195/3195/3195 3194/3194/3194 3193/3193/3193
v 64 -84 352
vn 0 0 1
vt 0.146351695 0.175393641
v 134.400009 -84 352
vn 0 0 1
vt 0.134050876 0.175393641
v 134.400009 -39.2000122 352
vn 0 0 1
vt 0.134050876 0.214213192
v 64 -39.2000122 352
vn 0 0 1
vt 0.146351695 0.214213192
f 3201/3201/3201 3200/3200/3200 3199/3199/3199 3198/3198/3198
v 416 -221.600006 352
vn 0 0 1
vt 0.716941595 0.775116384
v 288 -221.600006 352
vn 0 0 1
vt 0.739306688 0.775116384
v 288 -327.200012 352
vn 0 0 1
vt 0.739306688 0.683613062
v 416 -327.200012 352
vn 0 0 1
vt 0.716941595 0.683613062
f 3205/3205/3205 3204/3204/3204 3203/3203/3203 3202/3202/3202
v 416 -116 352
vn 0 0 1
vt 0.74433881 0.775116384
v 288 -116 352
vn 0 0 1
vt 0.766703904 0.775116384
v 288 -221.600006 352
vn 0 0 1
vt 0.766703904 0.683613062
v 416 -221.600006 352
vn 0 0 1
vt 0.74433881 0.683613062
f 3209/3209/3209 3208/3208/3208 3207/3207/3207 3206/3206/3206
v 288 -340 352
vn 0 0 1
vt 0.173748955 0.201933563
v 288 -372 352
vn 0 0 1
vt 0.173748955 0.174205303
v 416 -372 352
vn 0 0 1
vt 0.151383847 0.174205303
v 416 -327.200012 352
vn 0 0 1
vt 0.151383847 0.213024855
v 288 -327.200012 352
vn 0 0 1
vt 0.173748955 0.213024855
f 3214/3214/3214 3213/3213/3213 3212/3212/3212 3211/3211/3211 3210/3210/3210
v 64 -327.200012 352
vn 0 0 1
vt 0.782359481 0.683613062
v 131.199997 -327.200012 352
vn 0 0 1
vt 0.770617843 0.683613062
v 131.199997 -221.600006 352
vn 0 0 1
vt 0.770617843 0.775116384
v 64 -221.600006 352
vn 0 0 1
vt 0.782359481 0.775116384
f 3218/3218/3218 3217/3217/3217 3216/3216/3216 3215/3215/3215
v 288 -221.600006 352
vn 0 0 1
vt 0.78627342 0.775116384
v 131.199997 -221.600006 352
vn 0 0 1
vt 0.813670635 0.775116384
v 131.199997 -327.200012 352
vn 0 0 1
vt 0.813670635 0.683613062
v 288 -327.200012 352
vn 0 0 1
vt 0.78627342 0.683613062
f 3222/3222/3222 3221/3221/3221 3220/3220/3220 3219/3219/3219
v 64 -221.600006 352
vn 0 0 1
vt 0.829326212 0.683613062
v 131.199997 -221.600006 352
vn 0 0 1
vt 0.817584574 0.683613062
v 131.199997 -116 352
vn 0 0 1
vt 0.817584574 0.775116384
v 64 -116 352
vn 0 0 1
vt 0.829326212 0.775116384
f 3226/3226/3226 3225/3225/3225 3224/3224/3224 3223/3223/3223
v 288 -116 352
vn 0 0 1
vt 0.833240151 0.775116384
v 131.199997 -116 352
vn 0 0 1
vt 0.860637367 0.775116384
v 131.199997 -221.600006 352
vn 0 0 1
vt 0.860637367 0.683613062
v 288 -221.600006 352
vn 0 0 1
vt 0.833240151 0.683613062
f 3230/3230/3230 3229/3229/3229 3228/3228/3228 3227/3227/3227
v 288 -340 352
vn 0 0 1
vt 0.336175561 0.0385349393
v 288 -327.200012 352
vn 0 0 1
vt 0.336175561 0.0496261716
v 131.199997 -327.200012 352
vn 0 0 1
vt 0.363572836 0.0496261716
v 131.199997 -340 352
vn 0 0 1
vt 0.363572836 0.0385349393
f 3234/3234/3234 3233/3233/3233 3232/3232/3232 3231/3231/3231
v 64 -340 352
vn 0 0 1
vt 0.379228413 0.0385349393
v 131.199997 -340 352
vn 0 0 1
vt 0.367486745 0.0385349393
v 131.199997 -327.200012 352
vn 0 0 1
vt 0.367486745 0.0496261716
v 64 -327.200012 352
vn 0 0 1
vt 0.379228413 0.0496261716
f 3238/3238/3238 3237/3237/3237 3236/3236/3236 3235/3235/3235
v 259.200012 -372 352
vn 0 0 1
vt 0.865669549 0.775512516
v 96 -372 352
vn 0 0 1
vt 0.894185066 0.775512516
v 96 -477.600006 352
vn 0 0 1
vt 0.894185066 0.684009194
v 259.200012 -477.600006 352
vn 0 0 1
vt 0.865669549 0.684009194
f 3242/3242/3242 3241/3241/3241 3240/3240/3240 3239/3239/3239
v 288 -372 352
vn 0 0 1
vt 0.921302736 0.775512516
v 259.200012 -372 352
vn 0 0 1
vt 0.926334918 0.775512516
v 259.200012 -477.600006 352
vn 0 0 1
vt 0.926334918 0.684009194
v 416 -477.600006 352
vn 0 0 1
vt 0.898937643 0.684009194
v 416 -372 352
vn 0 0 1
vt 0.898937643 0.775512516
f 3247/3247/3247 3246/3246/3246 3245/3245/3245 3244/3244/3244 3243/3243/3243
v 416 -500 352
vn 0 0 1
vt 0.805004179 0.0959720016
v 416 -477.600006 352
vn 0 0 1
vt 0.805004179 0.115381777
v 259.200012 -477.600006 352
vn 0 0 1
vt 0.832401454 0.115381777
v 259.200012 -500 352
vn 0 0 1
vt 0.832401454 0.0959720016
f 3251/3251/3251 3250/3250/3250 3249/3249/3249 3248/3248/3248
v 192 -500 352
vn 0 0 1
vt 0.848057032 0.0959720016
v 259.200012 -500 352
vn 0 0 1
vt 0.836315334 0.0959720016
v 259.200012 -477.600006 352
vn 0 0 1
vt 0.836315334 0.115381777
v 96 -477.600006 352
vn 0 0 1
vt 0.864830852 0.115381777
v 96 -500 352
vn 0 0 1
vt 0.864830852 0.0959720016
f 3256/3256/3256 3255/3255/3255 3254/3254/3254 3253/3253/3253 3252/3252/3252
v 448 -436 352
vn 1 0 0
vt 0.183141351 0.174534023
v 448 -524.615356 352
vn 1 0 0
vt 0.178214774 0.174534023
v 448 -524.615356 640
vn 1 0 0
vt 0.178214774 0.218106985
v 448 -340 352
vn 1 0 0
vt 0.18847847 0.174534023
f 3260/3260/3260 3259/3259/3259 3258/3258/3258 3257/3257/3257
v 448 -31.8153992 640
vn 1 0 0
vt 0.191913381 0.218106985
v 448 -31.8153992 352
vn 1 0 0
vt 0.191913381 0.174534023
v 448 -39.2000122 352
vn 1 0 0
vt 0.191502854 0.174534023
f 3263/3263/3263 3262/3262/3262 3261/3261/3261
v 448 -61.6000023 640
vn 1 0 0
vt 0.221568659 0.218106985
v 448 -31.8153992 640
vn 1 0 0
vt 0.223224536 0.218106985
v 448 -39.2000122 352
vn 1 0 0
vt 0.222814009 0.174534023
v 448 -84 352
vn 1 0 0
vt 0.220323339 0.174534023
v 448 -340 352
vn 1 0 0
vt 0.206091002 0.174534023
v 448 -524.615356 640
vn 1 0 0
vt 0.19582729 0.218106985
f 3269/3269/3269 3268/3268/3268 3267/3267/3267 3266/3266/3266 3265/3265/3265 3264/3264/3264
v 448 -31.8153992 640
vn 1 0 0
vt 0.0236159377 0.00895673037
v 448 172 640
vn 1 0 0
vt 0.0349470749 0.00895673037
v 448 172 628.148132
vn 1 0 0
vt 0.0349470749 0.00716352463
f 3272/3272/3272 3271/3271/3271 3270/3270/3270
v 448 172 404.148163
vn 1 0 0
vt 0.238469586 0.18242377
v 448 172 352
vn 1 0 0
vt 0.238469586 0.174534023
v 448 66.3999939 352
vn 1 0 0
vt 0.232598737 0.174534023
v 448 -31.8153992 352
vn 1 0 0
vt 0.22713843 0.174534023
v 448 -31.8153992 640
vn 1 0 0
vt 0.22713843 0.218106985
v 448 172 628.148132
vn 1 0 0
vt 0.238469586 0.216313899
f 3278/3278/3278 3277/3277/3277 3276/3276/3276 3275/3275/3275 3274/3274/3274 3273/3273/3273
v 686.769226 -436 352
vn 0 1 0
vt 0.0657324642 0.326797366
v 728.369263 -436 352
vn 0 1 0
vt 0.0610078275 0.326797366
v 686.769226 -436 459.076904
vn 0 1 0
vt 0.0657324642 0.278196752
f 3281/3281/3281 3280/3280/3280 3279/3279/3279
v 785.230774 -436 532.923096
vn 0 1 0
vt 0.944960833 0.695659459
v 686.769226 -436 459.076904
vn 0 1 0
vt 0.956143439 0.729177117
v 728.369263 -436 352
vn 0 1 0
vt 0.951418757 0.777777791
v 928 -436 352
vn 0 1 0
vt 0.928746164 0.777777791
v 928 -436 553.599976
vn 0 1 0
vt 0.928746164 0.686274529
v 812.799988 -436 553.599976
vn 0 1 0
vt 0.941829741 0.686274529
f 3287/3287/3287 3286/3286/3286 3285/3285/3285 3284/3284/3284 3283/3283/3283 3282/3282/3282
v 544 -436 352
vn 0 1 0
vt 0.085861057 0.326797366
v 686.769226 -436 352
vn 0 1 0
vt 0.0696463585 0.326797366
v 686.769226 -436 459.076904
vn 0 1 0
vt 0.0696463585 0.278196752
f 3290/3290/3290 3289/3289/3289 3288/3288/3288
v 928 -436 628.148132
vn 0 1 0
vt 0.241857722 0.181849957
v 928 -436 640
vn 0 1 0
vt 0.241857722 0.176470578
v 812.799988 -436 553.599976
vn 0 1 0
vt 0.254941314 0.215686262
v 928 -436 553.599976
vn 0 1 0
vt 0.241857722 0.215686262
f 3294/3294/3294 3293/3293/3293 3292/3292/3292 3291/3291/3291
v 928 -432 628.148132
vn 0 0 1
vt 0.045988258 0.00653594732
v 928 -436 628.148132
vn 0 0 1
vt 0.045988258 0.00535345078
v 992 -436 628.148132
vn 0 0 1
vt 0.0381604694 0.00535345078
v 992 -432 628.148132
vn 0 0 1
vt 0.0381604694 0.00653594732
f 3298/3298/3298 3297/3297/3297 3296/3296/3296 3295/3295/3295
v 992 -84 628.148132
vn 0 0 1
vt 0.762230933 0.495033503
v 992 172 628.148132
vn 0 0 1
vt 0.762230933 0.570712924
v 896 172 628.148132
vn 0 0 1
vt 0.773972631 0.570712924
f 3301/3301/3301 3300/3300/3300 3299/3299/3299
v 768 -137.527283 628.148132
vn 0 0 1
vt 0.987279832 0.688359976
v 992 -137.527283 628.148132
vn 0 0 1
vt 0.959882557 0.688359976
v 992 -84 628.148132
vn 0 0 1
vt 0.959882557 0.704183877
v 896 172 628.148132
vn 0 0 1
vt 0.971624255 0.779863238
v 768 172 628.148132
vn 0 0 1
vt 0.987279832 0.779863238
f 3306/3306/3306 3305/3305/3305 3304/3304/3304 3303/3303/3303 3302/3302/3302
v 928 -432 628.148132
vn 0 0 1
vt 0.865949094 0.588235259
v 992 -432 628.148132
vn 0 0 1
vt 0.858121336 0.588235259
v 992 -137.527283 628.148132
vn 0 0 1
vt 0.858121336 0.675288081
v 768 -137.527283 628.148132
vn 0 0 1
vt 0.88551861 0.675288081
v 768 -432 628.148132
vn 0 0 1
vt 0.88551861 0.588235259
f 3311/3311/3311 3310/3310/3310 3309/3309/3309 3308/3308/3308 3307/3307/3307
v 768 -137.527283 639.353516
vn 1 0 0
vt 0.0756965205 0.00972133875
v 768 -137.527283 628.148132
vn 1 0 0
vt 0.0756965205 0.00829100609
v 768 172 628.148132
vn 1 0 0
vt 0.0482992604 0.00829100609
v 768 172 639.353516
vn 1 0 0
vt 0.0482992604 0.00972133875
f 3315/3315/3315 3314/3314/3314 3313/3313/3313 3312/3312/3312
v 768 -432 639.353516
vn 1 0 0
vt 0.105675146 0.00972133875
v 768 -432 628.148132
vn 1 0 0
vt 0.105675146 0.00829100609
v 768 -137.527283 628.148132
vn 1 0 0
vt 0.0796104148 0.00829100609
v 768 -137.527283 639.353516
vn 1 0 0
vt 0.0796104148 0.00972133875
f 3319/3319/3319 3318/3318/3318 3317/3317/3317 3316/3316/3316
v 928 -432 628.148132
vn 0 1 0
vt 0.128180042 0.00532561541
v 768 -432 628.148132
vn 0 1 0
vt 0.10861057 0.00532561541
v 768 -432 639.353516
vn 0 1 0
vt 0.10861057 0.00646990538
v 928 -432 639.353516
vn 0 1 0
vt 0.128180042 0.00646990538
f 3323/3323/3323 3322/3322/3322 3321/3321/3321 3320/3320/3320
v 828.799988 172 640
vn 0 1 0
vt 0.137573391 0.00980395079
v 928 172 640
vn 0 1 0
vt 0.149706453 0.00980395079
v 928 172 639.353516
vn 0 1 0
vt 0.149706453 0.00953984261
v 768 172 639.353516
vn 0 1 0
vt 0.130136982 0.00953984261
v 768 172 640
vn 0 1 0
vt 0.130136982 0.00980395079
f 3328/3328/3328 3327/3327/3327 3326/3326/3326 3325/3325/3325 3324/3324/3324
v 928 172 639.353516
vn 1 0 0
vt 0.152017459 0.00646990538
v 928 172 640
vn 1 0 0
vt 0.152017459 0.00653594732
v 928 -137.527283 640
vn 1 0 0
vt 0.179414719 0.00653594732
v 928 -137.527283 639.353516
vn 1 0 0
vt 0.179414719 0.00646990538
f 3332/3332/3332 3331/3331/3331 3330/3330/3330 3329/3329/3329
v 928 -432 639.353516
vn 1 0 0
vt 0.209393352 0.00646990538
v 928 -137.527283 639.353516
vn 1 0 0
vt 0.183328614 0.00646990538
v 928 -137.527283 640
vn 1 0 0
vt 0.183328614 0.00653594732
v 928 -432 640
vn 1 0 0
vt 0.209393352 0.00653594732
f 3336/3336/3336 3335/3335/3335 3334/3334/3334 3333/3333/3333
v 928 172 639.353516
vn 0 0 1
vt 0.0205479451 0.675288081
v 928 -137.527283 639.353516
vn 0 0 1
vt 0.0205479451 0.583784819
v 768 -137.527283 639.353516
vn 0 0 1
vt 0.000978473574 0.583784819
v 768 172 639.353516
vn 0 0 1
vt 0.000978473574 0.675288081
f 3340/3340/3340 3339/3339/3339 3338/3338/3338 3337/3337/3337
v 928 -432 639.353516
vn 0 0 1
vt 0.907045007 0.588235259
v 768 -432 639.353516
vn 0 0 1
vt 0.88747555 0.588235259
v 768 -137.527283 639.353516
vn 0 0 1
vt 0.88747555 0.675288081
v 928 -137.527283 639.353516
vn 0 0 1
vt 0.907045007 0.675288081
f 3344/3344/3344 3343/3343/3343 3342/3342/3342 3341/3341/3341
v 928 -432 639.353516
vn 1 0 0
vt 0.213307247 0.00646990538
v 928 -432 640
vn 1 0 0
vt 0.213307247 0.00653594732
v 928 -436 640
vn 1 0 0
vt 0.213661298 0.00653594732
v 928 -436 628.148132
vn 1 0 0
vt 0.213661298 0.00532561541
v 928 -432 628.148132
vn 1 0 0
vt 0.213307247 0.00532561541
f 3349/3349/3349 3348/3348/3348 3347/3347/3347 3346/3346/3346 3345/3345/3345
v 448 172 628.148132
vn 0 1 0
vt 0.216242656 0.00496250391
v 448 172 640
vn 0 1 0
vt 0.216242656 0.00980395079
v 672 172 640
vn 0 1 0
vt 0.243639916 0.00980395079
v 672 172 628.148132
vn 0 1 0
vt 0.243639916 0.00496250391
f 3353/3353/3353 3352/3352/3352 3351/3351/3351 3350/3350/3350
v 768 172 639.353516
vn 0 1 0
vt 0.257338554 0.00953984261
v 768 172 628.148132
vn 0 1 0
vt 0.257338554 0.00496250391
v 672 172 628.148132
vn 0 1 0
vt 0.245596871 0.00496250391
v 672 172 640
vn 0 1 0
vt 0.245596871 0.00980395079
v 768 172 640
vn 0 1 0
vt 0.257338554 0.00980395079
f 3358/3358/3358 3357/3357/3357 3356/3356/3356 3355/3355/3355 3354/3354/3354
v 992 172 480
vn 0 1 0
vt 0.0342465751 0.611111104
v 992 172 404.148163
vn 0 1 0
vt 0.0342465751 0.580125928
v 896 172 404.148163
vn 0 1 0
vt 0.0225048922 0.580125928
v 896 172 628.148132
vn 0 1 0
vt 0.0225048922 0.671629131
v 992 172 628.148132
vn 0 1 0
vt 0.0342465751 0.671629131
f 3363/3363/3363 3362/3362/3362 3361/3361/3361 3360/3360/3360 3359/3359/3359
v 448 172 628.148132
vn 0 1 0
vt 0.0362035222 0.671629131
v 672 172 628.148132
vn 0 1 0
vt 0.063600786 0.671629131
v 672 172 404.148163
vn 0 1 0
vt 0.063600786 0.580125928
v 448 172 404.148163
vn 0 1 0
vt 0.0362035222 0.580125928
f 3367/3367/3367 3366/3366/3366 3365/3365/3365 3364/3364/3364
v 768 172 628.148132
vn 0 1 0
vt 0.0772994161 0.671629131
v 896 172 628.148132
vn 0 1 0
vt 0.0929549932 0.671629131
v 896 172 404.148163
vn 0 1 0
vt 0.0929549932 0.580125928
v 672 172 404.148163
vn 0 1 0
vt 0.0655577332 0.580125928
v 672 172 628.148132
vn 0 1 0
vt 0.0655577332 0.671629131
f 3372/3372/3372 3371/3371/3371 3370/3370/3370 3369/3369/3369 3368/3368/3368
v 672 172 352
vn 0 1 0
vt 0.867906094 0.094771266
v 672 172 404.148163
vn 0 1 0
vt 0.867906094 0.116073608
v 896 172 404.148163
vn 0 1 0
vt 0.895303309 0.116073608
v 896 172 352
vn 0 1 0
vt 0.895303309 0.094771266
f 3376/3376/3376 3375/3375/3375 3374/3374/3374 3373/3373/3373
v 448 172 352
vn 0 1 0
vt 0.897260249 0.094771266
v 448 172 404.148163
vn 0 1 0
vt 0.897260249 0.116073608
v 672 172 404.148163
vn 0 1 0
vt 0.924657524 0.116073608
v 672 172 352
vn 0 1 0
vt 0.924657524 0.094771266
f 3380/3380/3380 3379/3379/3379 3378/3378/3378 3377/3377/3377
v 896 172 352
vn 0 1 0
vt 0.926614463 0.094771266
v 896 172 404.148163
vn 0 1 0
vt 0.926614463 0.116073608
v 992 172 404.148163
vn 0 1 0
vt 0.938356161 0.116073608
v 992 172 352
vn 0 1 0
vt 0.938356161 0.094771266
f 3384/3384/3384 3383/3383/3383 3382/3382/3382 3381/3381/3381
v 928 -524.615356 352
vn 0 1 0
vt 0.783490121 0.498365998
v 992 -524.615356 352
vn 0 1 0
vt 0.777669489 0.498365998
v 992 -524.615356 628.148132
vn 0 1 0
vt 0.777669489 0.568869472
v 928 -524.615356 628.148132
vn 0 1 0
vt 0.783490121 0.568869472
f 3388/3388/3388 3387/3387/3387 3386/3386/3386 3385/3385/3385
v 992 -487.199982 628.148132
vn 0 0 1
vt 0.797455966 0.147080362
v 992 -436 628.148132
vn 0 0 1
vt 0.797455966 0.162216187
v 928 -436 628.148132
vn 0 0 1
vt 0.805283785 0.162216187
v 928 -524.615356 628.148132
vn 0 0 1
vt 0.805283785 0.136019528
v 992 -524.615356 628.148132
vn 0 0 1
vt 0.797455966 0.136019528
f 3393/3393/3393 3392/3392/3392 3391/3391/3391 3390/3390/3390 3389/3389/3389
v 785.230774 -524.615356 532.923096
vn 0 1 0
vt 0.524459004 0.368086994
v 928 -524.615356 640
vn 0 1 0
vt 0.51147449 0.395424843
v 749.241394 -524.615356 640
vn 0 1 0
vt 0.527732193 0.395424843
v 626.758606 -524.615356 640
vn 0 1 0
vt 0.538871765 0.395424843
v 626.758606 -524.615356 414.06897
vn 0 1 0
vt 0.538871765 0.337742269
f 3398/3398/3398 3397/3397/3397 3396/3396/3396 3395/3395/3395 3394/3394/3394
v 626.758606 -524.615356 414.06897
vn 0 1 0
vt 0.78740406 0.514212847
v 626.758606 -524.615356 640
vn 0 1 0
vt 0.78740406 0.571895421
v 448 -524.615356 640
vn 0 1 0
vt 0.803661704 0.571895421
v 448 -524.615356 352
vn 0 1 0
vt 0.803661704 0.498365998
v 544 -524.615356 352
vn 0 1 0
vt 0.794930756 0.498365998
f 3403/3403/3403 3402/3402/3402 3401/3401/3401 3400/3400/3400 3399/3399/3399
v 626.758606 -524.615356 414.06897
vn -0.600000024 0 0.800000012
vt 0.182071343 0.131189883
v 544 -524.615356 352
vn -0.600000024 0 0.800000012
vt 0.182071343 0.162581682
v 544 -436 352
vn -0.600000024 0 0.800000012
vt 0.171232879 0.162581682
f 3406/3406/3406 3405/3405/3405 3404/3404/3404
v 686.769226 -436 459.076904
vn -0.600000024 0 0.800000012
vt 0.0949119404 0.6182307
v 785.230774 -436 532.923096
vn -0.600000024 0 0.800000012
vt 0.0949119404 0.580882311
v 785.230774 -524.615356 532.923096
vn -0.600000024 0 0.800000012
vt 0.105750412 0.580882311
v 626.758606 -524.615356 414.06897
vn -0.600000024 0 0.800000012
vt 0.105750412 0.640993774
v 544 -436 352
vn -0.600000024 0 0.800000012
vt 0.0949119404 0.672385633
f 3411/3411/3411 3410/3410/3410 3409/3409/3409 3408/3408/3408 3407/3407/3407
v 812.799988 -436 553.599976
vn -0.600000024 0 0.800000012
vt 0.541095912 0.380882442
v 928 -436 640
vn -0.600000024 0 0.800000012
vt 0.541095912 0.337184906
v 928 -447.054565 640
vn -0.600000024 0 0.800000012
vt 0.542447984 0.337184906
v 928 -524.615356 640
vn -0.600000024 0 0.800000012
vt 0.551934361 0.337184906
v 785.230774 -524.615356 532.923096
vn -0.600000024 0 0.800000012
vt 0.551934361 0.391339898
v 785.230774 -436 532.923096
vn -0.600000024 0 0.800000012
vt 0.541095912 0.391339898
f 3417/3417/3417 3416/3416/3416 3415/3415/3415 3414/3414/3414 3413/3413/3413 3412/3412/3412
v 448 -340 352
vn 1 0 0
vt 0.613013685 0.027836144
v 448 -84 352
vn 1 0 0
vt 0.62553817 0.027836144
v 448 -340 320
vn 1 0 0
vt 0.613013685 0.0184990168
f 3420/3420/3420 3419/3419/3419 3418/3418/3418
v 448 -116 128
vn 1 0 0
vt 0.989921749 0.504960299
v 448 -340 128
vn 1 0 0
vt 0.978962839 0.504960299
v 448 -340 320
vn 1 0 0
vt 0.978962839 0.560982704
v 448 -84 352
vn 1 0 0
vt 0.991487265 0.570319772
v 448 -84 224
vn 1 0 0
vt 0.991487265 0.532971561
v 448 -84 160
vn 1 0 0
vt 0.991487265 0.514297366
f 3426/3426/3426 3425/3425/3425 3424/3424/3424 3423/3423/3423 3422/3422/3422 3421/3421/3421
v 448 -340 320
vn 1 0 0
vt 0.501467705 0.469479501
v 448 -340 128
vn 1 0 0
vt 0.501467705 0.413457036
v 448 -436 128
vn 1 0 0
vt 0.496771038 0.413457036
v 448 -436 320
vn 1 0 0
vt 0.496771038 0.469479501
f 3430/3430/3430 3429/3429/3429 3428/3428/3428 3427/3427/3427
v 448 -340 320
vn 0 1 0
vt 0.640900195 0.0163398981
v 544 -340 320
vn 0 1 0
vt 0.629158497 0.0163398981
v 544 -340 352
vn 0 1 0
vt 0.629158497 0.0294117928
v 448 -340 352
vn 0 1 0
vt 0.640900195 0.0294117928
f 3434/3434/3434 3433/3433/3433 3432/3432/3432 3431/3431/3431
v 659.200012 -340 128
vn 0 1 0
vt 0.109833658 0.673377693
v 659.200012 -340 284.800018
vn 0 1 0
vt 0.109833658 0.581874371
v 544 -340 284.799988
vn 0 1 0
vt 0.121575341 0.58187443
v 544 -340 128
vn 0 1 0
vt 0.121575341 0.673377693
f 3438/3438/3438 3437/3437/3437 3436/3436/3436 3435/3435/3435
v 821.333313 -340 128
vn 0 1 0
vt 0.136361167 0.673377693
v 928 -340 128
vn 0 1 0
vt 0.125489235 0.673377693
v 659.200012 -340 284.800018
vn 0 1 0
vt 0.152886495 0.581874371
v 659.200012 -340 128
vn 0 1 0
vt 0.152886495 0.673377693
f 3442/3442/3442 3441/3441/3441 3440/3440/3440 3439/3439/3439
v 659.200012 -340 284.800018
vn 0 1 0
vt 0.258561641 0.21586132
v 544 -340 352
vn 0 1 0
vt 0.270303339 0.176645637
v 544 -340 320
vn 0 1 0
vt 0.270303339 0.195319772
v 544 -340 284.799988
vn 0 1 0
vt 0.270303339 0.21586138
f 3446/3446/3446 3445/3445/3445 3444/3444/3444 3443/3443/3443
v 672 172 128
vn 0 1 0
vt 0.909001946 0.584967315
v 672 172 352
vn 0 1 0
vt 0.909001946 0.676470578
v 896 172 352
vn 0 1 0
vt 0.936399221 0.676470578
v 896 172 128
vn 0 1 0
vt 0.936399221 0.584967315
f 3450/3450/3450 3449/3449/3449 3448/3448/3448 3447/3447/3447
v 544 172 128
vn 0 1 0
vt 0.950097859 0.584967315
v 448 172 160
vn 0 1 0
vt 0.938356161 0.59803921
v 448 172 224
vn 0 1 0
vt 0.938356161 0.624182999
v 448 172 352
vn 0 1 0
vt 0.938356161 0.676470578
v 672 172 352
vn 0 1 0
vt 0.965753436 0.676470578
v 672 172 128
vn 0 1 0
vt 0.965753436 0.584967315
f 3456/3456/3456 3455/3455/3455 3454/3454/3454 3453/3453/3453 3452/3452/3452 3451/3451/3451
v 917.333313 172 128
vn 0 1 0
vt 0.970319629 0.584967315
v 896 172 128
vn 0 1 0
vt 0.967710376 0.584967315
v 896 172 352
vn 0 1 0
vt 0.967710376 0.676470578
v 992 172 352
vn 0 1 0
vt 0.979452074 0.676470578
v 992 172 128
vn 0 1 0
vt 0.979452074 0.584967315
f 3461/3461/3461 3460/3460/3460 3459/3459/3459 3458/3458/3458 3457/3457/3457
v 544 -84 128
vn -0.22941573 0.688247204 -0.688247204
vt 0.654598832 0.0163398981
v 448 -116 128
vn -0.22941573 0.688247204 -0.688247204
vt 0.642857134 0.0163398981
v 448 -84 160
vn -0.22941573 0.688247204 -0.688247204
vt 0.642857134 0.0294117928
f 3464/3464/3464 3463/3463/3463 3462/3462/3462
v 448 172 160
vn 0.316227764 0 0.948683321
vt 0.981409013 0.676470578
v 544 172 128
vn 0.316227764 0 0.948683321
vt 0.993150711 0.676470578
v 544 -52 128
vn 0.316227764 0 0.948683321
vt 0.993150711 0.584967315
v 448 -52 160
vn 0.316227764 0 0.948683321
vt 0.981409013 0.584967315
f 3468/3468/3468 3467/3467/3467 3466/3466/3466 3465/3465/3465
v 448 -84 160
vn 0.316227764 0 0.948683321
vt 0.656555772 0.0163398981
v 448 -52 160
vn 0.316227764 0 0.948683321
vt 0.656555772 0.0294117928
v 544 -52 128
vn 0.316227764 0 0.948683321
vt 0.66829747 0.0294117928
v 544 -84 128
vn 0.316227764 0 0.948683321
vt 0.66829747 0.0163398981
f 3472/3472/3472 3471/3471/3471 3470/3470/3470 3469/3469/3469
v 928 -436 352
vn 0 1 0
vt 0.00820590649 0.472280562
v 728.369263 -436 352
vn 0 1 0
vt 0.0289521031 0.472280562
v 728.369263 -436 244.451279
vn 0 1 0
vt 0.0289521031 0.44089967
v 928 -436 128
vn 0 1 0
vt 0.00820590649 0.406921089
v 992 -436 128
vn 0 1 0
vt 0.00155484374 0.406921089
v 992 -436 352
vn 0 1 0
vt 0.00155484374 0.472280562
f 3478/3478/3478 3477/3477/3477 3476/3476/3476 3475/3475/3475 3474/3474/3474 3473/3473/3473
v 659.200012 -436 284.800018
vn 0 1 0
vt 0.192696139 0.145483196
v 728.369263 -436 244.451279
vn 0 1 0
vt 0.185507879 0.133710086
v 728.369263 -436 352
vn 0 1 0
vt 0.185507879 0.165091038
v 686.769226 -436 352
vn 0 1 0
vt 0.189831078 0.165091038
v 544 -436 352
vn 0 1 0
vt 0.204668045 0.165091038
f 3483/3483/3483 3482/3482/3482 3481/3481/3481 3480/3480/3480 3479/3479/3479
v 544 -436 284.799988
vn 0 1 0
vt 0.504081011 0.459208667
v 544 -436 320
vn 0 1 0
vt 0.504081011 0.469479501
v 448 -436 320
vn 0 1 0
vt 0.514057577 0.469479501
v 448 -436 128
vn 0 1 0
vt 0.514057577 0.413457036
v 544 -436 128
vn 0 1 0
vt 0.504081011 0.413457036
f 3488/3488/3488 3487/3487/3487 3486/3486/3486 3485/3485/3485 3484/3484/3484
v 544 -436 128
vn 1 0 0
vt 0.167318985 0.673377693
v 544 -340 128
vn 1 0 0
vt 0.155577302 0.673377693
v 544 -340 284.799988
vn 1 0 0
vt 0.155577302 0.58187443
v 544 -436 284.799988
vn 1 0 0
vt 0.167318985 0.58187443
f 3492/3492/3492 3491/3491/3491 3490/3490/3490 3489/3489/3489
v 544 -436 284.799988
vn 1 0 0
vt 0.952054799 0.117822111
v 544 -340 284.799988
vn 1 0 0
vt 0.940313101 0.117822111
v 544 -340 320
vn 1 0 0
vt 0.940313101 0.0972805619
v 544 -436 320
vn 1 0 0
vt 0.952054799 0.0972805619
f 3496/3496/3496 3495/3495/3495 3494/3494/3494 3493/3493/3493
v 728.369263 -436 244.451279
vn 0.503871024 0 0.863778889
vt 0.169275925 0.60442853
v 659.200012 -436 284.800018
vn 0.503871024 0 0.863778889
vt 0.169275925 0.580882311
v 659.200012 -340 284.800018
vn 0.503871024 0 0.863778889
vt 0.181017607 0.580882311
v 928 -340 128
vn 0.503871024 0 0.863778889
vt 0.181017607 0.672385633
v 928 -436 128
vn 0.503871024 0 0.863778889
vt 0.169275925 0.672385633
f 3501/3501/3501 3500/3500/3500 3499/3499/3499 3498/3498/3498 3497/3497/3497
v 544 -436 352
vn 0.503871024 0 0.863778889
vt 0.272994131 0.175653577
v 544 -340 352
vn 0.503871024 0 0.863778889
vt 0.284735799 0.175653577
v 659.200012 -340 284.800018
vn 0.503871024 0 0.863778889
vt 0.284735799 0.214869261
v 659.200012 -436 284.800018
vn 0.503871024 0 0.863778889
vt 0.272994131 0.214869261
f 3505/3505/3505 3504/3504/3504 3503/3503/3503 3502/3502/3502
v 544 -436 320
vn 0 0 1
vt 0.208414868 0.127451003
v 544 -340 320
vn 0 0 1
vt 0.208414868 0.166666687
v 448 -340 320
vn 0 0 1
vt 0.22015655 0.166666687
v 448 -436 320
vn 0 0 1
vt 0.22015655 0.127451003
f 3509/3509/3509 3508/3508/3508 3507/3507/3507 3506/3506/3506
v 259.200012 -500 352
vn 0 1 0
vt 0.556360066 0.393849194
v 192 -500 352
vn 0 1 0
vt 0.564579248 0.393849194
v 192 -500 160
vn 0 1 0
vt 0.564579248 0.337826788
f 3512/3512/3512 3511/3511/3511 3510/3510/3510
v 342.399994 -500 160
vn 0 1 0
vt 0.575538158 0.337826788
v 416 -500 160
vn 0 1 0
vt 0.566536188 0.337826788
v 416 -500 352
vn 0 1 0
vt 0.566536188 0.393849194
v 259.200012 -500 352
vn 0 1 0
vt 0.585714281 0.393849194
v 192 -500 160
vn 0 1 0
vt 0.593933463 0.337826788
f 3517/3517/3517 3516/3516/3516 3515/3515/3515 3514/3514/3514 3513/3513/3513
v 96 -500 195.199997
vn 0 1 0
vt 0.607632101 0.348097563
v 96 -500 160
vn 0 1 0
vt 0.607632101 0.337826788
v 192 -500 160
vn 0 1 0
vt 0.595890403 0.337826788
v 192 -500 352
vn 0 1 0
vt 0.595890403 0.393849194
v 96 -500 352
vn 0 1 0
vt 0.607632101 0.393849194
f 3522/3522/3522 3521/3521/3521 3520/3520/3520 3519/3519/3519 3518/3518/3518
v 424 6 160
vn 0 0 1
vt 0.99519664 0.608660102
v 424 172 160
vn 0 0 1
vt 0.99519664 0.676470578
v 448 172 160
vn 0 0 1
vt 0.99786514 0.676470578
v 448 -52 160
vn 0 0 1
vt 0.99786514 0.584967315
v 424 -52 160
vn 0 0 1
vt 0.99519664 0.584967315
f 3527/3527/3527 3526/3526/3526 3525/3525/3525 3524/3524/3524 3523/3523/3523
v 448 -84 160
vn 0 0 1
vt 0.673011899 0.0163398981
v 424 -84 160
vn 0 0 1
vt 0.670343399 0.0163398981
v 424 -52 160
vn 0 0 1
vt 0.670343399 0.0294117928
v 448 -52 160
vn 0 0 1
vt 0.673011899 0.0294117928
f 3531/3531/3531 3530/3530/3530 3529/3529/3529 3528/3528/3528
v 424 6 160
vn 0 0 1
vt 0.0402063727 0.406045735
v 360 6 160
vn 0 0 1
vt 0.0330902003 0.406045735
v 360 172 160
vn 0 0 1
vt 0.0330902003 0.473856211
v 424 172 160
vn 0 0 1
vt 0.0402063727 0.473856211
f 3535/3535/3535 3534/3534/3534 3533/3533/3533 3532/3532/3532
v 360 6 160
vn 0 0 1
vt 0.966553986 0.118464053
v 360 -52 160
vn 0 0 1
vt 0.966553986 0.094771266
v 256 -52 160
vn 0 0 1
vt 0.954990208 0.094771266
f 3538/3538/3538 3537/3537/3537 3536/3536/3536
v 256 68 160
vn 0 0 1
vt 0.00195694901 0.529411793
v 256 172 160
vn 0 0 1
vt 0.00195694901 0.571895421
v 360 172 160
vn 0 0 1
vt 0.0135207279 0.571895421
v 360 6 160
vn 0 0 1
vt 0.0135207279 0.504084945
v 256 -52 160
vn 0 0 1
vt 0.00195694901 0.480392158
f 3543/3543/3543 3542/3542/3542 3541/3541/3541 3540/3540/3540 3539/3539/3539
v 360 -84 160
vn 0 0 1
vt 0.688667476 0.0163398981
v 256 -84 160
vn 0 0 1
vt 0.677103698 0.0163398981
v 256 -52 160
vn 0 0 1
vt 0.677103698 0.0294117928
v 360 -52 160
vn 0 0 1
vt 0.688667476 0.0294117928
f 3547/3547/3547 3546/3546/3546 3545/3545/3545 3544/3544/3544
v 256 68 160
vn 0 0 1
vt 0.0978473574 0.326797366
v 256 -52 160
vn 0 0 1
vt 0.0978473574 0.277777791
v 192 68 160
vn 0 0 1
vt 0.0907311887 0.326797366
f 3550/3550/3550 3549/3549/3549 3548/3548/3548
v 192 -52 160
vn 0 0 1
vt 0.519302666 0.421568632
v 192 68 160
vn 0 0 1
vt 0.519302666 0.470588207
v 256 -52 160
vn 0 0 1
vt 0.526418805 0.421568632
v 256 -84 160
vn 0 0 1
vt 0.526418805 0.408496737
v 192 -84 160
vn 0 0 1
vt 0.519302666 0.408496737
f 3555/3555/3555 3554/3554/3554 3553/3553/3553 3552/3552/3552 3551/3551/3551
v 64 140 160
vn 0 0 1
vt 0.969667315 0.107843161
v 64 172 160
vn 0 0 1
vt 0.969667315 0.120915055
v 96 172 160
vn 0 0 1
vt 0.973581195 0.120915055
v 64 108 160
vn 0 0 1
vt 0.969667315 0.094771266
f 3559/3559/3559 3558/3558/3558 3557/3557/3557 3556/3556/3556
v 96 -52 160
vn 0 0 1
vt 0.0205479451 0.480392158
v 64 -52 160
vn 0 0 1
vt 0.0166340508 0.480392158
v 64 12 160
vn 0 0 1
vt 0.0166340508 0.506535947
v 64 108 160
vn 0 0 1
vt 0.0166340508 0.545751631
v 96 172 160
vn 0 0 1
vt 0.0205479451 0.571895421
f 3564/3564/3564 3563/3563/3563 3562/3562/3562 3561/3561/3561 3560/3560/3560
v 64 -52 160
vn 0 0 1
vt 0.691780806 0.0294117928
v 96 -52 160
vn 0 0 1
vt 0.695694745 0.0294117928
v 96 -84 160
vn 0 0 1
vt 0.695694745 0.0163398981
v 64 -84 160
vn 0 0 1
vt 0.691780806 0.0163398981
f 3568/3568/3568 3567/3567/3567 3566/3566/3566 3565/3565/3565
v 192 68 160
vn 0 0 1
vt 0.0339797176 0.529411793
v 192 -52 160
vn 0 0 1
vt 0.0339797176 0.480392158
v 96 -52 160
vn 0 0 1
vt 0.0233054627 0.480392158
v 96 172 160
vn 0 0 1
vt 0.0233054627 0.571895421
v 192 172 160
vn 0 0 1
vt 0.0339797176 0.571895421
f 3573/3573/3573 3572/3572/3572 3571/3571/3571 3570/3570/3570 3569/3569/3569
v 136 -84 160
vn 0 0 1
vt 0.702899873 0.0163398981
v 96 -84 160
vn 0 0 1
vt 0.698452234 0.0163398981
v 96 -52 160
vn 0 0 1
vt 0.698452234 0.0294117928
v 192 -52 160
vn 0 0 1
vt 0.709126532 0.0294117928
v 192 -84 160
vn 0 0 1
vt 0.709126532 0.0163398981
f 3578/3578/3578 3577/3577/3577 3576/3576/3576 3575/3575/3575 3574/3574/3574
v 416 -116 160
vn 0 0 1
vt 0.0510585308 0.571895421
v 416 -340 160
vn 0 0 1
vt 0.0510585308 0.480392158
v 288 -340 160
vn 0 0 1
vt 0.0368261896 0.480392158
v 288 -116 160
vn 0 0 1
vt 0.0368261896 0.571895421
f 3582/3582/3582 3581/3581/3581 3580/3580/3580 3579/3579/3579
v 342.399994 -372 160
vn 0 0 1
vt 0.718021691 0.0163398981
v 288 -372 160
vn 0 0 1
vt 0.711972952 0.0163398981
v 288 -340 160
vn 0 0 1
vt 0.711972952 0.0294117928
v 416 -340 160
vn 0 0 1
vt 0.726205289 0.0294117928
v 416 -372 160
vn 0 0 1
vt 0.726205289 0.0163398981
f 3587/3587/3587 3586/3586/3586 3585/3585/3585 3584/3584/3584 3583/3583/3583
v 64 -212 160
vn 0 0 1
vt 0.0538160466 0.532679737
v 64 -116 160
vn 0 0 1
vt 0.0538160466 0.571895421
v 96 -116 160
vn 0 0 1
vt 0.0577299409 0.571895421
v 96 -340 160
vn 0 0 1
vt 0.0577299409 0.480392158
v 64 -340 160
vn 0 0 1
vt 0.0538160466 0.480392158
f 3592/3592/3592 3591/3591/3591 3590/3590/3590 3589/3589/3589 3588/3588/3588
v 96 -116 160
vn 0 0 1
vt 0.0604874603 0.571895421
v 288 -116 160
vn 0 0 1
vt 0.0818359777 0.571895421
v 288 -340 160
vn 0 0 1
vt 0.0818359777 0.480392158
v 96 -340 160
vn 0 0 1
vt 0.0604874603 0.480392158
f 3596/3596/3596 3595/3595/3595 3594/3594/3594 3593/3593/3593
v 192 -500 160
vn 0 0 1
vt 0.112257607 0.277777791
v 96 -500 160
vn 0 0 1
vt 0.101583347 0.277777791
v 96 -372 160
vn 0 0 1
vt 0.101583347 0.33006537
f 3599/3599/3599 3598/3598/3598 3597/3597/3597
v 288 -372 160
vn 0 0 1
vt 0.13663049 0.33006537
v 342.399994 -372 160
vn 0 0 1
vt 0.142679229 0.33006537
v 342.399994 -500 160
vn 0 0 1
vt 0.142679229 0.277777791
v 192 -500 160
vn 0 0 1
vt 0.125956222 0.277777791
v 96 -372 160
vn 0 0 1
vt 0.115281977 0.33006537
f 3604/3604/3604 3603/3603/3603 3602/3602/3602 3601/3601/3601 3600/3600/3600
v 342.399994 -500 160
vn 0 0 1
vt 0.146593124 0.277777791
v 342.399994 -372 160
vn 0 0 1
vt 0.146593124 0.33006537
v 416 -372 160
vn 0 0 1
vt 0.154776737 0.33006537
v 416 -500 160
vn 0 0 1
vt 0.154776737 0.277777791
f 3608/3608/3608 3607/3607/3607 3606/3606/3606 3605/3605/3605
v 291.200012 -84 352
vn 0 1 0
vt 0.223679066 0.161719322
v 192 -84 352
vn 0 1 0
vt 0.235812128 0.161719322
v 192 -84 224
vn 0 1 0
vt 0.235812128 0.132670701
f 3611/3611/3611 3610/3610/3610 3609/3609/3609
v 360 -84 224
vn 0 1 0
vt 0.244618401 0.132670701
v 416 -84 224
vn 0 1 0
vt 0.237769082 0.132670701
v 416 -84 352
vn 0 1 0
vt 0.237769082 0.161719322
v 291.200012 -84 352
vn 0 1 0
vt 0.25303328 0.161719322
v 192 -84 224
vn 0 1 0
vt 0.265166342 0.132670701
f 3616/3616/3616 3615/3615/3615 3614/3614/3614 3613/3613/3613 3612/3612/3612
v 134.400009 -84 352
vn 0 1 0
vt 0.383757353 0.0506082177
v 64 -84 352
vn 0 1 0
vt 0.392367899 0.0506082177
v 64 -84 288
vn 0 1 0
vt 0.392367899 0.0360838175
f 3619/3619/3619 3618/3618/3618 3617/3617/3617
v 136 -84 224
vn 0 1 0
vt 0.273972601 0.132670701
v 192 -84 224
vn 0 1 0
vt 0.267123282 0.132670701
v 192 -84 352
vn 0 1 0
vt 0.267123282 0.161719322
v 134.400009 -84 352
vn 0 1 0
vt 0.274168313 0.161719322
v 64 -84 288
vn 0 1 0
vt 0.282778859 0.147194982
v 64 -84 256
vn 0 1 0
vt 0.282778859 0.139932871
v 64 -84 224
vn 0 1 0
vt 0.282778859 0.132670701
f 3626/3626/3626 3625/3625/3625 3624/3624/3624 3623/3623/3623 3622/3622/3622 3621/3621/3621 3620/3620/3620
v 424 -84 224
vn 0 1 0
vt 0.397847354 0.0362395048
v 448 -84 224
vn 0 1 0
vt 0.395499021 0.0362395048
v 448 -84 352
vn 0 1 0
vt 0.395499021 0.0549135804
v 416 -84 352
vn 0 1 0
vt 0.398630142 0.0549135804
v 416 -84 224
vn 0 1 0
vt 0.398630142 0.0362395048
f 3631/3631/3631 3630/3630/3630 3629/3629/3629 3628/3628/3628 3627/3627/3627
v 448 -84 160
vn 0 1 0
vt 0.403326809 0.0399743319
v 448 -84 224
vn 0 1 0
vt 0.403326809 0.0493113995
v 424 -84 224
vn 0 1 0
vt 0.405675143 0.0493113995
v 424 -84 160
vn 0 1 0
vt 0.405675143 0.0399743319
f 3635/3635/3635 3634/3634/3634 3633/3633/3633 3632/3632/3632
v 136 -84 160
vn 0 1 0
vt 0.414872795 0.0397149324
v 192 -84 160
vn 0 1 0
vt 0.408023477 0.0397149324
v 136 -84 224
vn 0 1 0
vt 0.414872795 0.0542393327
f 3638/3638/3638 3637/3637/3637 3636/3636/3636
v 256 -84 160
vn 0 1 0
vt 0.431506842 0.0397149324
v 360 -84 160
vn 0 1 0
vt 0.418786705 0.0397149324
v 360 -84 224
vn 0 1 0
vt 0.418786705 0.0542393327
f 3641/3641/3641 3640/3640/3640 3639/3639/3639
v 192 -84 224
vn 0 1 0
vt 0.454990208 0.0542393327
v 136 -84 224
vn 0 1 0
vt 0.461839527 0.0542393327
v 192 -84 160
vn 0 1 0
vt 0.454990208 0.0397149324
v 256 -84 160
vn 0 1 0
vt 0.44716242 0.0397149324
v 360 -84 224
vn 0 1 0
vt 0.434442282 0.0542393327
f 3646/3646/3646 3645/3645/3645 3644/3644/3644 3643/3643/3643 3642/3642/3642
v 96 -84 160
vn 0 1 0
vt 0.470645785 0.0397149324
v 136 -84 160
vn 0 1 0
vt 0.465753436 0.0397149324
v 136 -84 224
vn 0 1 0
vt 0.465753436 0.0542393327
v 64 -84 224
vn 0 1 0
vt 0.474559695 0.0542393327
v 64 -84 160
vn 0 1 0
vt 0.474559695 0.0397149324
f 3651/3651/3651 3650/3650/3650 3649/3649/3649 3648/3648/3648 3647/3647/3647
v 64 172 288
vn 0 1 0
vt 0.284735799 0.140522897
v 64 172 352
vn 0 1 0
vt 0.284735799 0.166666687
v 134.400009 172 352
vn 0 1 0
vt 0.293346375 0.166666687
v 64 172 256
vn 0 1 0
vt 0.284735799 0.127451003
f 3655/3655/3655 3654/3654/3654 3653/3653/3653 3652/3652/3652
v 288 172 352
vn 0 1 0
vt 0.161448136 0.33006537
v 288 172 224
vn 0 1 0
vt 0.161448136 0.277777791
v 256 172 224
vn 0 1 0
vt 0.157534242 0.277777791
f 3658/3658/3658 3657/3657/3657 3656/3656/3656
v 192 172 224
vn 0 1 0
vt 0.179060668 0.277777791
v 64 172 224
vn 0 1 0
vt 0.163405091 0.277777791
v 64 172 256
vn 0 1 0
vt 0.163405091 0.290849686
v 134.400009 172 352
vn 0 1 0
vt 0.172015652 0.33006537
v 288 172 352
vn 0 1 0
vt 0.190802351 0.33006537
v 256 172 224
vn 0 1 0
vt 0.186888456 0.277777791
f 3664/3664/3664 3663/3663/3663 3662/3662/3662 3661/3661/3661 3660/3660/3660 3659/3659/3659
v 291.200012 172 352
vn 0 1 0
vt 0.193150684 0.33006537
v 448 172 352
vn 0 1 0
vt 0.212328762 0.33006537
v 448 172 224
vn 0 1 0
vt 0.212328762 0.277777791
v 288 172 224
vn 0 1 0
vt 0.19275929 0.277777791
v 288 172 352
vn 0 1 0
vt 0.19275929 0.33006537
f 3669/3669/3669 3668/3668/3668 3667/3667/3667 3666/3666/3666 3665/3665/3665
v 256 172 160
vn 0 1 0
vt 0.975538135 0.094771266
v 256 172 224
vn 0 1 0
vt 0.975538135 0.120915055
v 288 172 224
vn 0 1 0
vt 0.979452074 0.120915055
f 3672/3672/3672 3671/3671/3671 3670/3670/3670
v 448 172 224
vn 0 1 0
vt 0.985322893 0.120915055
v 448 172 160
vn 0 1 0
vt 0.985322893 0.094771266
v 424 172 160
vn 0 1 0
vt 0.982387483 0.094771266
f 3675/3675/3675 3674/3674/3674 3673/3673/3673
v 360 172 160
vn 0 1 0
vt 0.01369863 0.0620915294
v 256 172 160
vn 0 1 0
vt 0.000978473574 0.0620915294
v 288 172 224
vn 0 1 0
vt 0.00489236787 0.0882353187
v 448 172 224
vn 0 1 0
vt 0.0244618393 0.0882353187
v 424 172 160
vn 0 1 0
vt 0.0215264186 0.0620915294
f 3680/3680/3680 3679/3679/3679 3678/3678/3678 3677/3677/3677 3676/3676/3676
v 96 172 160
vn 0 1 0
vt 0.0303326808 0.0620915294
v 64 172 160
vn 0 1 0
vt 0.0264187865 0.0620915294
v 64 172 224
vn 0 1 0
vt 0.0264187865 0.0882353187
v 192 172 224
vn 0 1 0
vt 0.0420743637 0.0882353187
v 192 172 160
vn 0 1 0
vt 0.0420743637 0.0620915294
f 3685/3685/3685 3684/3684/3684 3683/3683/3683 3682/3682/3682 3681/3681/3681
v 192 172 224
vn 0 0 1
vt 0.0851272047 0.570261478
v 256 172 224
vn 0 0 1
vt 0.100782782 0.570261478
v 256 68 224
vn 0 0 1
vt 0.100782782 0.485294104
v 192 68 224
vn 0 0 1
vt 0.0851272047 0.485294104
f 3689/3689/3689 3688/3688/3688 3687/3687/3687 3686/3686/3686
v 416 -84 224
vn 0 0 1
vt 0.820939362 0.498365998
v 360 -84 224
vn 0 0 1
vt 0.807240725 0.498365998
v 360 6 224
vn 0 0 1
vt 0.807240725 0.571895421
v 424 6 224
vn 0 0 1
vt 0.822896302 0.571895421
v 424 -84 224
vn 0 0 1
vt 0.822896302 0.498365998
f 3694/3694/3694 3693/3693/3693 3692/3692/3692 3691/3691/3691 3690/3690/3690
v 256 172 224
vn 1 0 0
vt 0.0709393322 0.0882353187
v 256 172 160
vn 1 0 0
vt 0.0709393322 0.0620915294
v 256 68 160
vn 1 0 0
vt 0.0454990231 0.0620915294
v 256 68 224
vn 1 0 0
vt 0.0454990231 0.0882353187
f 3698/3698/3698 3697/3697/3697 3696/3696/3696 3695/3695/3695
v 360 -52 160
vn 1 0 0
vt 0.0875733867 0.0620915294
v 360 6 160
vn 1 0 0
vt 0.0733855218 0.0620915294
v 360 6 224
vn 1 0 0
vt 0.0733855218 0.0882353187
v 360 -84 224
vn 1 0 0
vt 0.0954011753 0.0882353187
v 360 -84 160
vn 1 0 0
vt 0.0954011753 0.0620915294
f 3703/3703/3703 3702/3702/3702 3701/3701/3701 3700/3700/3700 3699/3699/3699
v 424 -52 160
vn 1 0 0
vt 0.108121328 0.0620915294
v 424 -84 160
vn 1 0 0
vt 0.100293539 0.0620915294
v 424 -84 224
vn 1 0 0
vt 0.100293539 0.0882353187
v 424 6 224
vn 1 0 0
vt 0.1223092 0.0882353187
v 424 6 160
vn 1 0 0
vt 0.1223092 0.0620915294
f 3708/3708/3708 3707/3707/3707 3706/3706/3706 3705/3705/3705 3704/3704/3704
v 360 6 160
vn 0 1 0
vt 0.139921725 0.0620915294
v 424 6 160
vn 0 1 0
vt 0.124266148 0.0620915294
v 424 6 224
vn 0 1 0
vt 0.124266148 0.0882353187
v 360 6 224
vn 0 1 0
vt 0.139921725 0.0882353187
f 3712/3712/3712 3711/3711/3711 3710/3710/3710 3709/3709/3709
v 192 172 160
vn 1 0 0
vt 0.142367899 0.0620915294
v 192 172 224
vn 1 0 0
vt 0.142367899 0.0882353187
v 192 68 224
vn 1 0 0
vt 0.16780822 0.0882353187
v 192 68 160
vn 1 0 0
vt 0.16780822 0.0620915294
f 3716/3716/3716 3715/3715/3715 3714/3714/3714 3713/3713/3713
v 256 68 160
vn 0 1 0
vt 0.186888456 0.0620915294
v 192 68 160
vn 0 1 0
vt 0.171232879 0.0620915294
v 192 68 224
vn 0 1 0
vt 0.171232879 0.0882353187
v 256 68 224
vn 0 1 0
vt 0.186888456 0.0882353187
f 3720/3720/3720 3719/3719/3719 3718/3718/3718 3717/3717/3717
v 416 -477.600006 352
vn 1 0 0
vt 0.812504888 0.166024745
v 416 -500 352
vn 1 0 0
vt 0.813600779 0.166024745
v 416 -500 160
vn 1 0 0
vt 0.813600779 0.138013542
v 416 -372 160
vn 1 0 0
vt 0.807338536 0.138013542
v 416 -372 352
vn 1 0 0
vt 0.807338536 0.166024745
f 3725/3725/3725 3724/3724/3724 3723/3723/3723 3722/3722/3722 3721/3721/3721
v 416 -116 160
vn 1 0 0
vt 0.818297446 0.138013542
v 416 -116 352
vn 1 0 0
vt 0.818297446 0.166024745
v 416 -221.600006 352
vn 1 0 0
vt 0.823463798 0.166024745
f 3728/3728/3728 3727/3727/3727 3726/3726/3726
v 416 -340 160
vn 1 0 0
vt 0.839041114 0.138013542
v 416 -116 160
vn 1 0 0
vt 0.828082204 0.138013542
v 416 -221.600006 352
vn 1 0 0
vt 0.833248556 0.166024745
v 416 -327.200012 352
vn 1 0 0
vt 0.838414848 0.166024745
v 416 -372 352
vn 1 0 0
vt 0.84060663 0.166024745
v 416 -372 160
vn 1 0 0
vt 0.84060663 0.138013542
f 3734/3734/3734 3733/3733/3733 3732/3732/3732 3731/3731/3731 3730/3730/3730 3729/3729/3729
v 288 -372 160
vn 0 1 0
vt 0.5 0.0382625461
v 96 -372 160
vn 0 1 0
vt 0.476516634 0.0382625461
v 96 -372 195.199997
vn 0 1 0
vt 0.476516634 0.0502451062
f 3737/3737/3737 3736/3736/3736 3735/3735/3735
v 259.200012 -372 352
vn 0 1 0
vt 0.0639921725 0.469635069
v 288 -372 352
vn 0 1 0
vt 0.0675146803 0.469635069
v 288 -372 160
vn 0 1 0
vt 0.0675146803 0.404275596
v 96 -372 195.199997
vn 0 1 0
vt 0.0440313108 0.416258156
v 96 -372 352
vn 0 1 0
vt 0.0440313108 0.469635069
f 3742/3742/3742 3741/3741/3741 3740/3740/3740 3739/3739/3739 3738/3738/3738
v 64 -116 160
vn 0 1 0
vt 0.296477497 0.129765809
v 64 -116 256
vn 0 1 0
vt 0.296477497 0.162445486
v 96 -116 160
vn 0 1 0
vt 0.300391376 0.129765809
f 3745/3745/3745 3744/3744/3744 3743/3743/3743
v 131.199997 -116 352
vn 0 1 0
vt 0.0776908025 0.469635069
v 288 -116 352
vn 0 1 0
vt 0.0968688875 0.469635069
v 288 -116 160
vn 0 1 0
vt 0.0968688875 0.404275596
v 96 -116 160
vn 0 1 0
vt 0.0733855218 0.404275596
v 64 -116 256
vn 0 1 0
vt 0.0694716275 0.436955333
v 64 -116 288
vn 0 1 0
vt 0.0694716275 0.447848618
v 64 -116 352
vn 0 1 0
vt 0.0694716275 0.469635069
f 3752/3752/3752 3751/3751/3751 3750/3750/3750 3749/3749/3749 3748/3748/3748 3747/3747/3747 3746/3746/3746
v 416 -116 352
vn 0 1 0
vt 0.114481412 0.469635069
v 416 -116 160
vn 0 1 0
vt 0.114481412 0.404275596
v 288 -116 160
vn 0 1 0
vt 0.0988258347 0.404275596
v 288 -116 352
vn 0 1 0
vt 0.0988258347 0.469635069
f 3756/3756/3756 3755/3755/3755 3754/3754/3754 3753/3753/3753
v 288 -372 160
vn 1 0 0
vt 0.116438359 0.404275596
v 288 -372 352
vn 1 0 0
vt 0.116438359 0.469635069
v 288 -340 352
vn 1 0 0
vt 0.120352253 0.469635069
v 288 -340 160
vn 1 0 0
vt 0.120352253 0.404275596
f 3760/3760/3760 3759/3759/3759 3758/3758/3758 3757/3757/3757
v 64 -340 256
vn 0 1 0
vt 0.306262225 0.162445486
v 64 -340 160
vn 0 1 0
vt 0.306262225 0.129765809
v 96 -340 160
vn 0 1 0
vt 0.302348346 0.129765809
f 3763/3763/3763 3762/3762/3762 3761/3761/3761
v 131.199997 -340 352
vn 0 1 0
vt 0.141487285 0.469635069
v 64 -340 352
vn 0 1 0
vt 0.149706453 0.469635069
v 64 -340 288
vn 0 1 0
vt 0.149706453 0.447848618
v 64 -340 256
vn 0 1 0
vt 0.149706453 0.436955333
v 96 -340 160
vn 0 1 0
vt 0.145792559 0.404275596
v 288 -340 160
vn 0 1 0
vt 0.1223092 0.404275596
v 288 -340 352
vn 0 1 0
vt 0.1223092 0.469635069
f 3770/3770/3770 3769/3769/3769 3768/3768/3768 3767/3767/3767 3766/3766/3766 3765/3765/3765 3764/3764/3764
v 104 -340 160
vn 1 0 0
vt 0.529745638 0.473856211
v 104 -340 320
vn 1 0 0
vt 0.529745638 0.408496737
v 104 -336 320
vn 1 0 0
vt 0.529354215 0.408496737
v 104 -336 160
vn 1 0 0
vt 0.529354215 0.473856211
f 3774/3774/3774 3773/3773/3773 3772/3772/3772 3771/3771/3771
v 104 -340 320
vn 1 0 0
vt 0.533659518 0.408496737
v 104 -340 160
vn 1 0 0
vt 0.533659518 0.473856211
v 104 -336 160
vn 1 0 0
vt 0.533268094 0.473856211
v 104 -336 320
vn 1 0 0
vt 0.533268094 0.408496737
f 3778/3778/3778 3777/3777/3777 3776/3776/3776 3775/3775/3775
v 248 -340 160
vn 1 0 0
vt 0.538747549 0.473856211
v 248 -340 320
vn 1 0 0
vt 0.538747549 0.408496737
v 248 -336 320
vn 1 0 0
vt 0.539138973 0.408496737
v 248 -336 160
vn 1 0 0
vt 0.539138973 0.473856211
f 3782/3782/3782 3781/3781/3781 3780/3780/3780 3779/3779/3779
v 248 -340 320
vn 1 0 0
vt 0.542661428 0.408496737
v 248 -340 160
vn 1 0 0
vt 0.542661428 0.473856211
v 248 -336 160
vn 1 0 0
vt 0.543052852 0.473856211
v 248 -336 320
vn 1 0 0
vt 0.543052852 0.408496737
f 3786/3786/3786 3785/3785/3785 3784/3784/3784 3783/3783/3783
v 104 -336 160
vn 0 1 0
vt 0.562622309 0.473856211
v 248 -336 160
vn 0 1 0
vt 0.545009792 0.473856211
v 248 -336 320
vn 0 1 0
vt 0.545009792 0.408496737
v 104 -336 320
vn 0 1 0
vt 0.562622309 0.408496737
f 3790/3790/3790 3789/3789/3789 3788/3788/3788 3787/3787/3787
v 248 -336 160
vn 0 1 0
vt 0.564579248 0.473856211
v 104 -336 160
vn 0 1 0
vt 0.582191765 0.473856211
v 104 -336 320
vn 0 1 0
vt 0.582191765 0.408496737
v 248 -336 320
vn 0 1 0
vt 0.564579248 0.408496737
f 3794/3794/3794 3793/3793/3793 3792/3792/3792 3791/3791/3791
v 104 -336 320
vn 0 0 1
vt 0.50195694 0.0490196943
v 248 -336 320
vn 0 0 1
vt 0.519569457 0.0490196943
v 248 -340 320
vn 0 0 1
vt 0.519569457 0.0359477997
v 104 -340 320
vn 0 0 1
vt 0.50195694 0.0359477997
f 3798/3798/3798 3797/3797/3797 3796/3796/3796 3795/3795/3795
v 248 -336 320
vn 0 0 1
vt 0.539138973 0.0490196943
v 104 -336 320
vn 0 0 1
vt 0.521526396 0.0490196943
v 104 -340 320
vn 0 0 1
vt 0.521526396 0.0359477997
v 248 -340 320
vn 0 0 1
vt 0.539138973 0.0359477997
f 3802/3802/3802 3801/3801/3801 3800/3800/3800 3799/3799/3799
v 96 -477.600006 352
vn 1 0 0
vt 0.18571429 0.673027515
v 96 -372 352
vn 1 0 0
vt 0.198630139 0.673027515
v 96 -372 195.199997
vn 1 0 0
vt 0.198630139 0.581524253
v 96 -500 195.199997
vn 1 0 0
vt 0.182974562 0.581524253
v 96 -500 352
vn 1 0 0
vt 0.182974562 0.673027515
f 3807/3807/3807 3806/3806/3806 3805/3805/3805 3804/3804/3804 3803/3803/3803
v 96 -372 160
vn 1 0 0
vt 0.204500973 0.064250648
v 96 -500 160
vn 1 0 0
vt 0.188845396 0.064250648
v 96 -500 195.199997
vn 1 0 0
vt 0.188845396 0.084792316
v 96 -372 195.199997
vn 1 0 0
vt 0.204500973 0.084792316
f 3811/3811/3811 3810/3810/3810 3809/3809/3809 3808/3808/3808
v 32 12 256
vn 0 0 1
vt 0.312133074 0.127451003
v 64 12 256
vn 0 0 1
vt 0.308219165 0.127451003
v 64 108 256
vn 0 0 1
vt 0.308219165 0.166666687
v 32 108 256
vn 0 0 1
vt 0.312133074 0.166666687
f 3815/3815/3815 3814/3814/3814 3813/3813/3813 3812/3812/3812
v 32 -212 256
vn 0 0 1
vt 0.318003923 0.127451003
v 64 -212 256
vn 0 0 1
vt 0.314090014 0.127451003
v 64 -116 256
vn 0 0 1
vt 0.314090014 0.166666687
v 32 -116 256
vn 0 0 1
vt 0.318003923 0.166666687
f 3819/3819/3819 3818/3818/3818 3817/3817/3817 3816/3816/3816
v -192 -308 256
vn 0 0 1
vt 0.314090014 0.173202634
v 32 -308 256
vn 0 0 1
vt 0.286692768 0.173202634
v 32 -212 256
vn 0 0 1
vt 0.286692768 0.212418318
v -192 -205.599991 256
vn 0 0 1
vt 0.314090014 0.215032697
f 3823/3823/3823 3822/3822/3822 3821/3821/3821 3820/3820/3820
v 32 -116 256
vn 0 0 1
vt 0.214285716 0.316993475
v 32 -84 256
vn 0 0 1
vt 0.214285716 0.33006537
v -192 -84 256
vn 0 0 1
vt 0.241682976 0.33006537
v -192 -205.599991 256
vn 0 0 1
vt 0.241682976 0.28039217
v 32 -212 256
vn 0 0 1
vt 0.214285716 0.277777791
f 3828/3828/3828 3827/3827/3827 3826/3826/3826 3825/3825/3825 3824/3824/3824
v -192 -71.1999969 256
vn 0 0 1
vt 0.61154598 0.413725495
v -192 -84 256
vn 0 0 1
vt 0.61154598 0.408496737
v 32 -84 256
vn 0 0 1
vt 0.584148705 0.408496737
v 32 12 256
vn 0 0 1
vt 0.584148705 0.447712421
v -192 63.2000084 256
vn 0 0 1
vt 0.61154598 0.468627453
f 3833/3833/3833 3832/3832/3832 3831/3831/3831 3830/3830/3830 3829/3829/3829
v -57.5999985 140 256
vn 0 0 1
vt 0.254598826 0.33006537
v -192 140 256
vn 0 0 1
vt 0.271037191 0.33006537
v -192 63.2000084 256
vn 0 0 1
vt 0.271037191 0.298692763
v 32 12 256
vn 0 0 1
vt 0.243639916 0.277777791
v 32 108 256
vn 0 0 1
vt 0.243639916 0.316993475
v 32 140 256
vn 0 0 1
vt 0.243639916 0.33006537
f 3839/3839/3839 3838/3838/3838 3837/3837/3837 3836/3836/3836 3835/3835/3835 3834/3834/3834
v -102.400002 -340 256
vn 0 0 1
vt 0.745401144 0.0163398981
v 32 -340 256
vn 0 0 1
vt 0.728962839 0.0163398981
v 32 -308 256
vn 0 0 1
vt 0.728962839 0.0294117928
v -192 -308 256
vn 0 0 1
vt 0.756360054 0.0294117928
v -192 -340 256
vn 0 0 1
vt 0.756360054 0.0163398981
f 3844/3844/3844 3843/3843/3843 3842/3842/3842 3841/3841/3841 3840/3840/3840
v 64 12 160
vn 0 0 1
vt 0.323874742 0.127451003
v 32 12 160
vn 0 0 1
vt 0.319960862 0.127451003
v 32 108 160
vn 0 0 1
vt 0.319960862 0.166666687
v 64 108 160
vn 0 0 1
vt 0.323874742 0.166666687
f 3848/3848/3848 3847/3847/3847 3846/3846/3846 3845/3845/3845
v 64 -212 160
vn 0 0 1
vt 0.329745591 0.127451003
v 32 -212 160
vn 0 0 1
vt 0.325831711 0.127451003
v 32 -116 160
vn 0 0 1
vt 0.325831711 0.166666687
v 64 -116 160
vn 0 0 1
vt 0.329745591 0.166666687
f 3852/3852/3852 3851/3851/3851 3850/3850/3850 3849/3849/3849
v 32 108 160
vn 0 0 1
vt 0.284735799 0.316993475
v 32 12 160
vn 0 0 1
vt 0.284735799 0.277777791
v -62 12 160
vn 0 0 1
vt 0.273238748 0.277777791
v -62 140 160
vn 0 0 1
vt 0.273238748 0.33006537
v -57.5999985 140 160
vn 0 0 1
vt 0.273776889 0.33006537
v 32 140 160
vn 0 0 1
vt 0.284735799 0.33006537
f 3858/3858/3858 3857/3857/3857 3856/3856/3856 3855/3855/3855 3854/3854/3854 3853/3853/3853
v 32 -212 160
vn 0 0 1
vt 0.218199611 0.0882353187
v 32 -276 160
vn 0 0 1
vt 0.218199611 0.0620915294
v -62 -276 160
vn 0 0 1
vt 0.206702545 0.0620915294
f 3861/3861/3861 3860/3860/3860 3859/3859/3859
v -62 -84 160
vn 0 0 1
vt 0.102984346 0.558823526
v -62 -52 160
vn 0 0 1
vt 0.102984346 0.571895421
v 32 -52 160
vn 0 0 1
vt 0.114481412 0.571895421
v 32 -116 160
vn 0 0 1
vt 0.114481412 0.545751631
v 32 -212 160
vn 0 0 1
vt 0.114481412 0.506535947
v -62 -276 160
vn 0 0 1
vt 0.102984346 0.480392158
f 3867/3867/3867 3866/3866/3866 3865/3865/3865 3864/3864/3864 3863/3863/3863 3862/3862/3862
v -62 -308 160
vn 0 0 1
vt 0.220401168 0.075163424
v -62 -276 160
vn 0 0 1
vt 0.220401168 0.0882353187
v 32 -276 160
vn 0 0 1
vt 0.231898233 0.0882353187
v 32 -340 160
vn 0 0 1
vt 0.231898233 0.0620915294
v -62 -340 160
vn 0 0 1
vt 0.220401168 0.0620915294
f 3872/3872/3872 3871/3871/3871 3870/3870/3870 3869/3869/3869 3868/3868/3868
v -62 -84 160
vn 0 0 1
vt 0.76247555 0.0294117928
v -96 -116 160
vn 0 0 1
vt 0.758317053 0.0163398981
v -96 -84 160
vn 0 0 1
vt 0.758317053 0.0294117928
f 3875/3875/3875 3874/3874/3874 3873/3873/3873
v -62 -276 160
vn 0 0 1
vt 0.770303309 0.0294117928
v -62 -308 160
vn 0 0 1
vt 0.770303309 0.0163398981
v -96 -308 160
vn 0 0 1
vt 0.766144812 0.0163398981
f 3878/3878/3878 3877/3877/3877 3876/3876/3876
v -96 -244 160
vn 0 0 1
vt 0.116438359 0.506535947
v -96 -116 160
vn 0 0 1
vt 0.116438359 0.558823526
v -62 -84 160
vn 0 0 1
vt 0.120596871 0.571895421
v -62 -276 160
vn 0 0 1
vt 0.120596871 0.493464053
v -96 -308 160
vn 0 0 1
vt 0.116438359 0.480392158
f 3883/3883/3883 3882/3882/3882 3881/3881/3881 3880/3880/3880 3879/3879/3879
v -96 140 160
vn 0 0 1
vt 0.286692768 0.33006537
v -62 140 160
vn 0 0 1
vt 0.290851265 0.33006537
v -62 12 160
vn 0 0 1
vt 0.290851265 0.277777791
f 3886/3886/3886 3885/3885/3885 3884/3884/3884
v -96 -84 160
vn 0 0 1
vt 0.124266148 0.480392158
v -96 140 160
vn 0 0 1
vt 0.124266148 0.571895421
v -62 12 160
vn 0 0 1
vt 0.128424659 0.519607842
v -62 -52 160
vn 0 0 1
vt 0.128424659 0.493464053
v -62 -84 160
vn 0 0 1
vt 0.128424659 0.480392158
f 3891/3891/3891 3890/3890/3890 3889/3889/3889 3888/3888/3888 3887/3887/3887
v -62 -340 160
vn 0 0 1
vt 0.778131127 0.0163398981
v -96 -340 160
vn 0 0 1
vt 0.773972631 0.0163398981
v -96 -308 160
vn 0 0 1
vt 0.773972631 0.0294117928
v -62 -308 160
vn 0 0 1
vt 0.778131127 0.0294117928
f 3895/3895/3895 3894/3894/3894 3893/3893/3893 3892/3892/3892
v -96 140 160
vn 0 0 1
vt 0.139921725 0.571895421
v -96 -84 160
vn 0 0 1
vt 0.139921725 0.480392158
v -160 -84 160
vn 0 0 1
vt 0.132093936 0.480392158
v -160 140 160
vn 0 0 1
vt 0.132093936 0.571895421
f 3899/3899/3899 3898/3898/3898 3897/3897/3897 3896/3896/3896
v -96 -116 160
vn 0 0 1
vt 0.789628208 0.0163398981
v -160 -116 160
vn 0 0 1
vt 0.781800389 0.0163398981
v -160 -84 160
vn 0 0 1
vt 0.781800389 0.0294117928
v -96 -84 160
vn 0 0 1
vt 0.789628208 0.0294117928
f 3903/3903/3903 3902/3902/3902 3901/3901/3901 3900/3900/3900
v -102.400002 -340 160
vn 0 0 1
vt 0.798630178 0.0163398981
v -160 -340 160
vn 0 0 1
vt 0.791585147 0.0163398981
v -160 -308 160
vn 0 0 1
vt 0.791585147 0.0294117928
f 3906/3906/3906 3905/3905/3905 3904/3904/3904
v -96 -308 160
vn 0 0 1
vt 0.339530319 0.140522897
v -96 -340 160
vn 0 0 1
vt 0.339530319 0.127451003
v -102.400002 -340 160
vn 0 0 1
vt 0.338747561 0.127451003
v -160 -308 160
vn 0 0 1
vt 0.33170253 0.140522897
v -160 -244 160
vn 0 0 1
vt 0.33170253 0.166666687
v -96 -244 160
vn 0 0 1
vt 0.339530319 0.166666687
f 3912/3912/3912 3911/3911/3911 3910/3910/3910 3909/3909/3909 3908/3908/3908 3907/3907/3907
v -160 -84 160
vn 0 0 1
vt 0.805283785 0.0294117928
v -160 -116 160
vn 0 0 1
vt 0.805283785 0.0163398981
v -192 -84 160
vn 0 0 1
vt 0.801369846 0.0294117928
f 3915/3915/3915 3914/3914/3914 3913/3913/3913
v -160 -244 160
vn 0 0 1
vt 0.237769082 0.0882353187
v -160 -308 160
vn 0 0 1
vt 0.237769082 0.0620915294
v -192 -308 160
vn 0 0 1
vt 0.233855188 0.0620915294
f 3918/3918/3918 3917/3917/3917 3916/3916/3916
v -192 -205.599991 160
vn 0 0 1
vt 0.141878664 0.522222221
v -192 -84 160
vn 0 0 1
vt 0.141878664 0.571895421
v -160 -116 160
vn 0 0 1
vt 0.145792559 0.558823526
v -160 -244 160
vn 0 0 1
vt 0.145792559 0.506535947
v -192 -308 160
vn 0 0 1
vt 0.141878664 0.480392158
f 3923/3923/3923 3922/3922/3922 3921/3921/3921 3920/3920/3920 3919/3919/3919
v -160 -84 160
vn 0 0 1
vt 0.263209403 0.00326800346
v -192 -84 160
vn 0 0 1
vt 0.259295493 0.00326800346
v -192 -71.1999969 160
vn 0 0 1
vt 0.259295493 0.00849676132
f 3926/3926/3926 3925/3925/3925 3924/3924/3924
v -192 63.2000084 160
vn 0 0 1
vt 0.147749513 0.540522814
v -192 140 160
vn 0 0 1
vt 0.147749513 0.571895421
v -160 140 160
vn 0 0 1
vt 0.151663408 0.571895421
v -160 -84 160
vn 0 0 1
vt 0.151663408 0.480392158
v -192 -71.1999969 160
vn 0 0 1
vt 0.147749513 0.485620916
f 3931/3931/3931 3930/3930/3930 3929/3929/3929 3928/3928/3928 3927/3927/3927
v -160 -340 160
vn 0 0 1
vt 0.811154604 0.0163398981
v -192 -340 160
vn 0 0 1
vt 0.807240725 0.0163398981
v -192 -308 160
vn 0 0 1
vt 0.807240725 0.0294117928
v -160 -308 160
vn 0 0 1
vt 0.811154604 0.0294117928
f 3935/3935/3935 3934/3934/3934 3933/3933/3933 3932/3932/3932
v 32 -84 256
vn 1 0 0
vt 0.542118847 0.0514705777
v 32 -116 256
vn 1 0 0
vt 0.545676947 0.0514705777
v 32 -116 224
vn 1 0 0
vt 0.545676947 0.0405772924
f 3938/3938/3938 3937/3937/3937 3936/3936/3936
v 32 -52 224
vn 1 0 0
vt 0.556173325 0.0405772924
v 32 12 224
vn 1 0 0
vt 0.549057126 0.0405772924
v 32 12 256
vn 1 0 0
vt 0.549057126 0.0514705777
v 32 -84 256
vn 1 0 0
vt 0.559731364 0.0514705777
v 32 -116 224
vn 1 0 0
vt 0.563289464 0.0405772924
f 3943/3943/3943 3942/3942/3942 3941/3941/3941 3940/3940/3940 3939/3939/3939
v 32 140 160
vn 1 0 0
vt 0.566536188 0.0383986831
v 32 140 256
vn 1 0 0
vt 0.566536188 0.0514705777
v 32 108 256
vn 1 0 0
vt 0.570450127 0.0514705777
v 32 108 160
vn 1 0 0
vt 0.570450127 0.0383986831
f 3947/3947/3947 3946/3946/3946 3945/3945/3945 3944/3944/3944
v 32 -276 160
vn 1 0 0
vt 0.24755381 0.065994978
v 32 -212 160
vn 1 0 0
vt 0.239726022 0.065994978
v 32 -212 256
vn 1 0 0
vt 0.239726022 0.0877814293
f 3950/3950/3950 3949/3949/3949 3948/3948/3948
v 32 -308 256
vn 1 0 0
vt 0.261252433 0.0877814293
v 32 -340 256
vn 1 0 0
vt 0.265166342 0.0877814293
v 32 -340 160
vn 1 0 0
vt 0.265166342 0.065994978
v 32 -276 160
vn 1 0 0
vt 0.257338554 0.065994978
v 32 -212 256
vn 1 0 0
vt 0.249510765 0.0877814293
f 3955/3955/3955 3954/3954/3954 3953/3953/3953 3952/3952/3952 3951/3951/3951
v 32 -116 224
vn 1 0 0
vt 0.275618225 0.0863289237
v 32 -116 160
vn 1 0 0
vt 0.275618225 0.0645424724
v 32 -52 160
vn 1 0 0
vt 0.268502057 0.0645424724
v 32 -52 224
vn 1 0 0
vt 0.268502057 0.0863289237
f 3959/3959/3959 3958/3958/3958 3957/3957/3957 3956/3956/3956
v 64 108 160
vn 0 1 0
vt 0.576320946 0.0383986831
v 32 108 160
vn 0 1 0
vt 0.572407067 0.0383986831
v 32 108 256
vn 0 1 0
vt 0.572407067 0.0514705777
v 64 108 256
vn 0 1 0
vt 0.576320946 0.0514705777
f 3963/3963/3963 3962/3962/3962 3961/3961/3961 3960/3960/3960
v 32 -116 224
vn 0 1 0
vt 0.343088418 0.151688397
v 32 -116 256
vn 0 1 0
vt 0.343088418 0.162581682
v 64 -116 256
vn 0 1 0
vt 0.346646518 0.162581682
v 64 -116 160
vn 0 1 0
vt 0.346646518 0.129901946
v 32 -116 160
vn 0 1 0
vt 0.343088418 0.129901946
f 3968/3968/3968 3967/3967/3967 3966/3966/3966 3965/3965/3965 3964/3964/3964
v 32 12 224
vn 0 1 0
vt 0.353584796 0.151688397
v 32 12 160
vn 0 1 0
vt 0.353584796 0.129901946
v 64 12 160
vn 0 1 0
vt 0.350026667 0.129901946
v 64 12 256
vn 0 1 0
vt 0.350026667 0.162581682
v 32 12 256
vn 0 1 0
vt 0.353584796 0.162581682
f 3973/3973/3973 3972/3972/3972 3971/3971/3971 3970/3970/3970 3969/3969/3969
v 32 -212 160
vn 0 1 0
vt 0.848336577 0.138616502
v 64 -212 160
vn 0 1 0
vt 0.844422698 0.138616502
v 64 -212 256
vn 0 1 0
vt 0.844422698 0.164760351
v 32 -212 256
vn 0 1 0
vt 0.848336577 0.164760351
f 3977/3977/3977 3976/3976/3976 3975/3975/3975 3974/3974/3974
v -160 140 160
vn 0 1 0
vt 0.285388112 0.0673435926
v -192 140 160
vn 0 1 0
vt 0.27886498 0.0673435926
v -192 140 256
vn 0 1 0
vt 0.27886498 0.0860177875
v -96 140 160
vn 0 1 0
vt 0.298434436 0.0673435926
f 3981/3981/3981 3980/3980/3980 3979/3979/3979 3978/3978/3978
v -57.5999985 140 256
vn 0 1 0
vt 0.327788651 0.0860177875
v -57.5999985 140 160
vn 0 1 0
vt 0.327788651 0.0673435926
v -62 140 160
vn 0 1 0
vt 0.32689172 0.0673435926
v -96 140 160
vn 0 1 0
vt 0.319960862 0.0673435926
v -192 140 256
vn 0 1 0
vt 0.300391376 0.0860177875
f 3986/3986/3986 3985/3985/3985 3984/3984/3984 3983/3983/3983 3982/3982/3982
v -57.5999985 140 160
vn 0 1 0
vt 0.33170253 0.0673435926
v -57.5999985 140 256
vn 0 1 0
vt 0.33170253 0.0860177875
v 32 140 256
vn 0 1 0
vt 0.34996736 0.0860177875
v 32 140 160
vn 0 1 0
vt 0.34996736 0.0673435926
f 3990/3990/3990 3989/3989/3989 3988/3988/3988 3987/3987/3987
v -192 -71.1999969 160
vn 1 0 0
vt 0.35485974 0.0866013169
v -192 -71.1999969 256
vn 1 0 0
vt 0.35485974 0.0620915294
v -192 63.2000084 256
vn 1 0 0
vt 0.382257015 0.0620915294
v -192 63.2000084 160
vn 1 0 0
vt 0.382257015 0.0866013169
f 3994/3994/3994 3993/3993/3993 3992/3992/3992 3991/3991/3991
v -192 -71.1999969 160
vn 1 0 0
vt 0.388127834 0.0866013169
v -192 -84 160
vn 1 0 0
vt 0.385518581 0.0866013169
v -192 -71.1999969 256
vn 1 0 0
vt 0.388127834 0.0620915294
f 3997/3997/3997 3996/3996/3996 3995/3995/3995
v -192 -84 256
vn 1 0 0
vt 0.416829735 0.0620915294
v -192 -71.1999969 256
vn 1 0 0
vt 0.419438988 0.0620915294
v -192 -84 160
vn 1 0 0
vt 0.416829735 0.0866013169
v -192 -205.599991 160
vn 1 0 0
vt 0.392041743 0.0866013169
v -192 -205.599991 256
vn 1 0 0
vt 0.392041743 0.0620915294
f 4002/4002/4002 4001/4001/4001 4000/4000/4000 3999/3999/3999 3998/3998/3998
v -192 -205.599991 160
vn 1 0 0
vt 0.442922354 0.0866013169
v -192 -308 160
vn 1 0 0
vt 0.422048271 0.0866013169
v -192 -205.599991 256
vn 1 0 0
vt 0.442922354 0.0620915294
f 4005/4005/4005 4004/4004/4004 4003/4003/4003
v -192 -308 256
vn 1 0 0
vt 0.453359425 0.0620915294
v -192 -205.599991 256
vn 1 0 0
vt 0.474233508 0.0620915294
v -192 -308 160
vn 1 0 0
vt 0.453359425 0.0866013169
v -192 -340 160
vn 1 0 0
vt 0.446836293 0.0866013169
v -192 -340 256
vn 1 0 0
vt 0.446836293 0.0620915294
f 4010/4010/4010 4009/4009/4009 4008/4008/4008 4007/4007/4007 4006/4006/4006
v -192 63.2000084 160
vn 1 0 0
vt 0.478147417 0.0866013169
v -192 63.2000084 256
vn 1 0 0
vt 0.478147417 0.0620915294
v -192 140 256
vn 1 0 0
vt 0.493802994 0.0620915294
v -192 140 160
vn 1 0 0
vt 0.493802994 0.0866013169
f 4014/4014/4014 4013/4013/4013 4012/4012/4012 4011/4011/4011
v -62 -340 160
vn 0 1 0
vt 0.516552508 0.065994978
v 32 -340 160
vn 0 1 0
vt 0.497390747 0.065994978
v 32 -340 256
vn 0 1 0
vt 0.497390747 0.0877814293
f 4017/4017/4017 4016/4016/4016 4015/4015/4015
v -102.400002 -340 256
vn 0 1 0
vt 0.548271358 0.0877814293
v -102.400002 -340 160
vn 0 1 0
vt 0.548271358 0.065994978
v -96 -340 160
vn 0 1 0
vt 0.546966732 0.065994978
v -62 -340 160
vn 0 1 0
vt 0.540035903 0.065994978
v 32 -340 256
vn 0 1 0
vt 0.520874083 0.0877814293
f 4022/4022/4022 4021/4021/4021 4020/4020/4020 4019/4019/4019 4018/4018/4018
v -160 -340 160
vn 0 1 0
vt 0.563926935 0.065994978
v -102.400002 -340 160
vn 0 1 0
vt 0.552185237 0.065994978
v -102.400002 -340 256
vn 0 1 0
vt 0.552185237 0.0877814293
v -192 -340 256
vn 0 1 0
vt 0.570450127 0.0877814293
v -192 -340 160
vn 0 1 0
vt 0.570450127 0.065994978
f 4027/4027/4027 4026/4026/4026 4025/4025/4025 4024/4024/4024 4023/4023/4023
v -160 -116 224
vn 0 0 1
vt 0.200587079 0.674836636
v -96 -116 224
vn 0 0 1
vt 0.208414868 0.674836636
v -96 -228 224
vn 0 0 1
vt 0.208414868 0.583333373
v -160 -228 224
vn 0 0 1
vt 0.200587079 0.583333373
f 4031/4031/4031 4030/4030/4030 4029/4029/4029 4028/4028/4028
v -160 -228 224
vn 0 0 1
vt 0.578277886 0.0539215803
v -96 -228 224
vn 0 0 1
vt 0.586105704 0.0539215803
v -96 -244 224
vn 0 0 1
vt 0.586105704 0.0408496857
v -160 -244 224
vn 0 0 1
vt 0.578277886 0.0408496857
f 4035/4035/4035 4034/4034/4034 4033/4033/4033 4032/4032/4032
v -62 12 224
vn 0 0 1
vt 0.609833658 0.393790841
v 32 12 224
vn 0 0 1
vt 0.621330738 0.393790841
v 32 -52 224
vn 0 0 1
vt 0.621330738 0.341503263
v -62 -52 224
vn 0 0 1
vt 0.609833658 0.341503263
f 4039/4039/4039 4038/4038/4038 4037/4037/4037 4036/4036/4036
v -62 12 160
vn 1 0 0
vt 0.572407067 0.0620915294
v -62 12 224
vn 1 0 0
vt 0.572407067 0.0882353187
v -62 -52 224
vn 1 0 0
vt 0.580234826 0.0882353187
v -62 -52 160
vn 1 0 0
vt 0.580234826 0.0620915294
f 4043/4043/4043 4042/4042/4042 4041/4041/4041 4040/4040/4040
v 32 -52 160
vn 0 1 0
vt 0.593933463 0.0620915294
v -62 -52 160
vn 0 1 0
vt 0.582436383 0.0620915294
v -62 -52 224
vn 0 1 0
vt 0.582436383 0.0882353187
v 32 -52 224
vn 0 1 0
vt 0.593933463 0.0882353187
f 4047/4047/4047 4046/4046/4046 4045/4045/4045 4044/4044/4044
v -62 12 160
vn 0 1 0
vt 0.607387483 0.0620915294
v 32 12 160
vn 0 1 0
vt 0.595890403 0.0620915294
v 32 12 224
vn 0 1 0
vt 0.595890403 0.0882353187
v -62 12 224
vn 0 1 0
vt 0.607387483 0.0882353187
f 4051/4051/4051 4050/4050/4050 4049/4049/4049 4048/4048/4048
v -160 -228 224
vn 1 0 0
vt 0.623287678 0.0882353187
v -160 -244 224
vn 1 0 0
vt 0.625244617 0.0882353187
v -160 -244 160
vn 1 0 0
vt 0.625244617 0.0620915294
v -160 -116 160
vn 1 0 0
vt 0.60958904 0.0620915294
v -160 -116 224
vn 1 0 0
vt 0.60958904 0.0882353187
f 4056/4056/4056 4055/4055/4055 4054/4054/4054 4053/4053/4053 4052/4052/4052
v -96 -228 224
vn 1 0 0
vt 0.629158497 0.0882353187
v -96 -116 224
vn 1 0 0
vt 0.642857134 0.0882353187
v -96 -116 160
vn 1 0 0
vt 0.642857134 0.0620915294
v -96 -244 160
vn 1 0 0
vt 0.627201557 0.0620915294
v -96 -244 224
vn 1 0 0
vt 0.627201557 0.0882353187
f 4061/4061/4061 4060/4060/4060 4059/4059/4059 4058/4058/4058 4057/4057/4057
v -96 -244 160
vn 0 1 0
vt 0.652641892 0.0620915294
v -160 -244 160
vn 0 1 0
vt 0.644814074 0.0620915294
v -160 -244 224
vn 0 1 0
vt 0.644814074 0.0882353187
v -96 -244 224
vn 0 1 0
vt 0.652641892 0.0882353187
f 4065/4065/4065 4064/4064/4064 4063/4063/4063 4062/4062/4062
v -160 -116 160
vn 0 1 0
vt 0.662426591 0.0620915294
v -96 -116 160
vn 0 1 0
vt 0.654598832 0.0620915294
v -96 -116 224
vn 0 1 0
vt 0.654598832 0.0882353187
v -160 -116 224
vn 0 1 0
vt 0.662426591 0.0882353187
f 4069/4069/4069 4068/4068/4068 4067/4067/4067 4066/4066/4066
v 104 -336 320
vn 1 0 0
vt 0.61350292 0.408496737
v 104 -356 320
vn 1 0 0
vt 0.615459859 0.408496737
v 104 -356 160
vn 1 0 0
vt 0.615459859 0.473856211
v 104 -336 160
vn 1 0 0
vt 0.61350292 0.473856211
f 4073/4073/4073 4072/4072/4072 4071/4071/4071 4070/4070/4070
v 248 -356 320
vn 1 0 0
vt 0.621330738 0.408496737
v 248 -336 320
vn 1 0 0
vt 0.623287678 0.408496737
v 248 -336 160
vn 1 0 0
vt 0.623287678 0.473856211
v 248 -356 160
vn 1 0 0
vt 0.621330738 0.473856211
f 4077/4077/4077 4076/4076/4076 4075/4075/4075 4074/4074/4074
v 248 -356 160
vn 0 1 0
vt 0.642857134 0.473856211
v 104 -356 160
vn 0 1 0
vt 0.625244617 0.473856211
v 104 -356 320
vn 0 1 0
vt 0.625244617 0.408496737
v 248 -356 320
vn 0 1 0
vt 0.642857134 0.408496737
f 4081/4081/4081 4080/4080/4080 4079/4079/4079 4078/4078/4078
v 104 -336 160
vn 0 1 0
vt 0.662426591 0.473856211
v 248 -336 160
vn 0 1 0
vt 0.644814074 0.473856211
v 248 -336 320
vn 0 1 0
vt 0.644814074 0.408496737
v 104 -336 320
vn 0 1 0
vt 0.662426591 0.408496737
f 4085/4085/4085 4084/4084/4084 4083/4083/4083 4082/4082/4082
v 104 -336 160
vn 0 0 1
vt 0.169275925 0.467320383
v 104 -356 160
vn 0 0 1
vt 0.169275925 0.401960909
v 248 -356 160
vn 0 0 1
vt 0.151663408 0.401960909
v 248 -336 160
vn 0 0 1
vt 0.151663408 0.467320383
f 4089/4089/4089 4088/4088/4088 4087/4087/4087 4086/4086/4086
v 104 -356 320
vn 0 0 1
vt 0.171232879 0.401960909
v 104 -336 320
vn 0 0 1
vt 0.171232879 0.467320383
v 248 -336 320
vn 0 0 1
vt 0.188845396 0.467320383
v 248 -356 320
vn 0 0 1
vt 0.188845396 0.401960909
f 4093/4093/4093 4092/4092/4092 4091/4091/4091 4090/4090/4090
v 1670 26 352
vn 1 0 0
vt 0.666144788 0.408496737
v 1670 6 352
vn 1 0 0
vt 0.668101728 0.408496737
v 1670 6 192
vn 1 0 0
vt 0.668101728 0.473856211
v 1670 26 192
vn 1 0 0
vt 0.666144788 0.473856211
f 4097/4097/4097 4096/4096/4096 4095/4095/4095 4094/4094/4094
v 1814 6 352
vn 1 0 0
vt 0.670450091 0.408496737
v 1814 26 352
vn 1 0 0
vt 0.672407031 0.408496737
v 1814 26 192
vn 1 0 0
vt 0.672407031 0.473856211
v 1814 6 192
vn 1 0 0
vt 0.670450091 0.473856211
f 4101/4101/4101 4100/4100/4100 4099/4099/4099 4098/4098/4098
v 1814 6 192
vn 0 1 0
vt 0.695450127 0.473856211
v 1670 6 192
vn 0 1 0
vt 0.677837551 0.473856211
v 1670 6 352
vn 0 1 0
vt 0.677837551 0.408496737
v 1814 6 352
vn 0 1 0
vt 0.695450127 0.408496737
f 4105/4105/4105 4104/4104/4104 4103/4103/4103 4102/4102/4102
v 1670 26 192
vn 0 1 0
vt 0.715508819 0.473856211
v 1814 26 192
vn 0 1 0
vt 0.697896302 0.473856211
v 1814 26 352
vn 0 1 0
vt 0.697896302 0.408496737
v 1670 26 352
vn 0 1 0
vt 0.715508819 0.408496737
f 4109/4109/4109 4108/4108/4108 4107/4107/4107 4106/4106/4106
v 1670 26 192
vn 0 0 1
vt 0.208659485 0.467320383
v 1670 6 192
vn 0 0 1
vt 0.208659485 0.401960909
v 1814 6 192
vn 0 0 1
vt 0.191046968 0.401960909
v 1814 26 192
vn 0 0 1
vt 0.191046968 0.467320383
f 4113/4113/4113 4112/4112/4112 4111/4111/4111 4110/4110/4110
v 1670 6 352
vn 0 0 1
vt 0.214041099 0.401960909
v 1670 26 352
vn 0 0 1
vt 0.214041099 0.467320383
v 1814 26 352
vn 0 0 1
vt 0.231653616 0.467320383
v 1814 6 352
vn 0 0 1
vt 0.231653616 0.401960909
f 4117/4117/4117 4116/4116/4116 4115/4115/4115 4114/4114/4114
v 1300 -920 640
vn 1 0 0
vt 0.266144812 0.00980395079
v 1300 -1028 640
vn 1 0 0
vt 0.279354215 0.00980395079
v 1300 -1028 624
vn 1 0 0
vt 0.279354215 0.00326800346
v 1300 -920 624
vn 1 0 0
vt 0.266144812 0.00326800346
f 4121/4121/4121 4120/4120/4120 4119/4119/4119 4118/4118/4118
v 1406 -1028 640
vn 1 0 0
vt 0.284246564 0.00980395079
v 1406 -920 640
vn 1 0 0
vt 0.297455966 0.00980395079
v 1406 -920 624
vn 1 0 0
vt 0.297455966 0.00326800346
v 1406 -1028 624
vn 1 0 0
vt 0.284246564 0.00326800346
f 4125/4125/4125 4124/4124/4124 4123/4123/4123 4122/4122/4122
v 1406 -1028 624
vn 0 1 0
vt 0.313845396 0.00326800346
v 1300 -1028 624
vn 0 1 0
vt 0.300880641 0.00326800346
v 1300 -1028 640
vn 0 1 0
vt 0.300880641 0.00980395079
v 1406 -1028 640
vn 0 1 0
vt 0.313845396 0.00980395079
f 4129/4129/4129 4128/4128/4128 4127/4127/4127 4126/4126/4126
v 1300 -920 624
vn 0 1 0
vt 0.329256356 0.00326800346
v 1406 -920 624
vn 0 1 0
vt 0.316291571 0.00326800346
v 1406 -920 640
vn 0 1 0
vt 0.316291571 0.00980395079
v 1300 -920 640
vn 0 1 0
vt 0.329256356 0.00980395079
f 4133/4133/4133 4132/4132/4132 4131/4131/4131 4130/4130/4130
v 1300 -920 624
vn 0 0 1
vt 0.30772993 0.326797366
v 1300 -1028 624
vn 0 0 1
vt 0.30772993 0.282679737
v 1406 -1028 624
vn 0 0 1
vt 0.294765174 0.282679737
v 1406 -920 624
vn 0 0 1
vt 0.294765174 0.326797366
f 4137/4137/4137 4136/4136/4136 4135/4135/4135 4134/4134/4134
v 1300 -1028 640
vn 0 0 1
vt 0.310665369 0.282679737
v 1300 -920 640
vn 0 0 1
vt 0.310665369 0.326797366
v 1406 -920 640
vn 0 0 1
vt 0.323630124 0.326797366
v 1406 -1028 640
vn 0 0 1
vt 0.323630124 0.282679737
f 4141/4141/4141 4140/4140/4140 4139/4139/4139 4138/4138/4138
v 1318 -962 640
vn 1 0 0
vt 0.331947148 0.00980395079
v 1318 -1026 640
vn 1 0 0
vt 0.339774936 0.00980395079
v 1318 -1026 624
vn 1 0 0
vt 0.339774936 0.00326800346
v 1318 -962 624
vn 1 0 0
vt 0.331947148 0.00326800346
f 4145/4145/4145 4144/4144/4144 4143/4143/4143 4142/4142/4142
v 1382 -1026 640
vn 1 0 0
vt 0.34515655 0.00980395079
v 1382 -962 640
vn 1 0 0
vt 0.352984339 0.00980395079
v 1382 -962 624
vn 1 0 0
vt 0.352984339 0.00326800346
v 1382 -1026 624
vn 1 0 0
vt 0.34515655 0.00326800346
f 4149/4149/4149 4148/4148/4148 4147/4147/4147 4146/4146/4146
v 1382 -1026 624
vn 0 1 0
vt 0.363747567 0.00326800346
v 1318 -1026 624
vn 0 1 0
vt 0.355919778 0.00326800346
v 1318 -1026 640
vn 0 1 0
vt 0.355919778 0.00980395079
v 1382 -1026 640
vn 0 1 0
vt 0.363747567 0.00980395079
f 4153/4153/4153 4152/4152/4152 4151/4151/4151 4150/4150/4150
v 1318 -962 624
vn 0 1 0
vt 0.37597847 0.00326800346
v 1382 -962 624
vn 0 1 0
vt 0.368150681 0.00326800346
v 1382 -962 640
vn 0 1 0
vt 0.368150681 0.00980395079
v 1318 -962 640
vn 0 1 0
vt 0.37597847 0.00980395079
f 4157/4157/4157 4156/4156/4156 4155/4155/4155 4154/4154/4154
v 1318 -962 624
vn 0 0 1
vt 0.859344423 0.165849686
v 1318 -1026 624
vn 0 0 1
vt 0.859344423 0.139705896
v 1382 -1026 624
vn 0 0 1
vt 0.851516604 0.139705896
v 1382 -962 624
vn 0 0 1
vt 0.851516604 0.165849686
f 4161/4161/4161 4160/4160/4160 4159/4159/4159 4158/4158/4158
v 1318 -1026 640
vn 0 0 1
vt 0.862769067 0.139705896
v 1318 -962 640
vn 0 0 1
vt 0.862769067 0.165849686
v 1382 -962 640
vn 0 0 1
vt 0.870596886 0.165849686
v 1382 -1026 640
vn 0 0 1
vt 0.870596886 0.139705896
f 4165/4165/4165 4164/4164/4164 4163/4163/4163 4162/4162/4162
