v 768 172 639.353516
vn 1 0 0
vt 0.122663252 0.0204902291
v 768 -148 639.353516
vn 1 0 0
vt 0.150987476 0.0204902291
v 768 -148 628.148132
vn 1 0 0
vt 0.150987476 0.0194909573
v 768 172 628.148132
vn 1 0 0
vt 0.122663252 0.0194909573
f 4/4/4 3/3/3 2/2/2 1/1/1
v 1328 111.338326 348.799988
vn 1 0 0
vt 0.0905897394 0.931246281
v 1328 232.661667 348.799988
vn 1 0 0
vt 0.0757507756 0.931246281
v 1328 232.661667 864
vn 1 0 0
vt 0.0757507756 0.995173216
v 1328 111.338326 864
vn 1 0 0
vt 0.0905897394 0.995173216
f 8/8/8 7/7/7 6/6/6 5/5/5
v 1328 154.086716 128
vn 1 0 0
vt 0.210605845 0.337638974
v 1328 232.661667 128
vn 1 0 0
vt 0.200995401 0.337638974
v 1328 232.661667 348.799988
vn 1 0 0
vt 0.200995401 0.365036249
v 1328 111.338326 348.799988
vn 1 0 0
vt 0.215834349 0.365036249
v 1328 111.338326 128
vn 1 0 0
vt 0.215834349 0.337638974
f 13/13/13 12/12/12 11/11/11 10/10/10 9/9/9
v 1600 -116 188.800003
vn 1 0 0
vt 0.100782782 0.930936098
v 1600 -55.2000008 256
vn 1 0 0
vt 0.0933463797 0.994863033
v 1600 -77.5999985 256
vn 1 0 0
vt 0.0960860997 0.994863033
v 1600 -100 256
vn 1 0 0
vt 0.0988258347 0.994863033
v 1600 -116 192
vn 1 0 0
vt 0.100782782 0.933980227
f 18/18/18 17/17/17 16/16/16 15/15/15 14/14/14
v 1600 -100 256
vn 1 0 0
vt 0.0225048922 0.771118701
v 1600 -116 256
vn 1 0 0
vt 0.0244618393 0.771118701
v 1600 -116 192
vn 1 0 0
vt 0.0244618393 0.710235953
f 21/21/21 20/20/20 19/19/19
v 1600 12 188.800003
vn 1 0 0
vt 0.102739729 0.930936098
v 1600 12 256
vn 1 0 0
vt 0.102739729 0.994863033
v 1600 -10.3999996 256
vn 1 0 0
vt 0.105479456 0.994863033
v 1600 -32.7999992 256
vn 1 0 0
vt 0.108219177 0.994863033
v 1600 -55.2000008 256
vn 1 0 0
vt 0.110958904 0.994863033
v 1600 -116 188.800003
vn 1 0 0
vt 0.118395306 0.930936098
f 27/27/27 26/26/26 25/25/25 24/24/24 23/23/23 22/22/22
v 1600 -116 160
vn 1 0 0
vt 0.233855188 0.337328792
v 1600 12 160
vn 1 0 0
vt 0.218199611 0.337328792
v 1600 12 188.800003
vn 1 0 0
vt 0.218199611 0.364726007
v 1600 -116 188.800003
vn 1 0 0
vt 0.233855188 0.364726007
f 31/31/31 30/30/30 29/29/29 28/28/28
v 1664 -148 384
vn 0 0 1
vt 0.77788651 0.468918622
v 1600 -148 384
vn 0 0 1
vt 0.770058692 0.468918622
v 1600 44 384
vn 0 0 1
vt 0.770058692 0.506278515
f 34/34/34 33/33/33 32/32/32
v 1792 44 384
vn 0 0 1
vt 0.803326786 0.506278515
v 1824 44 384
vn 0 0 1
vt 0.807240725 0.506278515
v 1824 12 384
vn 0 0 1
vt 0.807240725 0.500051856
v 1824 -148 384
vn 0 0 1
vt 0.807240725 0.468918622
v 1664 -148 384
vn 0 0 1
vt 0.787671208 0.468918622
v 1600 44 384
vn 0 0 1
vt 0.77984345 0.506278515
f 40/40/40 39/39/39 38/38/38 37/37/37 36/36/36 35/35/35
v 1664 -148 160
vn 0 0 1
vt 0.910180569 0.10958904
v 1632 -148 160
vn 0 0 1
vt 0.906622469 0.10958904
v 1632 -116 160
vn 0 0 1
vt 0.906622469 0.118264794
f 43/43/43 42/42/42 41/41/41
v 1664 -74.1538467 160
vn 0 0 1
vt 0.205679595 0.540569007
v 1664 -148 160
vn 0 0 1
vt 0.205679595 0.520547986
v 1632 -116 160
vn 0 0 1
vt 0.202121496 0.52922374
v 1632 12 160
vn 0 0 1
vt 0.202121496 0.563926935
v 1664 12 160
vn 0 0 1
vt 0.205679595 0.563926935
f 48/48/48 47/47/47 46/46/46 45/45/45 44/44/44
v 1600 -148 160
vn 0 0 1
vt 0.914806068 0.10958904
v 1600 -116 160
vn 0 0 1
vt 0.914806068 0.118264794
v 1632 -116 160
vn 0 0 1
vt 0.918364167 0.118264794
v 1632 -148 160
vn 0 0 1
vt 0.918364167 0.10958904
f 52/52/52 51/51/51 50/50/50 49/49/49
v 1600 -77.5999985 256
vn 0 0 1
vt 0.120352253 0.996575356
v 1632 -77.5999985 256
vn 0 0 1
vt 0.124266148 0.996575356
v 1632 -100 256
vn 0 0 1
vt 0.124266148 0.93264842
v 1600 -100 256
vn 0 0 1
vt 0.120352253 0.93264842
f 56/56/56 55/55/55 54/54/54 53/53/53
v 1600 -55.2000008 256
vn 0 0 1
vt 0.126223087 0.996575356
v 1632 -55.2000008 256
vn 0 0 1
vt 0.130136982 0.996575356
v 1632 -77.5999985 256
vn 0 0 1
vt 0.130136982 0.93264842
v 1600 -77.5999985 256
vn 0 0 1
vt 0.126223087 0.93264842
f 60/60/60 59/59/59 58/58/58 57/57/57
v 1600 -32.7999992 256
vn 0 0 1
vt 0.132093936 0.996575356
v 1632 -32.7999992 256
vn 0 0 1
vt 0.136007831 0.996575356
v 1632 -55.2000008 256
vn 0 0 1
vt 0.136007831 0.93264842
v 1600 -55.2000008 256
vn 0 0 1
vt 0.132093936 0.93264842
f 64/64/64 63/63/63 62/62/62 61/61/61
v 1600 -10.3999996 256
vn 0 0 1
vt 0.13796477 0.996575356
v 1632 -10.3999996 256
vn 0 0 1
vt 0.141878664 0.996575356
v 1632 -32.7999992 256
vn 0 0 1
vt 0.141878664 0.93264842
v 1600 -32.7999992 256
vn 0 0 1
vt 0.13796477 0.93264842
f 68/68/68 67/67/67 66/66/66 65/65/65
v 1600 12 256
vn 0 0 1
vt 0.143835619 0.996575356
v 1632 12 256
vn 0 0 1
vt 0.147749513 0.996575356
v 1632 -10.3999996 256
vn 0 0 1
vt 0.147749513 0.93264842
v 1600 -10.3999996 256
vn 0 0 1
vt 0.143835619 0.93264842
f 72/72/72 71/71/71 70/70/70 69/69/69
v 1600 -100 256
vn 0 0 1
vt 0.208414868 0.56735158
v 1632 -100 256
vn 0 0 1
vt 0.212328762 0.56735158
v 1632 -116 256
vn 0 0 1
vt 0.212328762 0.521689534
v 1600 -116 256
vn 0 0 1
vt 0.208414868 0.521689534
f 76/76/76 75/75/75 74/74/74 73/73/73
v 1600 12 339.200012
vn 0 0 1
vt 0.128180042 0.408727705
v 1600 -148 339.200012
vn 0 0 1
vt 0.128180042 0.377594411
v 1792 -148 339.200012
vn 0 0 1
vt 0.104696676 0.377594411
v 1792 12 339.200012
vn 0 0 1
vt 0.104696676 0.408727705
f 80/80/80 79/79/79 78/78/78 77/77/77
v 1824 12 352
vn 1 0 0
vt 0.934464514 0.110485971
v 1824 12 339.200012
vn 1 0 0
vt 0.934464514 0.107876718
v 1824 -148 339.200012
vn 1 0 0
vt 0.921121657 0.107876718
v 1824 -148 384
vn 1 0 0
vt 0.921121657 0.117009103
v 1824 12 384
vn 1 0 0
vt 0.934464514 0.117009103
f 85/85/85 84/84/84 83/83/83 82/82/82 81/81/81
v 1824 12 339.200012
vn 1 0 0
vt 0.15364258 0.0165525079
v 1824 12 352
vn 1 0 0
vt 0.15364258 0.0191617608
v 1824 28 352
vn 1 0 0
vt 0.154976875 0.0191617608
v 1824 28 339.200012
vn 1 0 0
vt 0.154976875 0.0165525079
f 89/89/89 88/88/88 87/87/87 86/86/86
v 1824 28 352
vn 1 0 0
vt 0.939712703 0.110485971
v 1824 12 352
vn 1 0 0
vt 0.938378394 0.110485971
v 1824 12 384
vn 1 0 0
vt 0.938378394 0.117009103
v 1824 44 384
vn 1 0 0
vt 0.941046953 0.117009103
v 1824 44 352
vn 1 0 0
vt 0.941046953 0.110485971
f 94/94/94 93/93/93 92/92/92 91/91/91 90/90/90
v 1792 44 352
vn 0 1 0
vt 0.948140919 0.110485971
v 1824 44 352
vn 0 1 0
vt 0.94422698 0.110485971
v 1824 44 384
vn 0 1 0
vt 0.94422698 0.117009103
v 1792 44 384
vn 0 1 0
vt 0.948140919 0.117009103
f 98/98/98 97/97/97 96/96/96 95/95/95
v 1792 44 384
vn 0 1 0
vt 0.950097859 0.117009103
v 1600 44 384
vn 0 1 0
vt 0.973581195 0.117009103
v 1600 44 352
vn 0 1 0
vt 0.973581195 0.110485971
v 1792 44 352
vn 0 1 0
vt 0.950097859 0.110485971
f 102/102/102 101/101/101 100/100/100 99/99/99
v 1792 -148 288
vn 1 0 0
vt 0.214285716 0.207314134
v 1792 -148 256
vn 1 0 0
vt 0.214285716 0.200790942
v 1792 12 256
vn 1 0 0
vt 0.194716245 0.200790942
v 1792 12 339.200012
vn 1 0 0
vt 0.194716245 0.217751145
v 1792 -148 339.200012
vn 1 0 0
vt 0.214285716 0.217751145
f 107/107/107 106/106/106 105/105/105 104/104/104 103/103/103
v 1632 12 256
vn 0 1 0
vt 0.22015655 0.200790942
v 1600 12 256
vn 0 1 0
vt 0.216242656 0.200790942
v 1600 12 288
vn 0 1 0
vt 0.216242656 0.207314134
v 1600 12 339.200012
vn 0 1 0
vt 0.216242656 0.217751145
v 1792 12 339.200012
vn 0 1 0
vt 0.239726022 0.217751145
v 1792 12 256
vn 0 1 0
vt 0.239726022 0.200790942
f 113/113/113 112/112/112 111/111/111 110/110/110 109/109/109 108/108/108
v 1664 12 192
vn 0 0 1
vt 0.149706453 0.993150711
v 1792 12 192
vn 0 0 1
vt 0.16536203 0.993150711
v 1792 -74.1538467 192
vn 0 0 1
vt 0.16536203 0.929223776
v 1664 -74.1538467 192
vn 0 0 1
vt 0.149706453 0.929223776
f 117/117/117 116/116/116 115/115/115 114/114/114
v 1664 -148 192
vn 0 0 1
vt 0.895303309 0.641552508
v 1664 -74.1538467 192
vn 0 0 1
vt 0.895303309 0.696346998
v 1792 -74.1538467 192
vn 0 0 1
vt 0.910958886 0.696346998
v 1792 -148 192
vn 0 0 1
vt 0.910958886 0.641552508
f 121/121/121 120/120/120 119/119/119 118/118/118
v 1792 -74.1538467 192
vn 1 0 0
vt 0.0115158819 0.17404598
v 1792 12 192
vn 1 0 0
vt 0.000978473574 0.17404598
v 1792 12 256
vn 1 0 0
vt 0.000978473574 0.187092304
v 1792 -148 256
vn 1 0 0
vt 0.0205479451 0.187092304
v 1792 -148 192
vn 1 0 0
vt 0.0205479451 0.17404598
f 126/126/126 125/125/125 124/124/124 123/123/123 122/122/122
v 1632 -116 192
vn 1 0 0
vt 0.0264187865 0.710235953
v 1632 -116 256
vn 1 0 0
vt 0.0264187865 0.771118701
v 1632 -100 256
vn 1 0 0
vt 0.0283757336 0.771118701
v 1632 -77.5999985 256
vn 1 0 0
vt 0.0311154593 0.771118701
v 1632 -55.2000008 256
vn 1 0 0
vt 0.0338551849 0.771118701
f 131/131/131 130/130/130 129/129/129 128/128/128 127/127/127
v 1632 12 192
vn 1 0 0
vt 0.0518590994 0.710235953
v 1632 -116 192
vn 1 0 0
vt 0.0362035222 0.710235953
v 1632 -55.2000008 256
vn 1 0 0
vt 0.0436399207 0.771118701
v 1632 -32.7999992 256
vn 1 0 0
vt 0.0463796481 0.771118701
v 1632 -10.3999996 256
vn 1 0 0
vt 0.0491193756 0.771118701
v 1632 12 256
vn 1 0 0
vt 0.0518590994 0.771118701
f 137/137/137 136/136/136 135/135/135 134/134/134 133/133/133 132/132/132
v 1664 12 192
vn 0 1 0
vt 0.0264187865 0.17404598
v 1632 12 192
vn 0 1 0
vt 0.0225048922 0.17404598
v 1632 12 256
vn 0 1 0
vt 0.0225048922 0.187092304
v 1792 12 256
vn 0 1 0
vt 0.0420743637 0.187092304
v 1792 12 192
vn 0 1 0
vt 0.0420743637 0.17404598
f 142/142/142 141/141/141 140/140/140 139/139/139 138/138/138
v 1632 -116 256
vn 0 1 0
vt 0.0577299409 0.771118701
v 1632 -116 192
vn 0 1 0
vt 0.0577299409 0.710235953
v 1600 -116 192
vn 0 1 0
vt 0.0538160466 0.710235953
v 1600 -116 256
vn 0 1 0
vt 0.0538160466 0.771118701
f 146/146/146 145/145/145 144/144/144 143/143/143
v 1664 -74.1538467 192
vn 1 0 0
vt 0.969667315 0.079908669
v 1664 -74.1538467 160
vn 1 0 0
vt 0.969667315 0.0707762837
v 1664 12 160
vn 1 0 0
vt 0.942270041 0.0707762837
v 1664 12 192
vn 1 0 0
vt 0.942270041 0.079908669
f 150/150/150 149/149/149 148/148/148 147/147/147
v 1664 -148 192
vn 1 0 0
vt 0.99706459 0.079908669
v 1664 -148 160
vn 1 0 0
vt 0.99706459 0.0707762837
v 1664 -74.1538467 160
vn 1 0 0
vt 0.973581195 0.0707762837
v 1664 -74.1538467 192
vn 1 0 0
vt 0.973581195 0.079908669
f 154/154/154 153/153/153 152/152/152 151/151/151
v 1632 -116 160
vn 1 0 0
vt 0.130136982 0.378424644
v 1632 -116 192
vn 1 0 0
vt 0.130136982 0.408866107
v 1632 12 192
vn 1 0 0
vt 0.145792559 0.408866107
v 1632 12 160
vn 1 0 0
vt 0.145792559 0.378424644
f 158/158/158 157/157/157 156/156/156 155/155/155
v 1664 12 160
vn 0 1 0
vt 0.00489236787 0.0533675551
v 1632 12 160
vn 0 1 0
vt 0.000978473574 0.0533675551
v 1632 12 192
vn 0 1 0
vt 0.000978473574 0.0598907471
v 1664 12 192
vn 0 1 0
vt 0.00489236787 0.0598907471
f 162/162/162 161/161/161 160/160/160 159/159/159
v 1600 -116 188.800003
vn 0 1 0
vt 0.147749513 0.405821919
v 1600 -116 192
vn 0 1 0
vt 0.147749513 0.408866107
v 1632 -116 192
vn 0 1 0
vt 0.151663408 0.408866107
v 1632 -116 160
vn 0 1 0
vt 0.151663408 0.378424644
v 1600 -116 160
vn 0 1 0
vt 0.147749513 0.378424644
f 167/167/167 166/166/166 165/165/165 164/164/164 163/163/163
v 1792 -148 128
vn 1 0 0
vt 0.158512726 0.0203663111
v 1792 12 128
vn 1 0 0
vt 0.177103713 0.0203663111
v 1792 12 122.947365
vn 1 0 0
vt 0.177103713 0.0191209912
v 1792 -148 122.947365
vn 1 0 0
vt 0.158512726 0.0191209912
f 171/171/171 170/170/170 169/169/169 168/168/168
v 1792 12 122.947365
vn 0 0 1
vt 0.214530334 0.563926935
v 1600 12 122.947365
vn 0 0 1
vt 0.23587884 0.563926935
v 1600 -148 122.947365
vn 0 0 1
vt 0.23587884 0.520547986
v 1792 -148 122.947365
vn 0 0 1
vt 0.214530334 0.520547986
f 175/175/175 174/174/174 173/173/173 172/172/172
v 1792 12 122.947365
vn 0 1 0
vt 0.181262225 0.0191209912
v 1792 12 128
vn 0 1 0
vt 0.181262225 0.0203663111
v 1600 12 128
vn 0 1 0
vt 0.202610746 0.0203663111
v 1600 12 122.947365
vn 0 1 0
vt 0.202610746 0.0191209912
f 179/179/179 178/178/178 177/177/177 176/176/176
v 1440 -116 384
vn 0 0 1
vt 0.809197664 0.47514528
v 1440 44 384
vn 0 0 1
vt 0.809197664 0.506278515
v 1600 44 384
vn 0 0 1
vt 0.828767121 0.506278515
v 1600 -148 384
vn 0 0 1
vt 0.828767121 0.468918622
v 1440 -148 384
vn 0 0 1
vt 0.809197664 0.468918622
f 184/184/184 183/183/183 182/182/182 181/181/181 180/180/180
v 1440 -116 896
vn 1 0 0
vt 0.245596871 0.219298244
v 1440 -148 768
vn 1 0 0
vt 0.241682976 0.20007211
v 1440 -148 896
vn 1 0 0
vt 0.241682976 0.219298244
f 187/187/187 186/186/186 185/185/185
v 1440 -116 627.200012
vn 1 0 0
vt 0.171232879 0.955179036
v 1440 -116 470.400024
vn 1 0 0
vt 0.171232879 0.931627035
v 1440 -148 470.400024
vn 1 0 0
vt 0.167318985 0.931627035
v 1440 -148 640
vn 1 0 0
vt 0.167318985 0.957101643
v 1440 -148 768
vn 1 0 0
vt 0.167318985 0.976327837
v 1440 -116 896
vn 1 0 0
vt 0.171232879 0.99555397
f 193/193/193 192/192/192 191/191/191 190/190/190 189/189/189 188/188/188
v 1440 -116 384
vn 1 0 0
vt 0.0479452051 0.174357116
v 1440 -148 384
vn 1 0 0
vt 0.0440313108 0.174357116
v 1440 -148 470.400024
vn 1 0 0
vt 0.0440313108 0.187334776
v 1440 -116 470.400024
vn 1 0 0
vt 0.0479452051 0.187334776
f 197/197/197 196/196/196 195/195/195 194/194/194
v 1440 789.599976 896
vn 1 0 0
vt 0.174641982 0.996385098
v 1440 1004 896
vn 1 0 0
vt 0.200587079 0.996385098
v 1440 1004 627.200012
vn 1 0 0
vt 0.200587079 0.932458162
v 1440 789.599976 627.200012
vn 1 0 0
vt 0.174641982 0.932458162
f 201/201/201 200/200/200 199/199/199 198/198/198
v 1440 -116 896
vn 1 0 0
vt 0.203996181 0.996385098
v 1440 110.399994 896
vn 1 0 0
vt 0.231393442 0.996385098
v 1440 110.399994 627.200012
vn 1 0 0
vt 0.231393442 0.932458162
v 1440 -116 627.200012
vn 1 0 0
vt 0.203996181 0.932458162
f 205/205/205 204/204/204 203/203/203 202/202/202
v 1440 110.399994 896
vn 1 0 0
vt 0.235307336 0.996385098
v 1440 336.799988 896
vn 1 0 0
vt 0.262704611 0.996385098
v 1440 336.799988 627.200012
vn 1 0 0
vt 0.262704611 0.932458162
v 1440 110.399994 627.200012
vn 1 0 0
vt 0.235307336 0.932458162
f 209/209/209 208/208/208 207/207/207 206/206/206
v 1440 336.799988 896
vn 1 0 0
vt 0.26661849 0.996385098
v 1440 563.200012 896
vn 1 0 0
vt 0.294015765 0.996385098
v 1440 563.200012 627.200012
vn 1 0 0
vt 0.294015765 0.932458162
v 1440 336.799988 627.200012
vn 1 0 0
vt 0.26661849 0.932458162
f 213/213/213 212/212/212 211/211/211 210/210/210
v 1440 563.200012 896
vn 1 0 0
vt 0.297929645 0.996385098
v 1440 789.599976 896
vn 1 0 0
vt 0.32532692 0.996385098
v 1440 789.599976 627.200012
vn 1 0 0
vt 0.32532692 0.932458162
v 1440 563.200012 627.200012
vn 1 0 0
vt 0.297929645 0.932458162
f 217/217/217 216/216/216 215/215/215 214/214/214
v 1440 739.200012 384
vn 1 0 0
vt 0.935666203 0.641742826
v 1440 563.200012 384
vn 1 0 0
vt 0.914367974 0.641742826
v 1440 563.200012 627.200012
vn 1 0 0
vt 0.914367974 0.699581444
v 1440 789.599976 627.200012
vn 1 0 0
vt 0.941765249 0.699581444
v 1440 789.599976 384
vn 1 0 0
vt 0.941765249 0.641742826
f 222/222/222 221/221/221 220/220/220 219/219/219 218/218/218
v 1440 512.799988 384
vn 1 0 0
vt 0.966977358 0.641742826
v 1440 336.799988 384
vn 1 0 0
vt 0.945679128 0.641742826
v 1440 336.799988 627.200012
vn 1 0 0
vt 0.945679128 0.699581444
v 1440 563.200012 627.200012
vn 1 0 0
vt 0.973076403 0.699581444
v 1440 563.200012 384
vn 1 0 0
vt 0.973076403 0.641742826
f 227/227/227 226/226/226 225/225/225 224/224/224 223/223/223
v 1440 286.399994 384
vn 1 0 0
vt 0.0237288456 0.573249638
v 1440 110.399994 384
vn 1 0 0
vt 0.00243062293 0.573249638
v 1440 110.399994 627.200012
vn 1 0 0
vt 0.00243062293 0.631088257
v 1440 336.799988 627.200012
vn 1 0 0
vt 0.0298278835 0.631088257
v 1440 336.799988 384
vn 1 0 0
vt 0.0298278835 0.573249638
f 232/232/232 231/231/231 230/230/230 229/229/229 228/228/228
v 1440 -116 470.400024
vn 1 0 0
vt 0.0337417759 0.593797565
v 1440 -116 627.200012
vn 1 0 0
vt 0.0337417759 0.631088257
v 1440 110.399994 627.200012
vn 1 0 0
vt 0.061139036 0.631088257
v 1440 110.399994 384
vn 1 0 0
vt 0.061139036 0.573249638
v 1440 60 384
vn 1 0 0
vt 0.0550400019 0.573249638
v 1440 44 384
vn 1 0 0
vt 0.0531038009 0.573249638
v 1440 -116 384
vn 1 0 0
vt 0.0337417759 0.573249638
f 239/239/239 238/238/238 237/237/237 236/236/236 235/235/235 234/234/234 233/233/233
v 1440 965.599976 384
vn 1 0 0
vt 0.0863511488 0.573249638
v 1440 789.599976 384
vn 1 0 0
vt 0.0650529265 0.573249638
v 1440 789.599976 627.200012
vn 1 0 0
vt 0.0650529265 0.631088257
v 1440 1004 627.200012
vn 1 0 0
vt 0.0909980461 0.631088257
v 1440 1004 384
vn 1 0 0
vt 0.0909980461 0.573249638
f 244/244/244 243/243/243 242/242/242 241/241/241 240/240/240
v 1408 -116 864
vn 1 0 0
vt 0.00684931502 0.0594809055
v 1408 -148 864
vn 1 0 0
vt 0.0107632093 0.0594809055
v 1408 -148 768
vn 1 0 0
vt 0.0107632093 0.0546743274
f 247/247/247 246/246/246 245/245/245
v 1408 -148 640
vn 1 0 0
vt 0.676125228 0.276576161
v 1408 -148 384
vn 1 0 0
vt 0.676125228 0.263758719
v 1408 -116 384
vn 1 0 0
vt 0.672211349 0.263758719
v 1408 -116 864
vn 1 0 0
vt 0.672211349 0.287791431
v 1408 -148 768
vn 1 0 0
vt 0.676125228 0.282984853
f 252/252/252 251/251/251 250/250/250 249/249/249 248/248/248
v 1408 76 864
vn 1 0 0
vt 0.0408711508 0.0584094524
v 1408 66.4000168 864
vn 1 0 0
vt 0.0420328714 0.0584094524
v 1408 66.4000168 384
vn 1 0 0
vt 0.0420328714 0.0527017117
v 1408 292.800018 384
vn 1 0 0
vt 0.0146356123 0.0527017117
v 1408 292.800018 864
vn 1 0 0
vt 0.0146356123 0.0584094524
f 257/257/257 256/256/256 255/255/255 254/254/254 253/253/253
v 1408 300 864
vn 1 0 0
vt 0.0724727362 0.0584094524
v 1408 292.800018 864
vn 1 0 0
vt 0.0733440295 0.0584094524
v 1408 292.800018 384
vn 1 0 0
vt 0.0733440295 0.0527017117
v 1408 519.200012 384
vn 1 0 0
vt 0.0459467731 0.0527017117
v 1408 519.200012 864
vn 1 0 0
vt 0.0459467731 0.0584094524
f 262/262/262 261/261/261 260/260/260 259/259/259 258/258/258
v 1408 524 864
vn 1 0 0
vt 0.104074322 0.0584094524
v 1408 519.200012 864
vn 1 0 0
vt 0.104655191 0.0584094524
v 1408 519.200012 384
vn 1 0 0
vt 0.104655191 0.0527017117
v 1408 745.599976 384
vn 1 0 0
vt 0.0772579312 0.0527017117
v 1408 745.599976 864
vn 1 0 0
vt 0.0772579312 0.0584094524
f 267/267/267 266/266/266 265/265/265 264/264/264 263/263/263
v 1408 748 864
vn 1 0 0
vt 0.135675907 0.0584094524
v 1408 745.599976 864
vn 1 0 0
vt 0.135966346 0.0584094524
v 1408 745.599976 384
vn 1 0 0
vt 0.135966346 0.0527017117
v 1408 972 384
vn 1 0 0
vt 0.108569086 0.0527017117
v 1408 972 864
vn 1 0 0
vt 0.108569086 0.0584094524
f 272/272/272 271/271/271 270/270/270 269/269/269 268/268/268
v 1408 -116 864
vn 1 0 0
vt 0.161952928 0.0584094524
v 1408 -116 384
vn 1 0 0
vt 0.161952928 0.0527017117
v 1408 66.4000168 384
vn 1 0 0
vt 0.139880225 0.0527017117
v 1408 66.4000168 864
vn 1 0 0
vt 0.139880225 0.0584094524
f 276/276/276 275/275/275 274/274/274 273/273/273
v 1440 -116 896
vn 0 0 1
vt 0.157534242 0.409056306
v 1440 -148 896
vn 0 0 1
vt 0.157534242 0.378614962
v 1408 -148 896
vn 0 0 1
vt 0.153620347 0.378614962
v 1408 -116 896
vn 0 0 1
vt 0.153620347 0.409056306
f 280/280/280 279/279/279 278/278/278 277/277/277
v 1344 105.72583 864
vn 1 0 0
vt 0.0613656826 0.771428943
v 1344 238.27417 864
vn 1 0 0
vt 0.0775775611 0.771428943
v 1344 238.27417 384
vn 1 0 0
vt 0.0775775611 0.711869657
v 1344 105.72583 384
vn 1 0 0
vt 0.0613656826 0.711869657
f 284/284/284 283/283/283 282/282/282 281/281/281
v 1408 76 864
vn 0 0 1
vt 0.16536203 0.052511394
v 1344 105.72583 864
vn 0 0 1
vt 0.173189819 0.0609948039
v 1344 76 864
vn 0 0 1
vt 0.173189819 0.052511394
f 287/287/287 286/286/286 285/285/285
v 1408 292.800018 864
vn 0 0 1
vt 0.206457928 0.0184931755
v 1408 300 864
vn 0 0 1
vt 0.206457928 0.0205479264
v 1344 300 864
vn 0 0 1
vt 0.214285716 0.0205479264
f 290/290/290 289/289/289 288/288/288
v 1344 238.27417 864
vn 0 0 1
vt 0.089041099 0.756356776
v 1344 105.72583 864
vn 0 0 1
vt 0.089041099 0.718529105
v 1408 76 864
vn 0 0 1
vt 0.0812133104 0.710045695
v 1408 292.800018 864
vn 0 0 1
vt 0.0812133104 0.77191782
v 1344 300 864
vn 0 0 1
vt 0.089041099 0.773972631
f 295/295/295 294/294/294 293/293/293 292/292/292 291/291/291
v 1408 519.200012 864
vn 0 0 1
vt 0.0909980461 0.772602737
v 1408 524 864
vn 0 0 1
vt 0.0909980461 0.773972631
v 1344 524 864
vn 0 0 1
vt 0.0988258347 0.773972631
v 1344 300 864
vn 0 0 1
vt 0.0988258347 0.710045695
v 1408 300 864
vn 0 0 1
vt 0.0909980461 0.710045695
f 300/300/300 299/299/299 298/298/298 297/297/297 296/296/296
v 1408 745.599976 864
vn 0 0 1
vt 0.100782782 0.773287654
v 1408 748 864
vn 0 0 1
vt 0.100782782 0.773972631
v 1344 748 864
vn 0 0 1
vt 0.10861057 0.773972631
v 1344 524 864
vn 0 0 1
vt 0.10861057 0.710045695
v 1408 524 864
vn 0 0 1
vt 0.100782782 0.710045695
f 305/305/305 304/304/304 303/303/303 302/302/302 301/301/301
v 1408 972 864
vn 0 0 1
vt 0.110567518 0.773972631
v 1344 972 864
vn 0 0 1
vt 0.118395306 0.773972631
v 1344 748 864
vn 0 0 1
vt 0.118395306 0.710045695
v 1408 748 864
vn 0 0 1
vt 0.110567518 0.710045695
f 309/309/309 308/308/308 307/307/307 306/306/306
v 1408 66.4000168 864
vn 0 0 1
vt 0.216242656 0.0178081989
v 1408 76 864
vn 0 0 1
vt 0.216242656 0.0205479264
v 1344 76 864
vn 0 0 1
vt 0.224070445 0.0205479264
f 312/312/312 311/311/311 310/310/310
v 1344 -118.27417 864
vn 0 0 1
vt 0.128180042 0.718529105
v 1344 -148 864
vn 0 0 1
vt 0.128180042 0.710045695
v 1408 -148 864
vn 0 0 1
vt 0.120352253 0.710045695
v 1408 -116 864
vn 0 0 1
vt 0.120352253 0.719178081
v 1408 66.4000168 864
vn 0 0 1
vt 0.120352253 0.771232903
v 1344 76 864
vn 0 0 1
vt 0.128180042 0.773972631
f 318/318/318 317/317/317 316/316/316 315/315/315 314/314/314 313/313/313
v 1408 -116 896
vn 0 0 1
vt 0.13796477 0.710045695
v 1344 -116 896
vn 0 0 1
vt 0.130136982 0.710045695
v 1344 108 896
vn 0 0 1
vt 0.130136982 0.773972631
v 1408 108 896
vn 0 0 1
vt 0.13796477 0.773972631
f 322/322/322 321/321/321 320/320/320 319/319/319
v 1408 108 896
vn 0 0 1
vt 0.147749513 0.710045695
v 1344 108 896
vn 0 0 1
vt 0.139921725 0.710045695
v 1344 332 896
vn 0 0 1
vt 0.139921725 0.773972631
v 1408 332 896
vn 0 0 1
vt 0.147749513 0.773972631
f 326/326/326 325/325/325 324/324/324 323/323/323
v 1408 332 896
vn 0 0 1
vt 0.157534242 0.710045695
v 1344 332 896
vn 0 0 1
vt 0.149706453 0.710045695
v 1344 556 896
vn 0 0 1
vt 0.149706453 0.773972631
v 1408 556 896
vn 0 0 1
vt 0.157534242 0.773972631
f 330/330/330 329/329/329 328/328/328 327/327/327
v 1408 556 896
vn 0 0 1
vt 0.167318985 0.710045695
v 1344 556 896
vn 0 0 1
vt 0.159491196 0.710045695
v 1344 780 896
vn 0 0 1
vt 0.159491196 0.773972631
v 1408 780 896
vn 0 0 1
vt 0.167318985 0.773972631
f 334/334/334 333/333/333 332/332/332 331/331/331
v 1408 1004 896
vn 0 0 1
vt 0.177103713 0.773972631
v 1408 780 896
vn 0 0 1
vt 0.177103713 0.710045695
v 1344 780 896
vn 0 0 1
vt 0.169275925 0.710045695
v 1344 1004 896
vn 0 0 1
vt 0.169275925 0.773972631
f 338/338/338 337/337/337 336/336/336 335/335/335
v 1408 -148 896
vn 0 0 1
vt 0.182974562 0.052511394
v 1344 -148 896
vn 0 0 1
vt 0.175146773 0.052511394
v 1344 -116 896
vn 0 0 1
vt 0.175146773 0.0616438389
v 1408 -116 896
vn 0 0 1
vt 0.182974562 0.0616438389
f 342/342/342 341/341/341 340/340/340 339/339/339
v 1408 1004 864
vn 0 1 0
vt 0.184931502 0.052511394
v 1408 1004 896
vn 0 1 0
vt 0.184931502 0.0616438389
v 1344 1004 896
vn 0 1 0
vt 0.19275929 0.0616438389
v 1344 1004 864
vn 0 1 0
vt 0.19275929 0.052511394
f 346/346/346 345/345/345 344/344/344 343/343/343
v 1344 972 864
vn 0 1 0
vt 0.24755381 0.219368339
v 1408 972 864
vn 0 1 0
vt 0.255381614 0.219368339
v 1408 972 384
vn 0 1 0
vt 0.255381614 0.200342476
v 1344 972 384
vn 0 1 0
vt 0.24755381 0.200342476
f 350/350/350 349/349/349 348/348/348 347/347/347
v 1328 332 864
vn 0 0 1
vt 0.181017607 0.719178081
v 1328 300 864
vn 0 0 1
vt 0.181017607 0.710045695
v 1344 300 864
vn 0 0 1
vt 0.179060668 0.710045695
v 1344 524 864
vn 0 0 1
vt 0.179060668 0.773972631
v 1328 524 864
vn 0 0 1
vt 0.181017607 0.773972631
f 355/355/355 354/354/354 353/353/353 352/352/352 351/351/351
v 1344 748 864
vn 0 0 1
vt 0.182974562 0.773972631
v 1328 748 864
vn 0 0 1
vt 0.184931502 0.773972631
v 1328 524 864
vn 0 0 1
vt 0.184931502 0.710045695
v 1344 524 864
vn 0 0 1
vt 0.182974562 0.710045695
f 359/359/359 358/358/358 357/357/357 356/356/356
v 1344 972 864
vn 0 0 1
vt 0.186888456 0.773972631
v 1328 972 864
vn 0 0 1
vt 0.188845396 0.773972631
v 1328 748 864
vn 0 0 1
vt 0.188845396 0.710045695
v 1344 748 864
vn 0 0 1
vt 0.186888456 0.710045695
f 363/363/363 362/362/362 361/361/361 360/360/360
v 1344 300 864
vn 0 0 1
vt 0.0499021523 0.189497709
v 1328 300 864
vn 0 0 1
vt 0.0518590994 0.189497709
v 1328 258.27417 864
vn 0 0 1
vt 0.0518590994 0.177589655
v 1344 238.27417 864
vn 0 0 1
vt 0.0499021523 0.171881914
f 367/367/367 366/366/366 365/365/365 364/364/364
v 1344 76 864
vn 0 0 1
vt 0.194716245 0.052511394
v 1344 105.72583 864
vn 0 0 1
vt 0.194716245 0.0609948039
v 1328 85.7258301 864
vn 0 0 1
vt 0.196673185 0.0552870631
f 370/370/370 369/369/369 368/368/368
v 1328 -110.716637 864
vn 0 0 1
vt 0.19275929 0.716119647
v 1328 -118.27417 864
vn 0 0 1
vt 0.19275929 0.713962853
v 1344 -118.27417 864
vn 0 0 1
vt 0.190802351 0.713962853
v 1344 76 864
vn 0 0 1
vt 0.190802351 0.769406378
v 1328 85.7258301 864
vn 0 0 1
vt 0.19275929 0.772182047
f 375/375/375 374/374/374 373/373/373 372/372/372 371/371/371
v 1344 -118.27417 864
vn 0 0 1
vt 0.198630139 0.0609948039
v 1328 -118.27417 864
vn 0 0 1
vt 0.200587079 0.0609948039
v 1328 -148 864
vn 0 0 1
vt 0.200587079 0.052511394
v 1344 -148 864
vn 0 0 1
vt 0.198630139 0.052511394
f 379/379/379 378/378/378 377/377/377 376/376/376
v 1344 -116 896
vn 0 0 1
vt 0.196673185 0.710045695
v 1328 -116 896
vn 0 0 1
vt 0.194716245 0.710045695
v 1328 108 896
vn 0 0 1
vt 0.194716245 0.773972631
v 1344 108 896
vn 0 0 1
vt 0.196673185 0.773972631
f 383/383/383 382/382/382 381/381/381 380/380/380
v 1344 108 896
vn 0 0 1
vt 0.200587079 0.710045695
v 1328 108 896
vn 0 0 1
vt 0.198630139 0.710045695
v 1328 332 896
vn 0 0 1
vt 0.198630139 0.773972631
v 1344 332 896
vn 0 0 1
vt 0.200587079 0.773972631
f 387/387/387 386/386/386 385/385/385 384/384/384
v 1344 332 896
vn 0 0 1
vt 0.204500973 0.710045695
v 1328 332 896
vn 0 0 1
vt 0.202544034 0.710045695
v 1328 556 896
vn 0 0 1
vt 0.202544034 0.773972631
v 1344 556 896
vn 0 0 1
vt 0.204500973 0.773972631
f 391/391/391 390/390/390 389/389/389 388/388/388
v 1344 556 896
vn 0 0 1
vt 0.208414868 0.710045695
v 1328 556 896
vn 0 0 1
vt 0.206457928 0.710045695
v 1328 780 896
vn 0 0 1
vt 0.206457928 0.773972631
v 1344 780 896
vn 0 0 1
vt 0.208414868 0.773972631
f 395/395/395 394/394/394 393/393/393 392/392/392
v 1344 1004 896
vn 0 0 1
vt 0.212328762 0.773972631
v 1344 780 896
vn 0 0 1
vt 0.212328762 0.710045695
v 1328 780 896
vn 0 0 1
vt 0.210371822 0.710045695
v 1328 1004 896
vn 0 0 1
vt 0.210371822 0.773972631
f 399/399/399 398/398/398 397/397/397 396/396/396
v 1344 -148 896
vn 0 0 1
vt 0.204500973 0.052511394
v 1328 -148 896
vn 0 0 1
vt 0.202544034 0.052511394
v 1328 -116 896
vn 0 0 1
vt 0.202544034 0.0616438389
v 1344 -116 896
vn 0 0 1
vt 0.204500973 0.0616438389
f 403/403/403 402/402/402 401/401/401 400/400/400
v 1344 1004 864
vn 0 1 0
vt 0.206457928 0.052511394
v 1344 1004 896
vn 0 1 0
vt 0.206457928 0.0616438389
v 1328 1004 896
vn 0 1 0
vt 0.208414868 0.0616438389
v 1328 1004 864
vn 0 1 0
vt 0.208414868 0.052511394
f 407/407/407 406/406/406 405/405/405 404/404/404
v 1344 972 864
vn 0 1 0
vt 0.259295493 0.219368339
v 1344 972 384
vn 0 1 0
vt 0.259295493 0.200342476
v 1328 972 384
vn 0 1 0
vt 0.257338554 0.200342476
v 1328 972 864
vn 0 1 0
vt 0.257338554 0.219368339
f 411/411/411 410/410/410 409/409/409 408/408/408
v 1344 238.27417 384
vn 0.780868828 0.624695063 0
vt 0.215398774 0.711869657
v 1344 238.27417 864
vn 0.780868828 0.624695063 0
vt 0.215398774 0.771428943
v 1328 258.27417 864
vn 0.780868828 0.624695063 0
vt 0.218531415 0.771428943
v 1328 258.27417 384
vn 0.780868828 0.624695063 0
vt 0.218531415 0.711869657
f 415/415/415 414/414/414 413/413/413 412/412/412
v 1344 105.72583 384
vn 0.780868828 -0.624695063 0
vt 0.226122513 0.711869657
v 1328 85.7258301 384
vn 0.780868828 -0.624695063 0
vt 0.222989887 0.711869657
v 1328 85.7258301 864
vn 0.780868828 -0.624695063 0
vt 0.222989887 0.771428943
v 1344 105.72583 864
vn 0.780868828 -0.624695063 0
vt 0.226122513 0.771428943
f 419/419/419 418/418/418 417/417/417 416/416/416
v 1600 -148 160
vn 0 0 1
vt 0.983299255 0.10958904
v 1536 -148 160
vn 0 0 1
vt 0.976183057 0.10958904
v 1536 -116 160
vn 0 0 1
vt 0.976183057 0.118264794
v 1600 -116 160
vn 0 0 1
vt 0.983299255 0.118264794
f 423/423/423 422/422/422 421/421/421 420/420/420
v 1536 -84 160
vn 0 0 1
vt 0.831368923 0.478538811
v 1536 12 160
vn 0 0 1
vt 0.831368923 0.504566193
v 1600 12 160
vn 0 0 1
vt 0.838485122 0.504566193
v 1600 -116 160
vn 0 0 1
vt 0.838485122 0.469862998
v 1536 -116 160
vn 0 0 1
vt 0.831368923 0.469862998
f 428/428/428 427/427/427 426/426/426 425/425/425 424/424/424
v 1536 -84 160
vn 0 0 1
vt 0.248198718 0.336986303
v 1440 -84 160
vn 0 0 1
vt 0.237524465 0.336986303
v 1440 12 160
vn 0 0 1
vt 0.237524465 0.363013685
v 1536 12 160
vn 0 0 1
vt 0.248198718 0.363013685
f 432/432/432 431/431/431 430/430/430 429/429/429
v 1440 -128 160
vn 0 0 1
vt 0.987035215 0.115011394
v 1440 -116 160
vn 0 0 1
vt 0.987035215 0.118264794
v 1536 -116 160
vn 0 0 1
vt 0.997709453 0.118264794
v 1536 -148 160
vn 0 0 1
vt 0.997709453 0.10958904
v 1440 -148 160
vn 0 0 1
vt 0.987035215 0.10958904
f 437/437/437 436/436/436 435/435/435 434/434/434 433/433/433
v 1408 -148 288
vn 0 0 1
vt 0.265166342 0.200532734
v 1440 -148 288
vn 0 0 1
vt 0.261252433 0.200532734
v 1440 -128 288
vn 0 0 1
vt 0.261252433 0.219558597
v 1408 -128 288
vn 0 0 1
vt 0.265166342 0.219558597
f 441/441/441 440/440/440 439/439/439 438/438/438
v 1440 -116 339.200012
vn 0 0 1
vt 0.226027399 0.0596202016
v 1440 -148 339.200012
vn 0 0 1
vt 0.226027399 0.0533934832
v 1568 -148 339.200012
vn 0 0 1
vt 0.210371822 0.0533934832
f 444/444/444 443/443/443 442/442/442
v 1600 12 339.200012
vn 0 0 1
vt 0.159491196 0.408727705
v 1440 12 339.200012
vn 0 0 1
vt 0.179060668 0.408727705
v 1440 -116 339.200012
vn 0 0 1
vt 0.179060668 0.38382113
v 1568 -148 339.200012
vn 0 0 1
vt 0.163405091 0.377594411
v 1600 -148 339.200012
vn 0 0 1
vt 0.159491196 0.377594411
f 449/449/449 448/448/448 447/447/447 446/446/446 445/445/445
v 1440 789.599976 384
vn 1 0 0
vt 0.0611390322 0.185121775
v 1440 965.599976 384
vn 1 0 0
vt 0.0824372545 0.185121775
v 1440 965.599976 339.200012
vn 1 0 0
vt 0.0824372545 0.174467266
v 1440 739.200012 339.200012
vn 1 0 0
vt 0.0550400056 0.174467266
v 1440 739.200012 384
vn 1 0 0
vt 0.0550400056 0.185121775
f 454/454/454 453/453/453 452/452/452 451/451/451 450/450/450
v 1440 563.200012 384
vn 1 0 0
vt 0.0924501941 0.185121775
v 1440 739.200012 384
vn 1 0 0
vt 0.113748416 0.185121775
v 1440 739.200012 339.200012
vn 1 0 0
vt 0.113748416 0.174467266
v 1440 512.799988 339.200012
vn 1 0 0
vt 0.0863511562 0.174467266
v 1440 512.799988 384
vn 1 0 0
vt 0.0863511562 0.185121775
f 459/459/459 458/458/458 457/457/457 456/456/456 455/455/455
v 1440 336.799988 384
vn 1 0 0
vt 0.123761348 0.185121775
v 1440 512.799988 384
vn 1 0 0
vt 0.145059571 0.185121775
v 1440 512.799988 339.200012
vn 1 0 0
vt 0.145059571 0.174467266
v 1440 286.399994 339.200012
vn 1 0 0
vt 0.117662311 0.174467266
v 1440 286.399994 384
vn 1 0 0
vt 0.117662311 0.185121775
f 464/464/464 463/463/463 462/462/462 461/461/461 460/460/460
v 1440 110.399994 384
vn 1 0 0
vt 0.15507251 0.185121775
v 1440 286.399994 384
vn 1 0 0
vt 0.176370725 0.185121775
v 1440 286.399994 339.200012
vn 1 0 0
vt 0.176370725 0.174467266
v 1440 60 339.200012
vn 1 0 0
vt 0.148973465 0.174467266
v 1440 60 352
vn 1 0 0
vt 0.148973465 0.177511394
v 1440 60 384
vn 1 0 0
vt 0.148973465 0.185121775
f 470/470/470 469/469/469 468/468/468 467/467/467 466/466/466 465/465/465
v 1440 965.599976 339.200012
vn 1 0 0
vt 0.180284619 0.174467266
v 1440 965.599976 384
vn 1 0 0
vt 0.180284619 0.185121775
v 1440 1004 384
vn 1 0 0
vt 0.184931502 0.185121775
v 1440 1004 339.200012
vn 1 0 0
vt 0.184931502 0.174467266
f 474/474/474 473/473/473 472/472/472 471/471/471
v 1440 44 384
vn 1 0 0
vt 0.00222317339 0.0937975645
v 1440 60 384
vn 1 0 0
vt 0.00415937603 0.0937975645
v 1440 60 352
vn 1 0 0
vt 0.00415937603 0.0861872435
v 1440 44 352
vn 1 0 0
vt 0.00222317339 0.0861872435
f 478/478/478 477/477/477 476/476/476 475/475/475
v 1440 44 352
vn 0 1 0
vt 0.0264187865 0.0876548886
v 1600 44 352
vn 0 1 0
vt 0.00684931502 0.0876548886
v 1600 44 384
vn 0 1 0
vt 0.00684931502 0.0941780806
v 1440 44 384
vn 0 1 0
vt 0.0264187865 0.0941780806
f 482/482/482 481/481/481 480/480/480 479/479/479
v 1408 -116 384
vn 1 0 0
vt 0.227984339 0.0582792163
v 1408 -148 384
vn 1 0 0
vt 0.231898233 0.0582792163
v 1408 -148 339.200012
vn 1 0 0
vt 0.231898233 0.0560361743
v 1408 -116 339.200012
vn 1 0 0
vt 0.227984339 0.0560361743
f 486/486/486 485/485/485 484/484/484 483/483/483
v 1408 66.4000168 384
vn 1 0 0
vt 0.263167888 0.0572679043
v 1408 66.4000168 339.200012
vn 1 0 0
vt 0.263167888 0.056735158
v 1408 292.800018 339.200012
vn 1 0 0
vt 0.235770643 0.056735158
v 1408 292.800018 384
vn 1 0 0
vt 0.235770643 0.0572679043
f 490/490/490 489/489/489 488/488/488 487/487/487
v 1408 292.800018 384
vn 1 0 0
vt 0.294479072 0.0572679043
v 1408 292.800018 339.200012
vn 1 0 0
vt 0.294479072 0.056735158
v 1408 519.200012 339.200012
vn 1 0 0
vt 0.267081797 0.056735158
v 1408 519.200012 384
vn 1 0 0
vt 0.267081797 0.0572679043
f 494/494/494 493/493/493 492/492/492 491/491/491
v 1408 519.200012 384
vn 1 0 0
vt 0.325790226 0.0572679043
v 1408 519.200012 339.200012
vn 1 0 0
vt 0.325790226 0.056735158
v 1408 745.599976 339.200012
vn 1 0 0
vt 0.298392951 0.056735158
v 1408 745.599976 384
vn 1 0 0
vt 0.298392951 0.0572679043
f 498/498/498 497/497/497 496/496/496 495/495/495
v 1408 745.599976 384
vn 1 0 0
vt 0.357101381 0.0572679043
v 1408 745.599976 339.200012
vn 1 0 0
vt 0.357101381 0.056735158
v 1408 972 339.200012
vn 1 0 0
vt 0.329704106 0.056735158
v 1408 972 384
vn 1 0 0
vt 0.329704106 0.0572679043
f 502/502/502 501/501/501 500/500/500 499/499/499
v 1408 -116 384
vn 1 0 0
vt 0.383087963 0.0572679043
v 1408 -116 339.200012
vn 1 0 0
vt 0.383087963 0.056735158
v 1408 66.4000168 339.200012
vn 1 0 0
vt 0.36101526 0.056735158
v 1408 66.4000168 384
vn 1 0 0
vt 0.36101526 0.0572679043
f 506/506/506 505/505/505 504/504/504 503/503/503
v 1344 105.72583 384
vn 1 0 0
vt 0.388175845 0.0589016676
v 1344 238.27417 384
vn 1 0 0
vt 0.404387742 0.0589016676
v 1344 238.27417 339.200012
vn 1 0 0
vt 0.404387742 0.0533427596
v 1344 105.72583 339.200012
vn 1 0 0
vt 0.388175845 0.0533427596
f 510/510/510 509/509/509 508/508/508 507/507/507
v 1408 972 339.200012
vn 0 1 0
vt 0.415851265 0.0570142269
v 1344 972 339.200012
vn 0 1 0
vt 0.408023477 0.0570142269
v 1344 972 384
vn 0 1 0
vt 0.408023477 0.0587899685
v 1408 972 384
vn 0 1 0
vt 0.415851265 0.0587899685
f 514/514/514 513/513/513 512/512/512 511/511/511
v 1344 972 384
vn 0 1 0
vt 0.419765174 0.0587899685
v 1344 972 339.200012
vn 0 1 0
vt 0.419765174 0.0570142269
v 1328 972 339.200012
vn 0 1 0
vt 0.417808205 0.0570142269
v 1328 972 384
vn 0 1 0
vt 0.417808205 0.0587899685
f 518/518/518 517/517/517 516/516/516 515/515/515
v 1328 258.27417 348.799988
vn 0.780868828 0.624695063 0
vt 0.425967813 0.0545339584
v 1328 258.27417 339.200012
vn 0.780868828 0.624695063 0
vt 0.425967813 0.0533427596
v 1344 238.27417 339.200012
vn 0.780868828 0.624695063 0
vt 0.422835171 0.0533427596
v 1344 238.27417 384
vn 0.780868828 0.624695063 0
vt 0.422835171 0.0589016676
v 1328 258.27417 384
vn 0.780868828 0.624695063 0
vt 0.425967813 0.0589016676
f 523/523/523 522/522/522 521/521/521 520/520/520 519/519/519
v 1328 85.7258301 348.799988
vn 0.780868828 -0.624695063 0
vt 0.43042627 0.0545339584
v 1328 85.7258301 384
vn 0.780868828 -0.624695063 0
vt 0.43042627 0.0589016676
v 1344 105.72583 384
vn 0.780868828 -0.624695063 0
vt 0.433558941 0.0589016676
v 1344 105.72583 339.200012
vn 0.780868828 -0.624695063 0
vt 0.433558941 0.0533427596
v 1328 85.7258301 339.200012
vn 0.780868828 -0.624695063 0
vt 0.43042627 0.0533427596
f 528/528/528 527/527/527 526/526/526 525/525/525 524/524/524
v 1440 739.200012 288
vn 1 0 0
vt 0.0295996927 0.0846651793
v 1440 739.200012 339.200012
vn 1 0 0
vt 0.0295996927 0.0968416929
v 1440 965.599976 339.200012
vn 1 0 0
vt 0.0569969453 0.0968416929
v 1440 965.599976 288
vn 1 0 0
vt 0.0569969453 0.0846651793
f 532/532/532 531/531/531 530/530/530 529/529/529
v 1440 512.799988 288
vn 1 0 0
vt 0.0609108433 0.0846651793
v 1440 512.799988 339.200012
vn 1 0 0
vt 0.0609108433 0.0968416929
v 1440 739.200012 339.200012
vn 1 0 0
vt 0.0883081034 0.0968416929
v 1440 739.200012 288
vn 1 0 0
vt 0.0883081034 0.0846651793
f 536/536/536 535/535/535 534/534/534 533/533/533
v 1440 286.399994 288
vn 1 0 0
vt 0.0922219977 0.0846651793
v 1440 286.399994 339.200012
vn 1 0 0
vt 0.0922219977 0.0968416929
v 1440 512.799988 339.200012
vn 1 0 0
vt 0.119619258 0.0968416929
v 1440 512.799988 288
vn 1 0 0
vt 0.119619258 0.0846651793
f 540/540/540 539/539/539 538/538/538 537/537/537
v 1440 60 288
vn 1 0 0
vt 0.123533152 0.0846651793
v 1440 60 339.200012
vn 1 0 0
vt 0.123533152 0.0968416929
v 1440 286.399994 339.200012
vn 1 0 0
vt 0.15093042 0.0968416929
v 1440 286.399994 288
vn 1 0 0
vt 0.15093042 0.0846651793
f 544/544/544 543/543/543 542/542/542 541/541/541
v 1440 965.599976 288
vn 1 0 0
vt 0.154844314 0.0846651793
v 1440 965.599976 339.200012
vn 1 0 0
vt 0.154844314 0.0968416929
v 1440 1004 339.200012
vn 1 0 0
vt 0.159491196 0.0968416929
v 1440 1004 288
vn 1 0 0
vt 0.159491196 0.0846651793
f 548/548/548 547/547/547 546/546/546 545/545/545
v 1440 -128 288
vn 1 0 0
vt 0.163894325 0.0868781805
v 1440 -148 288
vn 1 0 0
vt 0.161448136 0.0868781805
v 1440 -148 339.200012
vn 1 0 0
vt 0.161448136 0.0945686102
v 1440 -116 339.200012
vn 1 0 0
vt 0.16536203 0.0945686102
v 1440 -116 288
vn 1 0 0
vt 0.16536203 0.0868781805
f 553/553/553 552/552/552 551/551/551 550/550/550 549/549/549
v 1440 -116 288
vn 1 0 0
vt 0.168771133 0.0846651793
v 1440 -116 339.200012
vn 1 0 0
vt 0.168771133 0.0968416929
v 1440 12 339.200012
vn 1 0 0
vt 0.184260741 0.0968416929
v 1440 12 288
vn 1 0 0
vt 0.184260741 0.0846651793
f 557/557/557 556/556/556 555/555/555 554/554/554
v 1536 12 288
vn 0 1 0
vt 0.198630139 0.175350666
v 1440 12 288
vn 0 1 0
vt 0.186888456 0.175350666
v 1440 12 339.200012
vn 0 1 0
vt 0.186888456 0.185787678
v 1600 12 339.200012
vn 0 1 0
vt 0.206457928 0.185787678
v 1600 12 288
vn 0 1 0
vt 0.206457928 0.175350666
f 562/562/562 561/561/561 560/560/560 559/559/559 558/558/558
v 1408 -128 288
vn 1 0 0
vt 0.227495104 0.0169430375
v 1408 -116 288
vn 1 0 0
vt 0.226027399 0.0169430375
v 1408 -116 339.200012
vn 1 0 0
vt 0.226027399 0.0195065141
v 1408 -148 339.200012
vn 1 0 0
vt 0.229941294 0.0195065141
v 1408 -148 288
vn 1 0 0
vt 0.229941294 0.0169430375
f 567/567/567 566/566/566 565/565/565 564/564/564 563/563/563
v 1408 66.4000168 339.200012
vn 1 0 0
vt 0.261210948 0.0202054977
v 1408 66.4000168 288
vn 1 0 0
vt 0.261210948 0.0195966959
v 1408 292.800018 288
vn 1 0 0
vt 0.233813688 0.0195966959
v 1408 292.800018 339.200012
vn 1 0 0
vt 0.233813688 0.0202054977
f 571/571/571 570/570/570 569/569/569 568/568/568
v 1408 292.800018 339.200012
vn 1 0 0
vt 0.292522132 0.0202054977
v 1408 292.800018 288
vn 1 0 0
vt 0.292522132 0.0195966959
v 1408 519.200012 288
vn 1 0 0
vt 0.265124857 0.0195966959
v 1408 519.200012 339.200012
vn 1 0 0
vt 0.265124857 0.0202054977
f 575/575/575 574/574/574 573/573/573 572/572/572
v 1408 519.200012 339.200012
vn 1 0 0
vt 0.323833287 0.0202054977
v 1408 519.200012 288
vn 1 0 0
vt 0.323833287 0.0195966959
v 1408 745.599976 288
vn 1 0 0
vt 0.296436012 0.0195966959
v 1408 745.599976 339.200012
vn 1 0 0
vt 0.296436012 0.0202054977
f 579/579/579 578/578/578 577/577/577 576/576/576
v 1408 745.599976 339.200012
vn 1 0 0
vt 0.355144441 0.0202054977
v 1408 745.599976 288
vn 1 0 0
vt 0.355144441 0.0195966959
v 1408 972 288
vn 1 0 0
vt 0.327747166 0.0195966959
v 1408 972 339.200012
vn 1 0 0
vt 0.327747166 0.0202054977
f 583/583/583 582/582/582 581/581/581 580/580/580
v 1408 -116 339.200012
vn 1 0 0
vt 0.381131023 0.0202054977
v 1408 -116 288
vn 1 0 0
vt 0.381131023 0.0195966959
v 1408 66.4000168 288
vn 1 0 0
vt 0.359058321 0.0195966959
v 1408 66.4000168 339.200012
vn 1 0 0
vt 0.359058321 0.0202054977
f 587/587/587 586/586/586 585/585/585 584/584/584
v 1344 105.72583 339.200012
vn 1 0 0
vt 0.188567251 0.0944386721
v 1344 238.27417 339.200012
vn 1 0 0
vt 0.204779133 0.0944386721
v 1344 238.27417 288
vn 1 0 0
vt 0.204779133 0.0880856514
v 1344 105.72583 288
vn 1 0 0
vt 0.188567251 0.0880856514
f 591/591/591 590/590/590 589/589/589 588/588/588
v 1408 972 288
vn 0 1 0
vt 0.392367899 0.0184551477
v 1344 972 288
vn 0 1 0
vt 0.384540111 0.0184551477
v 1344 972 339.200012
vn 0 1 0
vt 0.384540111 0.0204845667
v 1408 972 339.200012
vn 0 1 0
vt 0.392367899 0.0204845667
f 595/595/595 594/594/594 593/593/593 592/592/592
v 1344 972 339.200012
vn 0 1 0
vt 0.396281809 0.0204845667
v 1344 972 288
vn 0 1 0
vt 0.396281809 0.0184551477
v 1328 972 288
vn 0 1 0
vt 0.394324839 0.0184551477
v 1328 972 339.200012
vn 0 1 0
vt 0.394324839 0.0204845667
f 599/599/599 598/598/598 597/597/597 596/596/596
v 1344 238.27417 288
vn 0.780868828 0.624695063 0
vt 0.209527925 0.0880856514
v 1344 238.27417 339.200012
vn 0.780868828 0.624695063 0
vt 0.209527925 0.0944386721
v 1328 258.27417 339.200012
vn 0.780868828 0.624695063 0
vt 0.212660581 0.0944386721
v 1328 258.27417 288
vn 0.780868828 0.624695063 0
vt 0.212660581 0.0880856514
f 603/603/603 602/602/602 601/601/601 600/600/600
v 1344 105.72583 288
vn 0.780868828 -0.624695063 0
vt 0.220251679 0.0880856514
v 1328 85.7258301 288
vn 0.780868828 -0.624695063 0
vt 0.217119038 0.0880856514
v 1328 85.7258301 339.200012
vn 0.780868828 -0.624695063 0
vt 0.217119038 0.0944386721
v 1344 105.72583 339.200012
vn 0.780868828 -0.624695063 0
vt 0.220251679 0.0944386721
f 607/607/607 606/606/606 605/605/605 604/604/604
v 1440 12 288
vn 1 0 0
vt 0.237098321 0.0937975645
v 1440 12 256
vn 1 0 0
vt 0.237098321 0.0861872435
v 1440 -84 256
vn 1 0 0
vt 0.225481108 0.0861872435
f 610/610/610 609/609/609 608/608/608
v 1440 -116 288
vn 1 0 0
vt 0.243135124 0.0937975645
v 1440 12 288
vn 1 0 0
vt 0.258624732 0.0937975645
v 1440 -84 256
vn 1 0 0
vt 0.247007534 0.0861872435
v 1440 -106.400002 256
vn 1 0 0
vt 0.244296834 0.0861872435
v 1440 -116 256
vn 1 0 0
vt 0.243135124 0.0861872435
v 1440 -128 256
vn 1 0 0
vt 0.241682976 0.0861872435
v 1440 -128 288
vn 1 0 0
vt 0.241682976 0.0937975645
f 617/617/617 616/616/616 615/615/615 614/614/614 613/613/613 612/612/612 611/611/611
v 1440 739.200012 160
vn 1 0 0
vt 0.182241574 0.378424644
v 1440 739.200012 288
vn 1 0 0
vt 0.182241574 0.408866107
v 1440 965.599976 288
vn 1 0 0
vt 0.209638834 0.408866107
v 1440 965.599976 160
vn 1 0 0
vt 0.209638834 0.378424644
f 621/621/621 620/620/620 619/619/619 618/618/618
v 1440 512.799988 160
vn 1 0 0
vt 0.213552728 0.378424644
v 1440 512.799988 288
vn 1 0 0
vt 0.213552728 0.408866107
v 1440 739.200012 288
vn 1 0 0
vt 0.240949988 0.408866107
v 1440 739.200012 160
vn 1 0 0
vt 0.240949988 0.378424644
f 625/625/625 624/624/624 623/623/623 622/622/622
v 1440 286.399994 160
vn 1 0 0
vt 0.244863883 0.378424644
v 1440 286.399994 288
vn 1 0 0
vt 0.244863883 0.408866107
v 1440 512.799988 288
vn 1 0 0
vt 0.272261143 0.408866107
v 1440 512.799988 160
vn 1 0 0
vt 0.272261143 0.378424644
f 629/629/629 628/628/628 627/627/627 626/626/626
v 1440 60 160
vn 1 0 0
vt 0.276175022 0.378424644
v 1440 60 288
vn 1 0 0
vt 0.276175022 0.408866107
v 1440 286.399994 288
vn 1 0 0
vt 0.303572297 0.408866107
v 1440 286.399994 160
vn 1 0 0
vt 0.303572297 0.378424644
f 633/633/633 632/632/632 631/631/631 630/630/630
v 1440 965.599976 160
vn 1 0 0
vt 0.307486176 0.378424644
v 1440 965.599976 288
vn 1 0 0
vt 0.307486176 0.408866107
v 1440 1004 288
vn 1 0 0
vt 0.312133074 0.408866107
v 1440 1004 160
vn 1 0 0
vt 0.312133074 0.378424644
f 637/637/637 636/636/636 635/635/635 634/634/634
v 1440 -84 188.800003
vn 1 0 0
vt 0.679492891 0.271118701
v 1440 -84 256
vn 1 0 0
vt 0.679492891 0.287100434
v 1440 12 256
vn 1 0 0
vt 0.691110075 0.287100434
v 1440 12 160
vn 1 0 0
vt 0.691110075 0.264269412
v 1440 -84 160
vn 1 0 0
vt 0.679492891 0.264269412
f 642/642/642 641/641/641 640/640/640 639/639/639 638/638/638
v 1440 -116 188.800003
vn 1 0 0
vt 0.697146833 0.271118701
v 1440 -116 160
vn 1 0 0
vt 0.697146833 0.264269412
v 1440 -128 160
vn 1 0 0
vt 0.695694745 0.264269412
v 1440 -128 256
vn 1 0 0
vt 0.695694745 0.287100434
v 1440 -116 256
vn 1 0 0
vt 0.697146833 0.287100434
f 647/647/647 646/646/646 645/645/645 644/644/644 643/643/643
v 1536 -106.400002 256
vn 1 0 0
vt 0.328962833 0.994863033
v 1536 -84 256
vn 1 0 0
vt 0.33170253 0.994863033
v 1536 -84 188.800003
vn 1 0 0
vt 0.33170253 0.930936098
v 1536 -116 188.800003
vn 1 0 0
vt 0.327788651 0.930936098
v 1536 -116 256
vn 1 0 0
vt 0.327788651 0.994863033
f 652/652/652 651/651/651 650/650/650 649/649/649 648/648/648
v 1536 -116 160
vn 1 0 0
vt 0.251467705 0.337328792
v 1536 -116 188.800003
vn 1 0 0
vt 0.251467705 0.364726007
v 1536 -84 188.800003
vn 1 0 0
vt 0.255381614 0.364726007
v 1536 -84 160
vn 1 0 0
vt 0.255381614 0.337328792
f 656/656/656 655/655/655 654/654/654 653/653/653
v 1600 12 288
vn 0 1 0
vt 0.44520548 0.0611954331
v 1600 12 256
vn 0 1 0
vt 0.44520548 0.0546722412
v 1536 12 288
vn 0 1 0
vt 0.437377691 0.0611954331
f 659/659/659 658/658/658 657/657/657
v 1600 12 188.800003
vn 0 1 0
vt 0.454990208 0.0592384338
v 1600 12 160
vn 0 1 0
vt 0.454990208 0.0533675551
v 1536 12 160
vn 0 1 0
vt 0.44716242 0.0533675551
f 662/662/662 661/661/661 660/660/660
v 1536 12 256
vn 0 1 0
vt 0.699608624 0.282982767
v 1536 12 288
vn 0 1 0
vt 0.699608624 0.289505899
v 1600 12 256
vn 0 1 0
vt 0.707436383 0.282982767
v 1600 12 188.800003
vn 0 1 0
vt 0.707436383 0.269284129
v 1536 12 160
vn 0 1 0
vt 0.699608624 0.26341325
f 667/667/667 666/666/666 665/665/665 664/664/664 663/663/663
v 1440 -84 256
vn 0 0 1
vt 0.3336595 0.996575356
v 1536 -84 256
vn 0 0 1
vt 0.345401168 0.996575356
v 1536 -106.400002 256
vn 0 0 1
vt 0.345401168 0.93264842
v 1440 -106.400002 256
vn 0 0 1
vt 0.3336595 0.93264842
f 671/671/671 670/670/670 669/669/669 668/668/668
v 1440 -106.400002 256
vn 0 0 1
vt 0.257338554 0.366438329
v 1536 -106.400002 256
vn 0 0 1
vt 0.269080222 0.366438329
v 1536 -116 256
vn 0 0 1
vt 0.269080222 0.339041114
v 1440 -116 256
vn 0 0 1
vt 0.257338554 0.339041114
f 675/675/675 674/674/674 673/673/673 672/672/672
v 1536 12 256
vn 0 1 0
vt 0.468688846 0.0546722412
v 1440 12 256
vn 0 1 0
vt 0.456947148 0.0546722412
v 1440 12 288
vn 0 1 0
vt 0.456947148 0.0611954331
v 1536 12 288
vn 0 1 0
vt 0.468688846 0.0611954331
f 679/679/679 678/678/678 677/677/677 676/676/676
v 1440 12 256
vn 0 1 0
vt 0.267123282 0.219055831
v 1536 12 256
vn 0 1 0
vt 0.27886498 0.219055831
v 1536 12 160
vn 0 1 0
vt 0.27886498 0.199486315
v 1440 12 160
vn 0 1 0
vt 0.267123282 0.199486315
f 683/683/683 682/682/682 681/681/681 680/680/680
v 1440 -116 256
vn 0 1 0
vt 0.347358108 0.994863033
v 1536 -116 256
vn 0 1 0
vt 0.359099805 0.994863033
v 1536 -116 188.800003
vn 0 1 0
vt 0.359099805 0.930936098
v 1440 -116 188.800003
vn 0 1 0
vt 0.347358108 0.930936098
f 687/687/687 686/686/686 685/685/685 684/684/684
v 1440 -116 188.800003
vn 0 1 0
vt 0.271037191 0.364726007
v 1536 -116 188.800003
vn 0 1 0
vt 0.282778859 0.364726007
v 1536 -116 160
vn 0 1 0
vt 0.282778859 0.337328792
v 1440 -116 160
vn 0 1 0
vt 0.271037191 0.337328792
f 691/691/691 690/690/690 689/689/689 688/688/688
v 1536 -84 256
vn 0 1 0
vt 0.361056745 0.994863033
v 1440 -84 256
vn 0 1 0
vt 0.372798443 0.994863033
v 1440 -84 188.800003
vn 0 1 0
vt 0.372798443 0.930936098
v 1536 -84 188.800003
vn 0 1 0
vt 0.361056745 0.930936098
f 695/695/695 694/694/694 693/693/693 692/692/692
v 1536 -84 188.800003
vn 0 1 0
vt 0.284735799 0.364726007
v 1440 -84 188.800003
vn 0 1 0
vt 0.296477497 0.364726007
v 1440 -84 160
vn 0 1 0
vt 0.296477497 0.337328792
v 1536 -84 160
vn 0 1 0
vt 0.284735799 0.337328792
f 699/699/699 698/698/698 697/697/697 696/696/696
v 1408 66.4000168 288
vn 1 0 0
vt 0.427551448 0.0195966959
v 1408 66.4000168 160
vn 1 0 0
vt 0.427551448 0.0180745721
v 1408 292.800018 160
vn 1 0 0
vt 0.400154203 0.0180745721
v 1408 292.800018 288
vn 1 0 0
vt 0.400154203 0.0195966959
f 703/703/703 702/702/702 701/701/701 700/700/700
v 1408 292.800018 288
vn 1 0 0
vt 0.458862633 0.0195966959
v 1408 292.800018 160
vn 1 0 0
vt 0.458862633 0.0180745721
v 1408 519.200012 160
vn 1 0 0
vt 0.431465387 0.0180745721
v 1408 519.200012 288
vn 1 0 0
vt 0.431465387 0.0195966959
f 707/707/707 706/706/706 705/705/705 704/704/704
v 1408 519.200012 288
vn 1 0 0
vt 0.490173787 0.0195966959
v 1408 519.200012 160
vn 1 0 0
vt 0.490173787 0.0180745721
v 1408 745.599976 160
vn 1 0 0
vt 0.462776542 0.0180745721
v 1408 745.599976 288
vn 1 0 0
vt 0.462776542 0.0195966959
f 711/711/711 710/710/710 709/709/709 708/708/708
v 1408 745.599976 288
vn 1 0 0
vt 0.521484911 0.0195966959
v 1408 745.599976 160
vn 1 0 0
vt 0.521484911 0.0180745721
v 1408 972 160
vn 1 0 0
vt 0.494087696 0.0180745721
v 1408 972 288
vn 1 0 0
vt 0.494087696 0.0195966959
f 715/715/715 714/714/714 713/713/713 712/712/712
v 1408 -116 288
vn 1 0 0
vt 0.547471583 0.0195966959
v 1408 -128 288
vn 1 0 0
vt 0.548923671 0.0195966959
v 1408 -128 160
vn 1 0 0
vt 0.548923671 0.0180745721
v 1408 66.4000168 160
vn 1 0 0
vt 0.525398791 0.0180745721
v 1408 66.4000168 288
vn 1 0 0
vt 0.525398791 0.0195966959
f 720/720/720 719/719/719 718/718/718 717/717/717 716/716/716
v 1440 -128 256
vn 0 1 0
vt 0.212328762 0.183599651
v 1440 -128 160
vn 0 1 0
vt 0.212328762 0.172184169
v 1408 -128 160
vn 0 1 0
vt 0.208414868 0.172184169
v 1408 -128 288
vn 0 1 0
vt 0.208414868 0.187404871
v 1440 -128 288
vn 0 1 0
vt 0.212328762 0.187404871
f 725/725/725 724/724/724 723/723/723 722/722/722 721/721/721
v 1344 105.72583 288
vn 1 0 0
vt 0.215964511 0.188542247
v 1344 238.27417 288
vn 1 0 0
vt 0.232176393 0.188542247
v 1344 238.27417 160
vn 1 0 0
vt 0.232176393 0.172659814
v 1344 105.72583 160
vn 1 0 0
vt 0.215964511 0.172659814
f 729/729/729 728/728/728 727/727/727 726/726/726
v 1408 972 160
vn 0 1 0
vt 0.478473574 0.0544774532
v 1344 972 160
vn 0 1 0
vt 0.470645785 0.0544774532
v 1344 972 288
vn 0 1 0
vt 0.470645785 0.0595510006
v 1408 972 288
vn 0 1 0
vt 0.478473574 0.0595510006
f 733/733/733 732/732/732 731/731/731 730/730/730
v 1344 972 288
vn 0 1 0
vt 0.482387483 0.0595510006
v 1344 972 160
vn 0 1 0
vt 0.482387483 0.0544774532
v 1328 972 160
vn 0 1 0
vt 0.480430514 0.0544774532
v 1328 972 288
vn 0 1 0
vt 0.480430514 0.0595510006
f 737/737/737 736/736/736 735/735/735 734/734/734
v 1344 238.27417 160
vn 0.780868828 0.624695063 0
vt 0.236925185 0.172659814
v 1344 238.27417 288
vn 0.780868828 0.624695063 0
vt 0.236925185 0.188542247
v 1328 258.27417 288
vn 0.780868828 0.624695063 0
vt 0.240057841 0.188542247
v 1328 258.27417 160
vn 0.780868828 0.624695063 0
vt 0.240057841 0.172659814
f 741/741/741 740/740/740 739/739/739 738/738/738
v 1344 105.72583 160
vn 0.780868828 -0.624695063 0
vt 0.247648939 0.172659814
v 1328 85.7258301 160
vn 0.780868828 -0.624695063 0
vt 0.244516298 0.172659814
v 1328 85.7258301 288
vn 0.780868828 -0.624695063 0
vt 0.244516298 0.188542247
v 1344 105.72583 288
vn 0.780868828 -0.624695063 0
vt 0.247648939 0.188542247
f 745/745/745 744/744/744 743/743/743 742/742/742
v 1440 818.399963 128
vn 1 0 0
vt 0.272060603 0.0877092481
v 1440 739.200012 128
vn 1 0 0
vt 0.262476414 0.0877092481
v 1440 739.200012 160
vn 1 0 0
vt 0.262476414 0.0953196287
v 1440 965.599976 160
vn 1 0 0
vt 0.28987366 0.0953196287
v 1440 965.599976 128
vn 1 0 0
vt 0.28987366 0.0877092481
f 750/750/750 749/749/749 748/748/748 747/747/747 746/746/746
v 1440 616.799988 128
vn 1 0 0
vt 0.306372851 0.0877092481
v 1440 512.799988 128
vn 1 0 0
vt 0.293787569 0.0877092481
v 1440 512.799988 160
vn 1 0 0
vt 0.293787569 0.0953196287
v 1440 739.200012 160
vn 1 0 0
vt 0.321184814 0.0953196287
v 1440 739.200012 128
vn 1 0 0
vt 0.321184814 0.0877092481
f 755/755/755 754/754/754 753/753/753 752/752/752 751/751/751
v 1440 415.199982 128
vn 1 0 0
vt 0.340685129 0.0877092481
v 1440 286.399994 128
vn 1 0 0
vt 0.325098723 0.0877092481
v 1440 286.399994 160
vn 1 0 0
vt 0.325098723 0.0953196287
v 1440 512.799988 160
vn 1 0 0
vt 0.352495968 0.0953196287
v 1440 512.799988 128
vn 1 0 0
vt 0.352495968 0.0877092481
f 760/760/760 759/759/759 758/758/758 757/757/757 756/756/756
v 1440 213.599991 128
vn 1 0 0
vt 0.374997407 0.0877092481
v 1440 60 128
vn 1 0 0
vt 0.356409878 0.0877092481
v 1440 60 160
vn 1 0 0
vt 0.356409878 0.0953196287
v 1440 286.399994 160
vn 1 0 0
vt 0.383807123 0.0953196287
v 1440 286.399994 128
vn 1 0 0
vt 0.383807123 0.0877092481
f 765/765/765 764/764/764 763/763/763 762/762/762 761/761/761
v 1440 1004 160
vn 1 0 0
vt 0.392367899 0.0953196287
v 1440 1004 128
vn 1 0 0
vt 0.392367899 0.0877092481
v 1440 965.599976 128
vn 1 0 0
vt 0.387721032 0.0877092481
v 1440 965.599976 160
vn 1 0 0
vt 0.387721032 0.0953196287
f 769/769/769 768/768/768 767/767/767 766/766/766
v 1440 658.399963 122.947365
vn 1 0 0
vt 0.49137038 0.0553151965
v 1440 616.799988 122.947365
vn 1 0 0
vt 0.485716999 0.0553151965
v 1440 616.799988 128
vn 1 0 0
vt 0.485716999 0.0601217747
f 772/772/772 771/771/771 770/770/770
v 1440 739.200012 128
vn 1 0 0
vt 0.512135804 0.0601217747
v 1440 818.399963 128
vn 1 0 0
vt 0.522898972 0.0601217747
v 1440 818.399963 122.947365
vn 1 0 0
vt 0.522898972 0.0553151965
v 1440 658.399963 122.947365
vn 1 0 0
vt 0.501155138 0.0553151965
v 1440 616.799988 128
vn 1 0 0
vt 0.495501727 0.0601217747
f 777/777/777 776/776/776 775/775/775 774/774/774 773/773/773
v 1440 456.799957 122.947365
vn 1 0 0
vt 0.532466292 0.0553151965
v 1440 415.199982 122.947365
vn 1 0 0
vt 0.526812911 0.0553151965
v 1440 415.199982 128
vn 1 0 0
vt 0.526812911 0.0601217747
f 780/780/780 779/779/779 778/778/778
v 1440 512.799988 128
vn 1 0 0
vt 0.549861372 0.0601217747
v 1440 616.799988 128
vn 1 0 0
vt 0.563994884 0.0601217747
v 1440 616.799988 122.947365
vn 1 0 0
vt 0.563994884 0.0553151965
v 1440 456.799957 122.947365
vn 1 0 0
vt 0.542250991 0.0553151965
v 1440 415.199982 128
vn 1 0 0
vt 0.53659761 0.0601217747
f 785/785/785 784/784/784 783/783/783 782/782/782 781/781/781
v 1440 255.199982 122.947365
vn 1 0 0
vt 0.573562145 0.0553151965
v 1440 213.599991 122.947365
vn 1 0 0
vt 0.567908764 0.0553151965
v 1440 213.599991 128
vn 1 0 0
vt 0.567908764 0.0601217747
f 788/788/788 787/787/787 786/786/786
v 1440 286.399994 128
vn 1 0 0
vt 0.587586999 0.0601217747
v 1440 415.199982 128
vn 1 0 0
vt 0.605090797 0.0601217747
v 1440 415.199982 122.947365
vn 1 0 0
vt 0.605090797 0.0553151965
v 1440 255.199982 122.947365
vn 1 0 0
vt 0.583346903 0.0553151965
v 1440 213.599991 128
vn 1 0 0
vt 0.577693522 0.0601217747
f 793/793/793 792/792/792 791/791/791 790/790/790 789/789/789
v 1440 53.5999908 122.947365
vn 1 0 0
vt 0.614658058 0.0553151965
v 1440 12 122.947365
vn 1 0 0
vt 0.609004676 0.0553151965
v 1440 12 128
vn 1 0 0
vt 0.609004676 0.0601217747
f 796/796/796 795/795/795 794/794/794
v 1440 60 128
vn 1 0 0
vt 0.625312567 0.0601217747
v 1440 213.599991 128
vn 1 0 0
vt 0.64618665 0.0601217747
v 1440 213.599991 122.947365
vn 1 0 0
vt 0.64618665 0.0553151965
v 1440 53.5999908 122.947365
vn 1 0 0
vt 0.624442816 0.0553151965
v 1440 12 128
vn 1 0 0
vt 0.618789375 0.0601217747
f 801/801/801 800/800/800 799/799/799 798/798/798 797/797/797
v 1440 859.999939 122.947365
vn 1 0 0
vt 0.65575397 0.0553151965
v 1440 818.399963 122.947365
vn 1 0 0
vt 0.650100529 0.0553151965
v 1440 818.399963 128
vn 1 0 0
vt 0.650100529 0.0601217747
f 804/804/804 803/803/803 802/802/802
v 1440 965.599976 128
vn 1 0 0
vt 0.679889679 0.0601217747
v 1440 1004 128
vn 1 0 0
vt 0.685108185 0.0601217747
v 1440 1004 122.947365
vn 1 0 0
vt 0.685108185 0.0553151965
v 1440 859.999939 122.947365
vn 1 0 0
vt 0.665538669 0.0553151965
v 1440 818.399963 128
vn 1 0 0
vt 0.659885287 0.0601217747
f 809/809/809 808/808/808 807/807/807 806/806/806 805/805/805
v 1440 818.399963 122.947365
vn 1 0 0
vt 0.710765898 0.288191915
v 1440 859.999939 122.947365
vn 1 0 0
vt 0.716419339 0.288191915
v 1440 859.999939 96
vn 1 0 0
vt 0.716419339 0.262557089
f 812/812/812 811/811/811 810/810/810
v 1440 701.599976 96
vn 1 0 0
vt 0.726204038 0.262557089
v 1440 658.399963 96
vn 1 0 0
vt 0.720333219 0.262557089
v 1440 658.399963 122.947365
vn 1 0 0
vt 0.720333219 0.288191915
v 1440 818.399963 122.947365
vn 1 0 0
vt 0.742077053 0.288191915
v 1440 859.999939 96
vn 1 0 0
vt 0.747730494 0.262557089
f 817/817/817 816/816/816 815/815/815 814/814/814 813/813/813
v 1440 616.799988 122.947365
vn 1 0 0
vt 0.773388207 0.288191915
v 1440 658.399963 122.947365
vn 1 0 0
vt 0.779041648 0.288191915
v 1440 658.399963 96
vn 1 0 0
vt 0.779041648 0.262557089
v 1440 456.799957 96
vn 1 0 0
vt 0.751644373 0.262557089
v 1440 456.799957 122.947365
vn 1 0 0
vt 0.751644373 0.288191915
f 822/822/822 821/821/821 820/820/820 819/819/819 818/818/818
v 1440 415.199982 122.947365
vn 1 0 0
vt 0.783172965 0.288191915
v 1440 456.799957 122.947365
vn 1 0 0
vt 0.788826346 0.288191915
v 1440 456.799957 96
vn 1 0 0
vt 0.788826346 0.262557089
f 825/825/825 824/824/824 823/823/823
v 1440 399.199982 96
vn 1 0 0
vt 0.812309742 0.262557089
v 1440 255.199982 96
vn 1 0 0
vt 0.792740285 0.262557089
v 1440 255.199982 122.947365
vn 1 0 0
vt 0.792740285 0.288191915
v 1440 415.199982 122.947365
vn 1 0 0
vt 0.814484119 0.288191915
v 1440 456.799957 96
vn 1 0 0
vt 0.820137501 0.262557089
f 830/830/830 829/829/829 828/828/828 827/827/827 826/826/826
v 1440 213.599991 122.947365
vn 1 0 0
vt 0.824268878 0.288191915
v 1440 255.199982 122.947365
vn 1 0 0
vt 0.829922259 0.288191915
v 1440 255.199982 96
vn 1 0 0
vt 0.829922259 0.262557089
f 833/833/833 832/832/832 831/831/831
v 1440 96.7999725 96
vn 1 0 0
vt 0.839707017 0.262557089
v 1440 53.5999908 96
vn 1 0 0
vt 0.833836138 0.262557089
v 1440 53.5999908 122.947365
vn 1 0 0
vt 0.833836138 0.288191915
v 1440 213.599991 122.947365
vn 1 0 0
vt 0.855580032 0.288191915
v 1440 255.199982 96
vn 1 0 0
vt 0.861233413 0.262557089
f 838/838/838 837/837/837 836/836/836 835/835/835 834/834/834
v 1440 12 122.947365
vn 1 0 0
vt 0.886891186 0.288191915
v 1440 53.5999908 122.947365
vn 1 0 0
vt 0.892544568 0.288191915
v 1440 53.5999908 96
vn 1 0 0
vt 0.892544568 0.262557089
v 1440 -148 96
vn 1 0 0
vt 0.865147293 0.262557089
v 1440 -148 122.947365
vn 1 0 0
vt 0.865147293 0.288191915
f 843/843/843 842/842/842 841/841/841 840/840/840 839/839/839
v 1440 1004 122.947365
vn 1 0 0
vt 0.916027904 0.288191915
v 1440 1004 96
vn 1 0 0
vt 0.916027904 0.262557089
v 1440 859.999939 96
vn 1 0 0
vt 0.896458447 0.262557089
v 1440 859.999939 122.947365
vn 1 0 0
vt 0.896458447 0.288191915
f 847/847/847 846/846/846 845/845/845 844/844/844
v 1440 -128 128
vn 1 0 0
vt 0.394936413 0.0888594389
v 1440 -128 160
vn 1 0 0
vt 0.394936413 0.0967465639
v 1440 -148 160
vn 1 0 0
vt 0.397260278 0.0967465639
v 1440 -148 128
vn 1 0 0
vt 0.397260278 0.0888594389
f 851/851/851 850/850/850 849/849/849 848/848/848
v 1545.59998 -148 122.947365
vn 0 0 1
vt 0.245841488 0.520547986
v 1600 -148 122.947365
vn 0 0 1
vt 0.239792734 0.520547986
v 1600 12 122.947365
vn 0 0 1
vt 0.239792734 0.563926935
v 1440 12 122.947365
vn 0 0 1
vt 0.257583171 0.563926935
v 1440 -148 122.947365
vn 0 0 1
vt 0.257583171 0.520547986
f 856/856/856 855/855/855 854/854/854 853/853/853 852/852/852
v 1440 12 122.947365
vn 0 1 0
vt 0.570694745 0.0191209912
v 1600 12 122.947365
vn 0 1 0
vt 0.552904308 0.0191209912
v 1600 12 128
vn 0 1 0
vt 0.552904308 0.0203663111
v 1440 12 128
vn 0 1 0
vt 0.570694745 0.0203663111
f 860/860/860 859/859/859 858/858/858 857/857/857
v 1440 96.7999725 96
vn 0 0 1
vt 0.315452904 0.378308356
v 1440 255.199982 96
vn 0 0 1
vt 0.315452904 0.411793888
v 1328 96.7999725 96
vn 0 0 1
vt 0.325237632 0.378308356
f 863/863/863 862/862/862 861/861/861
v 1328 332 96
vn 0 0 1
vt 0.385903001 0.980540752
v 1328 96.7999725 96
vn 0 0 1
vt 0.385903001 0.930819809
v 1440 255.199982 96
vn 0 0 1
vt 0.376118243 0.964305341
v 1440 399.199982 96
vn 0 0 1
vt 0.376118243 0.994746745
v 1328 399.199982 96
vn 0 0 1
vt 0.385903001 0.994746745
f 868/868/868 867/867/867 866/866/866 865/865/865 864/864/864
v 1440 399.199982 96
vn 0 0 1
vt 0.252830595 0.172828913
v 1440 456.799957 96
vn 0 0 1
vt 0.252830595 0.185005486
v 1328 399.199982 96
vn 0 0 1
vt 0.262615323 0.172828913
f 871/871/871 870/870/870 869/869/869
v 1328 701.599976 96
vn 0 0 1
vt 0.399601609 0.994746745
v 1328 399.199982 96
vn 0 0 1
vt 0.399601609 0.930819809
v 1440 456.799957 96
vn 0 0 1
vt 0.38981688 0.942996383
v 1440 658.399963 96
vn 0 0 1
vt 0.38981688 0.9856143
v 1440 701.599976 96
vn 0 0 1
vt 0.38981688 0.994746745
f 876/876/876 875/875/875 874/874/874 873/873/873 872/872/872
v 1440 859.999939 96
vn 0 0 1
vt 0.403515518 0.964305341
v 1440 1004 96
vn 0 0 1
vt 0.403515518 0.994746745
v 1328 1004 96
vn 0 0 1
vt 0.413300246 0.994746745
v 1328 701.599976 96
vn 0 0 1
vt 0.413300246 0.930819809
v 1440 701.599976 96
vn 0 0 1
vt 0.403515518 0.930819809
f 881/881/881 880/880/880 879/879/879 878/878/878 877/877/877
v 1440 53.5999908 96
vn 0 0 1
vt 0.401558578 0.0860709548
v 1440 96.7999725 96
vn 0 0 1
vt 0.401558578 0.0952033401
v 1328 96.7999725 96
vn 0 0 1
vt 0.411343306 0.0952033401
f 884/884/884 883/883/883 882/882/882
v 1328 29.5999908 96
vn 0 0 1
vt 0.50527674 0.615243912
v 1328 -148 96
vn 0 0 1
vt 0.50527674 0.577699542
v 1440 -148 96
vn 0 0 1
vt 0.495492041 0.577699542
v 1440 53.5999908 96
vn 0 0 1
vt 0.495492041 0.620317459
v 1328 96.7999725 96
vn 0 0 1
vt 0.50527674 0.629449964
f 889/889/889 888/888/888 887/887/887 886/886/886 885/885/885
v 1440 -148 128
vn 0 0 1
vt 0.578871906 0.0160557032
v 1408 -148 128
vn 0 0 1
vt 0.576076329 0.0160557032
v 1408 -128 128
vn 0 0 1
vt 0.576076329 0.0202836394
v 1440 -128 128
vn 0 0 1
vt 0.578871906 0.0202836394
f 893/893/893 892/892/892 891/891/891 890/890/890
v 1408 292.800018 128
vn 0 0 1
vt 0.304060668 0.351249397
v 1344 238.27417 128
vn 0 0 1
vt 0.298469365 0.339722633
v 1344 367.199982 128
vn 0 0 1
vt 0.298469365 0.366977453
v 1408 367.199982 128
vn 0 0 1
vt 0.304060668 0.366977453
f 897/897/897 896/896/896 895/895/895 894/894/894
v 1408 66.4000168 128
vn 0 0 1
vt 0.51345402 0.581927538
v 1408 64.7999725 128
vn 0 0 1
vt 0.51345402 0.581589341
v 1344 64.7999725 128
vn 0 0 1
vt 0.507862747 0.581589341
v 1344 105.72583 128
vn 0 0 1
vt 0.507862747 0.590240955
v 1344 238.27417 128
vn 0 0 1
vt 0.507862747 0.618261516
v 1408 292.800018 128
vn 0 0 1
vt 0.51345402 0.62978816
f 903/903/903 902/902/902 901/901/901 900/900/900 899/899/899 898/898/898
v 1408 519.200012 128
vn 0 0 1
vt 0.421477497 0.965320051
v 1408 367.199982 128
vn 0 0 1
vt 0.421477497 0.933187485
v 1344 367.199982 128
vn 0 0 1
vt 0.415886223 0.933187485
v 1344 669.599976 128
vn 0 0 1
vt 0.415886223 0.99711442
v 1408 669.599976 128
vn 0 0 1
vt 0.421477497 0.99711442
f 908/908/908 907/907/907 906/906/906 905/905/905 904/904/904
v 1408 745.599976 128
vn 0 0 1
vt 0.429305285 0.949253738
v 1408 669.599976 128
vn 0 0 1
vt 0.429305285 0.933187485
v 1344 669.599976 128
vn 0 0 1
vt 0.423714012 0.933187485
v 1344 972 128
vn 0 0 1
vt 0.423714012 0.99711442
v 1408 972 128
vn 0 0 1
vt 0.429305285 0.99711442
f 913/913/913 912/912/912 911/911/911 910/910/910 909/909/909
v 1408 -96 128
vn 0 0 1
vt 0.822651684 0.533897758
v 1344 -128 128
vn 0 0 1
vt 0.817060351 0.527132988
v 1344 64.7999725 128
vn 0 0 1
vt 0.817060351 0.567890644
v 1408 64.7999725 128
vn 0 0 1
vt 0.822651684 0.567890644
f 917/917/917 916/916/916 915/915/915 914/914/914
v 1408 -128 128
vn 0 0 1
vt 0.415606648 0.0887768269
v 1408 -148 128
vn 0 0 1
vt 0.415606648 0.0845488906
v 1401.5 -148 128
vn 0 0 1
vt 0.415038794 0.0845488906
v 1408 -96 128
vn 0 0 1
vt 0.415606648 0.0955415964
f 921/921/921 920/920/920 919/919/919 918/918/918
v 1328 669.599976 128
vn 0 0 1
vt 0.432100922 0.99711442
v 1344 669.599976 128
vn 0 0 1
vt 0.43349874 0.99711442
v 1344 367.199982 128
vn 0 0 1
vt 0.43349874 0.933187485
v 1328 367.199982 128
vn 0 0 1
vt 0.432100922 0.933187485
f 925/925/925 924/924/924 923/923/923 922/922/922
v 1328 972 128
vn 0 0 1
vt 0.437971771 0.99711442
v 1344 972 128
vn 0 0 1
vt 0.439369589 0.99711442
v 1344 669.599976 128
vn 0 0 1
vt 0.439369589 0.933187485
v 1328 669.599976 128
vn 0 0 1
vt 0.437971771 0.933187485
f 929/929/929 928/928/928 927/927/927 926/926/926
v 1328 332 128
vn 0 0 1
vt 0.306856304 0.359536171
v 1328 367.199982 128
vn 0 0 1
vt 0.306856304 0.366977453
v 1344 367.199982 128
vn 0 0 1
vt 0.308254123 0.366977453
v 1344 238.27417 128
vn 0 0 1
vt 0.308254123 0.339722633
v 1328 258.27417 128
vn 0 0 1
vt 0.306856304 0.343950689
f 934/934/934 933/933/933 932/932/932 931/931/931 930/930/930
v 1328 85.7258301 128
vn 0 0 1
vt 0.261846513 0.563181937
v 1344 105.72583 128
vn 0 0 1
vt 0.263244331 0.567409873
v 1344 64.7999725 128
vn 0 0 1
vt 0.263244331 0.558758259
v 1328 -110.716637 128
vn 0 0 1
vt 0.261846513 0.521654248
f 938/938/938 937/937/937 936/936/936 935/935/935
v 1344 -128 128
vn 0 0 1
vt 0.826845109 0.527132988
v 1344 -148 128
vn 0 0 1
vt 0.826845109 0.522905052
v 1328 -148 128
vn 0 0 1
vt 0.825447321 0.522905052
v 1328 -110.716637 128
vn 0 0 1
vt 0.825447321 0.530786693
v 1344 64.7999725 128
vn 0 0 1
vt 0.826845109 0.567890644
f 943/943/943 942/942/942 941/941/941 940/940/940 939/939/939
v 1408 292.800018 128
vn 1 0 0
vt 0.58410722 0.017694056
v 1408 292.800018 160
vn 1 0 0
vt 0.58410722 0.0180745721
v 1408 66.4000168 160
vn 1 0 0
vt 0.611504495 0.0180745721
v 1408 66.4000168 128
vn 1 0 0
vt 0.611504495 0.017694056
f 947/947/947 946/946/946 945/945/945 944/944/944
v 1408 367.199982 128
vn 1 0 0
vt 0.633812308 0.017694056
v 1408 519.200012 128
vn 1 0 0
vt 0.615418375 0.017694056
v 1408 519.200012 160
vn 1 0 0
vt 0.615418375 0.0180745721
v 1408 292.800018 160
vn 1 0 0
vt 0.64281565 0.0180745721
v 1408 292.800018 128
vn 1 0 0
vt 0.64281565 0.017694056
f 952/952/952 951/951/951 950/950/950 949/949/949 948/948/948
v 1408 669.599976 128
vn 1 0 0
vt 0.655926466 0.017694056
v 1408 745.599976 128
vn 1 0 0
vt 0.646729529 0.017694056
v 1408 745.599976 160
vn 1 0 0
vt 0.646729529 0.0180745721
v 1408 519.200012 160
vn 1 0 0
vt 0.674126804 0.0180745721
v 1408 519.200012 128
vn 1 0 0
vt 0.674126804 0.017694056
f 957/957/957 956/956/956 955/955/955 954/954/954 953/953/953
v 1408 972 128
vn 1 0 0
vt 0.678040683 0.017694056
v 1408 972 160
vn 1 0 0
vt 0.678040683 0.0180745721
v 1408 745.599976 160
vn 1 0 0
vt 0.705437958 0.0180745721
v 1408 745.599976 128
vn 1 0 0
vt 0.705437958 0.017694056
f 961/961/961 960/960/960 959/959/959 958/958/958
v 1408 -128 149.333328
vn 1 0 0
vt 0.711350322 0.0179477334
v 1408 -96 128
vn 1 0 0
vt 0.707477927 0.017694056
v 1408 -128 160
vn 1 0 0
vt 0.711350322 0.0180745721
f 964/964/964 963/963/963 962/962/962
v 1408 66.4000168 160
vn 1 0 0
vt 0.717179656 0.0180745721
v 1408 -128 160
vn 1 0 0
vt 0.740704477 0.0180745721
v 1408 -96 128
vn 1 0 0
vt 0.736832142 0.017694056
v 1408 64.7999725 128
vn 1 0 0
vt 0.717373252 0.017694056
v 1408 66.4000168 128
vn 1 0 0
vt 0.717179656 0.017694056
f 969/969/969 968/968/968 967/967/967 966/966/966 965/965/965
v 1408 -128 130.133331
vn 1 0 0
vt 0.748532295 0.0177194476
v 1408 -128 128
vn 1 0 0
vt 0.748532295 0.017694056
v 1408 -96 128
vn 1 0 0
vt 0.744659901 0.017694056
f 972/972/972 971/971/971 970/970/970
v 1440 -128 160
vn 0 1 0
vt 0.691780806 0.0580288768
v 1408 -128 149.333328
vn 0 1 0
vt 0.687866926 0.0567605495
v 1408 -128 160
vn 0 1 0
vt 0.687866926 0.0580288768
f 975/975/975 974/974/974 973/973/973
v 1412.57141 -128 132.571426
vn 0 1 0
vt 0.753005266 0.0182376504
v 1408 -128 128
vn 0 1 0
vt 0.752446175 0.017694056
v 1408 -128 130.133331
vn 0 1 0
vt 0.752446175 0.0179477334
f 978/978/978 977/977/977 976/976/976
v 1440 -128 128
vn 0 1 0
vt 0.697651684 0.0542237163
v 1408 -128 128
vn 0 1 0
vt 0.693737745 0.0542237163
v 1412.57141 -128 132.571426
vn 0 1 0
vt 0.694296896 0.0547673702
v 1440 -128 160
vn 0 1 0
vt 0.697651684 0.0580288768
f 982/982/982 981/981/981 980/980/980 979/979/979
v 1408 -128 149.333328
vn -0.316227764 0 0.948683321
vt 0.701565564 0.0616438389
v 1440 -128 160
vn -0.316227764 0 0.948683321
vt 0.701565564 0.052511394
v 1440 -148 160
vn -0.316227764 0 0.948683321
vt 0.703604043 0.052511394
v 1408 -148 149.333328
vn -0.316227764 0 0.948683321
vt 0.703604043 0.0616438389
f 986/986/986 985/985/985 984/984/984 983/983/983
v 1408 -148 131.46666
vn -0.469776183 0.0587220229 0.880830348
vt 0.758235514 0.019503355
v 1415.42859 -148 135.428574
vn -0.469776183 0.0587220229 0.880830348
vt 0.758235514 0.017383337
v 1412.57141 -128 132.571426
vn -0.469776183 0.0587220229 0.880830348
vt 0.760273993 0.0181987882
v 1408 -128 130.133331
vn -0.469776183 0.0587220229 0.880830348
vt 0.760273993 0.019503355
f 990/990/990 989/989/989 988/988/988 987/987/987
v 1415.42859 -148 135.428574
vn 0.707106769 0 -0.707106769
vt 0.709311843 0.054631412
v 1440 -148 160
vn 0.707106769 0 -0.707106769
vt 0.709311843 0.0616438389
v 1440 -128 160
vn 0.707106769 0 -0.707106769
vt 0.711350322 0.0616438389
v 1412.57141 -128 132.571426
vn 0.707106769 0 -0.707106769
vt 0.711350322 0.0538160801
f 994/994/994 993/993/993 992/992/992 991/991/991
v 1344 105.72583 160
vn 1 0 0
vt 0.716942966 0.0585045815
v 1344 238.27417 160
vn 1 0 0
vt 0.733154893 0.0585045815
v 1344 238.27417 128
vn 1 0 0
vt 0.733154893 0.0545339584
v 1344 105.72583 128
vn 1 0 0
vt 0.716942966 0.0545339584
f 998/998/998 997/997/997 996/996/996 995/995/995
v 1344 972 128
vn 0 1 0
vt 0.764187872 0.0166793466
v 1344 972 160
vn 0 1 0
vt 0.764187872 0.0179477334
v 1408 972 160
vn 0 1 0
vt 0.772015631 0.0179477334
v 1408 972 128
vn 0 1 0
vt 0.772015631 0.0166793466
f 1002/1002/1002 1001/1001/1001 1000/1000/1000 999/999/999
v 1344 -128 128
vn -0.316227764 0 0.948683321
vt 0.267123282 0.189497709
v 1408 -128 149.333328
vn -0.316227764 0 0.948683321
vt 0.267123282 0.171232879
v 1408 -148 149.333328
vn -0.316227764 0 0.948683321
vt 0.269161791 0.171232879
v 1344 -148 128
vn -0.316227764 0 0.948683321
vt 0.269161791 0.189497709
f 1006/1006/1006 1005/1005/1005 1004/1004/1004 1003/1003/1003
v 1408 -128 149.333328
vn -0.267261237 0.534522474 0.801783741
vt 0.417808205 0.0847793221
v 1344 -128 128
vn -0.267261237 0.534522474 0.801783741
vt 0.433463782 0.0847793221
v 1408 -96 128
vn -0.267261237 0.534522474 0.801783741
vt 0.417808205 0.0939117074
f 1009/1009/1009 1008/1008/1008 1007/1007/1007
v 1401.5 -148 128
vn -0.469776183 0.0587220229 0.880830348
vt 0.738666058 0.0578880906
v 1408 -148 131.46666
vn -0.469776183 0.0587220229 0.880830348
vt 0.738666058 0.0560330749
v 1408 -128 130.133331
vn -0.469776183 0.0587220229 0.880830348
vt 0.740704477 0.0560330749
v 1408 -96 128
vn -0.469776183 0.0587220229 0.880830348
vt 0.743966043 0.0560330749
f 1013/1013/1013 1012/1012/1012 1011/1011/1011 1010/1010/1010
v 1344 972 160
vn 0 1 0
vt 0.77592957 0.0179477334
v 1344 972 128
vn 0 1 0
vt 0.77592957 0.0166793466
v 1328 972 128
vn 0 1 0
vt 0.773972631 0.0166793466
v 1328 972 160
vn 0 1 0
vt 0.773972631 0.0179477334
f 1017/1017/1017 1016/1016/1016 1015/1015/1015 1014/1014/1014
v 1344 238.27417 128
vn 0.780868828 0.624695063 0
vt 0.747688353 0.0545339584
v 1344 238.27417 160
vn 0.780868828 0.624695063 0
vt 0.747688353 0.0585045815
v 1328 258.27417 160
vn 0.780868828 0.624695063 0
vt 0.750821054 0.0585045815
v 1328 258.27417 128
vn 0.780868828 0.624695063 0
vt 0.750821054 0.0545339584
f 1021/1021/1021 1020/1020/1020 1019/1019/1019 1018/1018/1018
v 1344 105.72583 128
vn 0.780868828 -0.624695063 0
vt 0.758412182 0.0545339584
v 1328 85.7258301 128
vn 0.780868828 -0.624695063 0
vt 0.755279481 0.0545339584
v 1328 85.7258301 160
vn 0.780868828 -0.624695063 0
vt 0.755279481 0.0585045815
v 1344 105.72583 160
vn 0.780868828 -0.624695063 0
vt 0.758412182 0.0585045815
f 1025/1025/1025 1024/1024/1024 1023/1023/1023 1022/1022/1022
v 1440 1004 122.947365
vn 0 1 0
vt 0.313495934 0.361251295
v 1440 1004 128
vn 0 1 0
vt 0.313495934 0.366057873
v 1328 1004 128
vn 0 1 0
vt 0.323280692 0.366057873
v 1328 1004 96
vn 0 1 0
vt 0.323280692 0.33561641
v 1440 1004 96
vn 0 1 0
vt 0.313495934 0.33561641
f 1030/1030/1030 1029/1029/1029 1028/1028/1028 1027/1027/1027 1026/1026/1026
v 1024 748 864
vn 1 0 0
vt 0.280821919 0.188546419
v 1024 908 864
vn 1 0 0
vt 0.300391376 0.188546419
v 1024 908 128
vn 1 0 0
vt 0.300391376 0.17395997
v 1024 684 128
vn 1 0 0
vt 0.272994131 0.17395997
v 1024 684 864
vn 1 0 0
vt 0.272994131 0.188546419
f 1035/1035/1035 1034/1034/1034 1033/1033/1033 1032/1032/1032 1031/1031/1031
v 1024 972 864
vn 1 0 0
vt 0.310176134 0.188546419
v 1024 972 128
vn 1 0 0
vt 0.310176134 0.17395997
v 1024 908 128
vn 1 0 0
vt 0.302348346 0.17395997
v 1024 908 864
vn 1 0 0
vt 0.302348346 0.188546419
f 1039/1039/1039 1038/1038/1038 1037/1037/1037 1036/1036/1036
v 1024 -84 192
vn 1 0 0
vt 0.286611199 0.198630154
v 1024 -148 192
vn 1 0 0
vt 0.282262444 0.198630154
v 1024 -148 288
vn 1 0 0
vt 0.282262444 0.212328792
v 1024 -148 339.200012
vn 1 0 0
vt 0.282262444 0.219634712
f 1043/1043/1043 1042/1042/1042 1041/1041/1041 1040/1040/1040
v 1024 -84 480
vn 1 0 0
vt 0.235730603 0.751141548
v 1024 -84 192
vn 1 0 0
vt 0.235730603 0.710045695
v 1024 -148 339.200012
vn 1 0 0
vt 0.231381834 0.731050253
v 1024 -148 384
vn 1 0 0
vt 0.231381834 0.737442911
v 1024 -148 640
vn 1 0 0
vt 0.231381834 0.773972631
v 1024 -84 640
vn 1 0 0
vt 0.235730603 0.773972631
f 1049/1049/1049 1048/1048/1048 1047/1047/1047 1046/1046/1046 1045/1045/1045 1044/1044/1044
v 1024 -148 160
vn 1 0 0
vt 0.763671458 0.0570776463
v 1024 -148 192
vn 1 0 0
vt 0.763671458 0.0616438389
v 1024 -84 192
vn 1 0 0
vt 0.768020213 0.0616438389
v 1024 -84 128
vn 1 0 0
vt 0.768020213 0.052511394
v 1024 -148 128
vn 1 0 0
vt 0.763671458 0.052511394
f 1054/1054/1054 1053/1053/1053 1052/1052/1052 1051/1051/1051 1050/1050/1050
v 1024 120.800003 640
vn 1 0 0
vt 0.329011738 0.189497709
v 1024 172 640
vn 1 0 0
vt 0.332925647 0.189497709
v 1024 172 480
vn 1 0 0
vt 0.332925647 0.171232879
v 1024 -84 480
vn 1 0 0
vt 0.313356161 0.171232879
v 1024 -84 640
vn 1 0 0
vt 0.313356161 0.189497709
f 1059/1059/1059 1058/1058/1058 1057/1057/1057 1056/1056/1056 1055/1055/1055
v 1024 172 480
vn 1 0 0
vt 0.435420752 0.092633605
v 1024 172 640
vn 1 0 0
vt 0.435420752 0.0953196287
v 1024 204 640
vn 1 0 0
vt 0.439334631 0.0953196287
v 1024 204 128
vn 1 0 0
vt 0.439334631 0.0867244005
v 1024 172 128
vn 1 0 0
vt 0.435420752 0.0867244005
f 1064/1064/1064 1063/1063/1063 1062/1062/1062 1061/1061/1061 1060/1060/1060
v 1024 76 768
vn 1 0 0
vt 0.336024135 0.189497709
v 1024 120.800003 768
vn 1 0 0
vt 0.340590358 0.189497709
v 1024 120.800003 640
vn 1 0 0
vt 0.340590358 0.171232879
f 1067/1067/1067 1066/1066/1066 1065/1065/1065
v 1024 -84 640
vn 1 0 0
vt 0.351027399 0.171232879
v 1024 -148 640
vn 1 0 0
vt 0.344504237 0.171232879
v 1024 -148 768
vn 1 0 0
vt 0.344504237 0.189497709
v 1024 76 768
vn 1 0 0
vt 0.36733529 0.189497709
v 1024 120.800003 640
vn 1 0 0
vt 0.371901512 0.171232879
f 1072/1072/1072 1071/1071/1071 1070/1070/1070 1069/1069/1069 1068/1068/1068
v 1024 172 768
vn 1 0 0
vt 0.381033897 0.189497709
v 1024 172 640
vn 1 0 0
vt 0.381033897 0.171232879
v 1024 120.800003 640
vn 1 0 0
vt 0.375815392 0.171232879
v 1024 120.800003 768
vn 1 0 0
vt 0.375815392 0.189497709
f 1076/1076/1076 1075/1075/1075 1074/1074/1074 1073/1073/1073
v 1024 204 768
vn 1 0 0
vt 0.387964785 0.189497709
v 1024 204 640
vn 1 0 0
vt 0.387964785 0.171232879
v 1024 172 640
vn 1 0 0
vt 0.385662496 0.171232879
v 1024 172 768
vn 1 0 0
vt 0.385662496 0.189497709
f 1080/1080/1080 1079/1079/1079 1078/1078/1078 1077/1077/1077
v 1024 -148 800
vn 1 0 0
vt 0.770058692 0.0616438389
v 1024 76 800
vn 1 0 0
vt 0.797455966 0.0616438389
v 1024 76 768
vn 1 0 0
vt 0.797455966 0.052511394
v 1024 -148 768
vn 1 0 0
vt 0.770058692 0.052511394
f 1084/1084/1084 1083/1083/1083 1082/1082/1082 1081/1081/1081
v 1024 204 800
vn 1 0 0
vt 0.803326786 0.0616438389
v 1024 204 768
vn 1 0 0
vt 0.803326786 0.052511394
v 1024 172 768
vn 1 0 0
vt 0.799412906 0.052511394
f 1087/1087/1087 1086/1086/1086 1085/1085/1085
v 1024 120.800003 768
vn 1 0 0
vt 0.81076318 0.052511394
v 1024 76 768
vn 1 0 0
vt 0.805283785 0.052511394
v 1024 76 800
vn 1 0 0
vt 0.805283785 0.0616438389
v 1024 204 800
vn 1 0 0
vt 0.820939362 0.0616438389
v 1024 172 768
vn 1 0 0
vt 0.817025423 0.052511394
f 1092/1092/1092 1091/1091/1091 1090/1090/1090 1089/1089/1089 1088/1088/1088
v 1024 36.7241592 864
vn 1 0 0
vt 0.463885039 0.0937024355
v 1024 76 864
vn 1 0 0
vt 0.468688846 0.0937024355
v 1024 76 800
vn 1 0 0
vt 0.468688846 0.0876141787
v 1024 -148 800
vn 1 0 0
vt 0.441291571 0.0876141787
v 1024 -148 864
vn 1 0 0
vt 0.441291571 0.0937024355
f 1097/1097/1097 1096/1096/1096 1095/1095/1095 1094/1094/1094 1093/1093/1093
v 1024 204 864
vn 1 0 0
vt 0.486301363 0.0937024355
v 1024 204 800
vn 1 0 0
vt 0.486301363 0.0876141787
v 1024 76 800
vn 1 0 0
vt 0.470645785 0.0876141787
v 1024 76 864
vn 1 0 0
vt 0.470645785 0.0937024355
f 1101/1101/1101 1100/1100/1100 1099/1099/1099 1098/1098/1098
v 1024 524 864
vn 1 0 0
vt 0.5 0.0949391127
v 1024 652 864
vn 1 0 0
vt 0.515655577 0.0949391127
v 1024 652 128
vn 1 0 0
vt 0.515655577 0.0861872435
v 1024 428 128
vn 1 0 0
vt 0.488258302 0.0861872435
v 1024 428 864
vn 1 0 0
vt 0.488258302 0.0949391127
f 1106/1106/1106 1105/1105/1105 1104/1104/1104 1103/1103/1103 1102/1102/1102
v 1024 260.724152 864
vn 1 0 0
vt 0.784824371 0.01731354
v 1024 332 864
vn 1 0 0
vt 0.793542087 0.01731354
v 1024 204 768
vn 1 0 0
vt 0.77788651 0.0161719918
v 1024 204 800
vn 1 0 0
vt 0.77788651 0.0165525079
v 1024 204 864
vn 1 0 0
vt 0.77788651 0.01731354
f 1111/1111/1111 1110/1110/1110 1109/1109/1109 1108/1108/1108 1107/1107/1107
v 1024 204 768
vn 1 0 0
vt 0.795499027 0.0161719918
v 1024 332 864
vn 1 0 0
vt 0.811154604 0.01731354
v 1024 428 864
vn 1 0 0
vt 0.822896302 0.01731354
f 1114/1114/1114 1113/1113/1113 1112/1112/1112
v 1024 204 640
vn 1 0 0
vt 0.517612517 0.0922755003
v 1024 204 768
vn 1 0 0
vt 0.517612517 0.0937975645
v 1024 428 864
vn 1 0 0
vt 0.545009792 0.0949391127
v 1024 428 128
vn 1 0 0
vt 0.545009792 0.0861872435
v 1024 367.199982 128
vn 1 0 0
vt 0.537573397 0.0861872435
v 1024 332 128
vn 1 0 0
vt 0.533268094 0.0861872435
v 1024 260.724152 128
vn 1 0 0
vt 0.524550378 0.0861872435
v 1024 204 128
vn 1 0 0
vt 0.517612517 0.0861872435
f 1122/1122/1122 1121/1121/1121 1120/1120/1120 1119/1119/1119 1118/1118/1118 1117/1117/1117 1116/1116/1116 1115/1115/1115
v 1024 669.599976 128
vn 1 0 0
vt 0.549119413 0.0861872435
v 1024 652 128
vn 1 0 0
vt 0.546966732 0.0861872435
v 1024 652 864
vn 1 0 0
vt 0.546966732 0.0949391127
v 1024 684 864
vn 1 0 0
vt 0.550880611 0.0949391127
v 1024 684 128
vn 1 0 0
vt 0.550880611 0.0861872435
f 1127/1127/1127 1126/1126/1126 1125/1125/1125 1124/1124/1124 1123/1123/1123
v 1024 -84 96
vn 1 0 0
vt 0.55666995 0.0981734991
v 1024 -84 0
vn 1 0 0
vt 0.55666995 0.0844748616
v 1024 -98.9333344 0
vn 1 0 0
vt 0.555655241 0.0844748616
v 1024 -113.866669 0
vn 1 0 0
vt 0.554640472 0.0844748616
f 1131/1131/1131 1130/1130/1130 1129/1129/1129 1128/1128/1128
v 1024 -148 96
vn 1 0 0
vt 0.560148954 0.0981734991
v 1024 -84 96
vn 1 0 0
vt 0.564497709 0.0981734991
v 1024 -113.866669 0
vn 1 0 0
vt 0.56246829 0.0844748616
v 1024 -128.800003 0
vn 1 0 0
vt 0.561453581 0.0844748616
v 1024 -143.733337 0
vn 1 0 0
vt 0.560438812 0.0844748616
v 1024 -148 -0
vn 1 0 0
vt 0.560148954 0.0844748616
f 1137/1137/1137 1136/1136/1136 1135/1135/1135 1134/1134/1134 1133/1133/1133 1132/1132/1132
v 1269.01929 332 864
vn 0 1 0
vt 0.44495824 0.994938135
v 1162.98071 332 864
vn 0 1 0
vt 0.459368795 0.994938135
v 1162.98071 332 438.400024
vn 0 1 0
vt 0.459368795 0.9310112
v 1269.01929 332 438.400024
vn 0 1 0
vt 0.44495824 0.9310112
f 1141/1141/1141 1140/1140/1140 1139/1139/1139 1138/1138/1138
v 1269.01929 332 256
vn 0 1 0
vt 0.392120659 0.173020303
v 1269.01929 332 348.799988
vn 0 1 0
vt 0.392120659 0.186959267
v 1162.98071 332 256
vn 0 1 0
vt 0.406531215 0.173020303
f 1144/1144/1144 1143/1143/1143 1142/1142/1142
v 1162.98071 332 348.799988
vn 0 1 0
vt 0.341951966 0.351342797
v 1162.98071 332 256
vn 0 1 0
vt 0.341951966 0.337403893
v 1269.01929 332 348.799988
vn 0 1 0
vt 0.327541411 0.351342797
v 1269.01929 332 438.400024
vn 0 1 0
vt 0.327541411 0.364801109
v 1162.98071 332 438.400024
vn 0 1 0
vt 0.341951966 0.364801109
f 1149/1149/1149 1148/1148/1148 1147/1147/1147 1146/1146/1146 1145/1145/1145
v 1024 1004 96
vn 0 1 0
vt 0.373322606 0.33561641
v 1328 1004 96
vn 0 1 0
vt 0.346764058 0.33561641
v 1328 1004 128
vn 0 1 0
vt 0.346764058 0.366057873
v 1024 1004 128
vn 0 1 0
vt 0.373322606 0.366057873
f 1153/1153/1153 1152/1152/1152 1151/1151/1151 1150/1150/1150
v 1248 1004 896
vn 0 1 0
vt 0.832681 0.0616438389
v 1104 1004 896
vn 0 1 0
vt 0.850293517 0.0616438389
v 1104 1004 864
vn 0 1 0
vt 0.850293517 0.052511394
v 1328 1004 864
vn 0 1 0
vt 0.822896302 0.052511394
v 1328 1004 896
vn 0 1 0
vt 0.822896302 0.0616438389
f 1158/1158/1158 1157/1157/1157 1156/1156/1156 1155/1155/1155 1154/1154/1154
v 1024 1004 864
vn 0 1 0
vt 0.862035215 0.052511394
v 1104 1004 864
vn 0 1 0
vt 0.852250516 0.052511394
v 1104 1004 896
vn 0 1 0
vt 0.852250516 0.0616438389
v 1024 1004 896
vn 0 1 0
vt 0.862035215 0.0616438389
f 1162/1162/1162 1161/1161/1161 1160/1160/1160 1159/1159/1159
v 1024 367.199982 128
vn 0 0 1
vt 0.411413193 0.175196588
v 1024 428 128
vn 0 0 1
vt 0.411413193 0.188049614
v 1328 367.199982 128
vn 0 0 1
vt 0.437971771 0.175196588
f 1165/1165/1165 1164/1164/1164 1163/1163/1163
v 1328 669.599976 128
vn 0 0 1
vt 0.490809351 0.99711442
v 1328 367.199982 128
vn 0 0 1
vt 0.490809351 0.933187485
v 1024 428 128
vn 0 0 1
vt 0.464250773 0.946040511
v 1024 652 128
vn 0 0 1
vt 0.464250773 0.993393779
v 1024 669.599976 128
vn 0 0 1
vt 0.464250773 0.99711442
f 1170/1170/1170 1169/1169/1169 1168/1168/1168 1167/1167/1167 1166/1166/1166
v 1024 669.599976 128
vn 0 0 1
vt 0.865424931 0.0564751625
v 1024 684 128
vn 0 0 1
vt 0.865424931 0.0595192909
v 1328 669.599976 128
vn 0 0 1
vt 0.891983569 0.0564751625
f 1173/1173/1173 1172/1172/1172 1171/1171/1171
v 1248 972 128
vn 0 0 1
vt 0.515131414 0.99711442
v 1328 972 128
vn 0 0 1
vt 0.522120535 0.99711442
v 1328 669.599976 128
vn 0 0 1
vt 0.522120535 0.933187485
v 1024 684 128
vn 0 0 1
vt 0.495561928 0.936231613
v 1024 908 128
vn 0 0 1
vt 0.495561928 0.983584881
v 1024 972 128
vn 0 0 1
vt 0.495561928 0.99711442
f 1179/1179/1179 1178/1178/1178 1177/1177/1177 1176/1176/1176 1175/1175/1175 1174/1174/1174
v 1162.98071 332 128
vn 0 0 1
vt 0.908877969 0.0536000729
v 1024 332 128
vn 0 0 1
vt 0.896736085 0.0536000729
v 1024 367.199982 128
vn 0 0 1
vt 0.896736085 0.0610413551
f 1182/1182/1182 1181/1181/1181 1180/1180/1180
v 1328 367.199982 128
vn 0 0 1
vt 0.9389503 0.0610413551
v 1328 332 128
vn 0 0 1
vt 0.9389503 0.0536000729
v 1269.01929 332 128
vn 0 0 1
vt 0.933797479 0.0536000729
v 1162.98071 332 128
vn 0 0 1
vt 0.924533546 0.0536000729
v 1024 367.199982 128
vn 0 0 1
vt 0.912391663 0.0610413551
f 1187/1187/1187 1186/1186/1186 1185/1185/1185 1184/1184/1184 1183/1183/1183
v 1328 556 896
vn 0 0 1
vt 0.24755381 0.710045695
v 1248 556 896
vn 0 0 1
vt 0.237769082 0.710045695
v 1248 780 896
vn 0 0 1
vt 0.237769082 0.773972631
v 1328 780 896
vn 0 0 1
vt 0.24755381 0.773972631
f 1191/1191/1191 1190/1190/1190 1189/1189/1189 1188/1188/1188
v 1248 780 896
vn 0 0 1
vt 0.316046953 0.221461177
v 1024 703.200012 896
vn 0 0 1
vt 0.288649708 0.199543357
v 1024 780 896
vn 0 0 1
vt 0.288649708 0.221461177
f 1194/1194/1194 1193/1193/1193 1192/1192/1192
v 1024 684 896
vn 0 0 1
vt 0.249510765 0.746575356
v 1024 703.200012 896
vn 0 0 1
vt 0.249510765 0.752054811
v 1248 780 896
vn 0 0 1
vt 0.27690801 0.773972631
v 1248 556 896
vn 0 0 1
vt 0.27690801 0.710045695
v 1024 556 896
vn 0 0 1
vt 0.249510765 0.710045695
f 1199/1199/1199 1198/1198/1198 1197/1197/1197 1196/1196/1196 1195/1195/1195
v 1328 1004 896
vn 0 0 1
vt 0.288649708 0.773972631
v 1328 780 896
vn 0 0 1
vt 0.288649708 0.710045695
v 1248 780 896
vn 0 0 1
vt 0.27886498 0.710045695
v 1248 1004 896
vn 0 0 1
vt 0.27886498 0.773972631
f 1203/1203/1203 1202/1202/1202 1201/1201/1201 1200/1200/1200
v 1248 780 896
vn 0 0 1
vt 0.468688846 0.171232879
v 1024 780 896
vn 0 0 1
vt 0.441291571 0.171232879
v 1024 837.599976 896
vn 0 0 1
vt 0.441291571 0.187671244
f 1206/1206/1206 1205/1205/1205 1204/1204/1204
v 1104 1004 896
vn 0 0 1
vt 0.300391376 0.773972631
v 1248 1004 896
vn 0 0 1
vt 0.318003923 0.773972631
v 1248 780 896
vn 0 0 1
vt 0.318003923 0.710045695
v 1024 837.599976 896
vn 0 0 1
vt 0.290606648 0.726484001
v 1024 972 896
vn 0 0 1
vt 0.290606648 0.764840186
v 1024 1004 896
vn 0 0 1
vt 0.290606648 0.773972631
f 1212/1212/1212 1211/1211/1211 1210/1210/1210 1209/1209/1209 1208/1208/1208 1207/1207/1207
v 1248 332 896
vn 0 0 1
vt 0.347358108 0.710045695
v 1024 332 896
vn 0 0 1
vt 0.319960862 0.710045695
v 1024 556 896
vn 0 0 1
vt 0.319960862 0.773972631
v 1248 556 896
vn 0 0 1
vt 0.347358108 0.773972631
f 1216/1216/1216 1215/1215/1215 1214/1214/1214 1213/1213/1213
v 1328 332 896
vn 0 0 1
vt 0.359099805 0.710045695
v 1248 332 896
vn 0 0 1
vt 0.349315077 0.710045695
v 1248 556 896
vn 0 0 1
vt 0.349315077 0.773972631
v 1328 556 896
vn 0 0 1
vt 0.359099805 0.773972631
f 1220/1220/1220 1219/1219/1219 1218/1218/1218 1217/1217/1217
v 1104 972 864
vn 0 1 0
vt 0.386497051 0.365487099
v 1248 972 864
vn 0 1 0
vt 0.404109597 0.365487099
v 1248 972 128
vn 0 1 0
vt 0.404109597 0.336314023
v 1024 972 128
vn 0 1 0
vt 0.376712322 0.336314023
v 1024 972 864
vn 0 1 0
vt 0.376712322 0.365487099
f 1225/1225/1225 1224/1224/1224 1223/1223/1223 1222/1222/1222 1221/1221/1221
v 1248 972 864
vn 0 1 0
vt 0.318003923 0.219368339
v 1328 972 864
vn 0 1 0
vt 0.327788651 0.219368339
v 1328 972 384
vn 0 1 0
vt 0.327788651 0.200342476
f 1228/1228/1228 1227/1227/1227 1226/1226/1226
v 1248 972 128
vn 0 1 0
vt 0.406066537 0.336314023
v 1248 972 864
vn 0 1 0
vt 0.406066537 0.365487099
v 1328 972 384
vn 0 1 0
vt 0.415851265 0.346461177
v 1328 972 339.200012
vn 0 1 0
vt 0.415851265 0.344685435
v 1328 972 288
vn 0 1 0
vt 0.415851265 0.342656016
v 1328 972 160
vn 0 1 0
vt 0.415851265 0.337582469
v 1328 972 128
vn 0 1 0
vt 0.415851265 0.336314023
f 1235/1235/1235 1234/1234/1234 1233/1233/1233 1232/1232/1232 1231/1231/1231 1230/1230/1230 1229/1229/1229
v 1024 652 864
vn 0 0 1
vt 0.337573379 0.413241982
v 1024 524 864
vn 0 0 1
vt 0.337573379 0.376712322
v 1104 524 864
vn 0 0 1
vt 0.327788651 0.376712322
f 1238/1238/1238 1237/1237/1237 1236/1236/1236
v 1104 748 864
vn 0 0 1
vt 0.361056745 0.773972631
v 1024 748 864
vn 0 0 1
vt 0.370841473 0.773972631
v 1024 684 864
vn 0 0 1
vt 0.370841473 0.755707741
v 1024 652 864
vn 0 0 1
vt 0.370841473 0.746575356
v 1104 524 864
vn 0 0 1
vt 0.361056745 0.710045695
f 1243/1243/1243 1242/1242/1242 1241/1241/1241 1240/1240/1240 1239/1239/1239
v 1104 524 864
vn 0 0 1
vt 0.400195688 0.710045695
v 1328 524 864
vn 0 0 1
vt 0.372798443 0.710045695
v 1328 748 864
vn 0 0 1
vt 0.372798443 0.773972631
v 1104 748 864
vn 0 0 1
vt 0.400195688 0.773972631
f 1247/1247/1247 1246/1246/1246 1245/1245/1245 1244/1244/1244
v 1024 908 864
vn 0 0 1
vt 0.411937386 0.755707741
v 1024 748 864
vn 0 0 1
vt 0.411937386 0.710045695
v 1104 748 864
vn 0 0 1
vt 0.402152628 0.710045695
v 1104 972 864
vn 0 0 1
vt 0.402152628 0.773972631
v 1024 972 864
vn 0 0 1
vt 0.411937386 0.773972631
f 1252/1252/1252 1251/1251/1251 1250/1250/1250 1249/1249/1249 1248/1248/1248
v 1248 972 864
vn 0 0 1
vt 0.423679054 0.773972631
v 1104 972 864
vn 0 0 1
vt 0.441291571 0.773972631
v 1104 748 864
vn 0 0 1
vt 0.441291571 0.710045695
v 1328 748 864
vn 0 0 1
vt 0.413894325 0.710045695
v 1328 972 864
vn 0 0 1
vt 0.413894325 0.773972631
f 1257/1257/1257 1256/1256/1256 1255/1255/1255 1254/1254/1254 1253/1253/1253
v 1104 524 864
vn 0 0 1
vt 0.523483396 0.632420063
v 1104 332 864
vn 0 0 1
vt 0.523483396 0.577625573
v 1162.98071 332 864
vn 0 0 1
vt 0.516269505 0.577625573
f 1260/1260/1260 1259/1259/1259 1258/1258/1258
v 1328 524 864
vn 0 0 1
vt 0.525440335 0.632420063
v 1104 524 864
vn 0 0 1
vt 0.552837551 0.632420063
v 1162.98071 332 864
vn 0 0 1
vt 0.54562372 0.577625573
v 1269.01929 332 864
vn 0 0 1
vt 0.532654166 0.577625573
v 1328 332 864
vn 0 0 1
vt 0.525440335 0.577625573
f 1265/1265/1265 1264/1264/1264 1263/1263/1263 1262/1262/1262 1261/1261/1261
v 1024 428 864
vn 0 0 1
vt 0.564579248 0.605022788
v 1024 332 864
vn 0 0 1
vt 0.564579248 0.577625573
v 1104 332 864
vn 0 0 1
vt 0.55479455 0.577625573
v 1104 524 864
vn 0 0 1
vt 0.55479455 0.632420063
v 1024 524 864
vn 0 0 1
vt 0.564579248 0.632420063
f 1270/1270/1270 1269/1269/1269 1268/1268/1268 1267/1267/1267 1266/1266/1266
v 1024 399.199982 96
vn 0 0 1
vt 0.553361773 0.930819809
v 1328 399.199982 96
vn 0 0 1
vt 0.526803136 0.930819809
v 1328 701.599976 96
vn 0 0 1
vt 0.526803136 0.994746745
v 1024 701.599976 96
vn 0 0 1
vt 0.553361773 0.994746745
f 1274/1274/1274 1273/1273/1273 1272/1272/1272 1271/1271/1271
v 1024 1004 96
vn 0 0 1
vt 0.584672928 0.994746745
v 1024 701.599976 96
vn 0 0 1
vt 0.584672928 0.930819809
v 1328 701.599976 96
vn 0 0 1
vt 0.55811429 0.930819809
v 1328 1004 96
vn 0 0 1
vt 0.55811429 0.994746745
f 1278/1278/1278 1277/1277/1277 1276/1276/1276 1275/1275/1275
v 1024 332 96
vn 0 0 1
vt 0.498567224 0.172321558
v 1328 332 96
vn 0 0 1
vt 0.472008675 0.172321558
v 1328 399.199982 96
vn 0 0 1
vt 0.472008675 0.18652755
v 1024 399.199982 96
vn 0 0 1
vt 0.498567224 0.18652755
f 1282/1282/1282 1281/1281/1281 1280/1280/1280 1279/1279/1279
v 1328 300 864
vn 0 0 1
vt 0.329745591 0.212328792
v 1328 332 864
vn 0 0 1
vt 0.329745591 0.221461177
v 1269.01929 332 864
vn 0 0 1
vt 0.336959481 0.221461177
v 1328 258.27417 864
vn 0 0 1
vt 0.329745591 0.200420737
f 1286/1286/1286 1285/1285/1285 1284/1284/1284 1283/1283/1283
v 1104 332 864
vn 0 0 1
vt 0.926614463 0.289954364
v 1024 332 864
vn 0 0 1
vt 0.936399221 0.289954364
v 1024 260.724152 864
vn 0 0 1
vt 0.936399221 0.269613028
v 1088 238.27417 864
vn 0 0 1
vt 0.928571403 0.263206124
v 1162.98071 332 864
vn 0 0 1
vt 0.919400632 0.289954364
f 1291/1291/1291 1290/1290/1290 1289/1289/1289 1288/1288/1288 1287/1287/1287
v 1269.01929 12 864
vn 0 0 1
vt 0.100168876 0.60958904
v 1328 -110.716637 864
vn 0 0 1
vt 0.0929549932 0.574567199
v 1328 85.7258301 864
vn 0 0 1
vt 0.0929549932 0.630629539
f 1294/1294/1294 1293/1293/1293 1292/1292/1292
v 1269.01929 12 864
vn 0 0 1
vt 0.84772265 0.509132385
v 1328 -118.27417 864
vn 0 0 1
vt 0.840508819 0.47195369
v 1328 -110.716637 864
vn 0 0 1
vt 0.840508819 0.474110544
f 1297/1297/1297 1296/1296/1296 1295/1295/1295
v 1184 -148 864
vn 0 0 1
vt 0.848336577 0.522831082
v 1328 -148 864
vn 0 0 1
vt 0.830724061 0.522831082
v 1328 -118.27417 864
vn 0 0 1
vt 0.830724061 0.531314492
v 1269.01929 12 864
vn 0 0 1
vt 0.837937951 0.568493128
v 1162.98071 12 864
vn 0 0 1
vt 0.850907505 0.568493128
v 1104 -110.716637 864
vn 0 0 1
vt 0.858121336 0.533471227
v 1104 -148 864
vn 0 0 1
vt 0.858121336 0.522831082
f 1304/1304/1304 1303/1303/1303 1302/1302/1302 1301/1301/1301 1300/1300/1300 1299/1299/1299 1298/1298/1298
v 1104 -148 864
vn 0 0 1
vt 0.566536188 0.0844748616
v 1104 -110.716637 864
vn 0 0 1
vt 0.566536188 0.0951151252
v 1100.36768 -118.27417 864
vn 0 0 1
vt 0.566980481 0.0929582715
v 1088 -144.006638 864
vn 0 0 1
vt 0.568493128 0.085614562
v 1086.08069 -148 864
vn 0 0 1
vt 0.568727911 0.0844748616
f 1309/1309/1309 1308/1308/1308 1307/1307/1307 1306/1306/1306 1305/1305/1305
v 1104 232.661667 864
vn 0 0 1
vt 0.852250516 0.508179665
v 1104 111.338326 864
vn 0 0 1
vt 0.852250516 0.473555446
v 1119.4707 92 864
vn 0 0 1
vt 0.850358307 0.468036532
f 1312/1312/1312 1311/1311/1311 1310/1310/1310
v 1328 232.661667 864
vn 0 0 1
vt 0.44324854 0.750188828
v 1261.32935 316 864
vn 0 0 1
vt 0.451402962 0.773972631
v 1170.67065 316 864
vn 0 0 1
vt 0.462491363 0.773972631
v 1104 232.661667 864
vn 0 0 1
vt 0.470645785 0.750188828
v 1119.4707 92 864
vn 0 0 1
vt 0.468753576 0.710045695
v 1312.5293 92 864
vn 0 0 1
vt 0.445140749 0.710045695
v 1328 111.338326 864
vn 0 0 1
vt 0.44324854 0.715564609
f 1319/1319/1319 1318/1318/1318 1317/1317/1317 1316/1316/1316 1315/1315/1315 1314/1314/1314 1313/1313/1313
v 1170.67065 28 864
vn 0 0 1
vt 0.521199763 0.171232879
v 1261.32935 28 864
vn 0 0 1
vt 0.510111392 0.171232879
v 1312.5293 92 864
vn 0 0 1
vt 0.503849149 0.189497709
v 1119.4707 92 864
vn 0 0 1
vt 0.527462006 0.189497709
f 1323/1323/1323 1322/1322/1322 1321/1321/1321 1320/1320/1320
v 1088 -118.27417 864
vn 0 0 1
vt 0.94422698 0.0564286113
v 1100.36768 -118.27417 864
vn 0 0 1
vt 0.942714334 0.0564286113
v 1104 -110.716637 864
vn 0 0 1
vt 0.942270041 0.058585465
f 1326/1326/1326 1325/1325/1325 1324/1324/1324
v 1088 36.7241592 864
vn 0 0 1
vt 0.597847342 0.977375627
v 1088 -118.27417 864
vn 0 0 1
vt 0.597847342 0.933140934
v 1104 -110.716637 864
vn 0 0 1
vt 0.595890403 0.935297787
v 1162.98071 12 864
vn 0 0 1
vt 0.588676572 0.970319629
v 1104 85.7258301 864
vn 0 0 1
vt 0.595890403 0.991360128
v 1088 105.72583 864
vn 0 0 1
vt 0.597847342 0.997067869
f 1332/1332/1332 1331/1331/1331 1330/1330/1330 1329/1329/1329 1328/1328/1328 1327/1327/1327
v 1088 -118.27417 864
vn 0 0 1
vt 0.948140919 0.0609948039
v 1088 -144.006638 864
vn 0 0 1
vt 0.948140919 0.0536510944
v 1100.36768 -118.27417 864
vn 0 0 1
vt 0.946628213 0.0609948039
f 1335/1335/1335 1334/1334/1334 1333/1333/1333
v 1088 238.27417 864
vn 0 0 1
vt 0.267123282 0.560009718
v 1024 260.724152 864
vn 0 0 1
vt 0.274951071 0.56641674
v 1024 204 864
vn 0 0 1
vt 0.274951071 0.550228298
v 1088 105.72583 864
vn 0 0 1
vt 0.267123282 0.522181988
f 1339/1339/1339 1338/1338/1338 1337/1337/1337 1336/1336/1336
v 1024 76 864
vn 0 0 1
vt 0.284735799 0.531963468
v 1024 36.7241592 864
vn 0 0 1
vt 0.284735799 0.520754576
v 1088 36.7241592 864
vn 0 0 1
vt 0.27690801 0.520754576
v 1088 105.72583 864
vn 0 0 1
vt 0.27690801 0.540446877
v 1024 204 864
vn 0 0 1
vt 0.284735799 0.568493128
f 1344/1344/1344 1343/1343/1343 1342/1342/1342 1341/1341/1341 1340/1340/1340
v 1088 -118.27417 864
vn 0 0 1
vt 0.566536188 0.586108983
v 1088 36.7241592 864
vn 0 0 1
vt 0.566536188 0.630343676
v 1024 36.7241592 864
vn 0 0 1
vt 0.574364007 0.630343676
v 1024 -148 864
vn 0 0 1
vt 0.574364007 0.577625573
v 1086.08069 -148 864
vn 0 0 1
vt 0.566770971 0.577625573
v 1088 -144.006638 864
vn 0 0 1
vt 0.566536188 0.578765273
f 1350/1350/1350 1349/1349/1349 1348/1348/1348 1347/1347/1347 1346/1346/1346 1345/1345/1345
v 1328 -116 896
vn 0 0 1
vt 0.482387483 0.710045695
v 1248 -116 896
vn 0 0 1
vt 0.472602725 0.710045695
v 1248 108 896
vn 0 0 1
vt 0.472602725 0.773972631
v 1328 108 896
vn 0 0 1
vt 0.482387483 0.773972631
f 1354/1354/1354 1353/1353/1353 1352/1352/1352 1351/1351/1351
v 1024 108 896
vn 0 0 1
vt 0.484344423 0.773972631
v 1248 108 896
vn 0 0 1
vt 0.511741698 0.773972631
v 1248 -116 896
vn 0 0 1
vt 0.511741698 0.710045695
v 1024 -116 896
vn 0 0 1
vt 0.484344423 0.710045695
f 1358/1358/1358 1357/1357/1357 1356/1356/1356 1355/1355/1355
v 1328 332 896
vn 0 0 1
vt 0.523483396 0.773972631
v 1328 108 896
vn 0 0 1
vt 0.523483396 0.710045695
v 1248 108 896
vn 0 0 1
vt 0.513698637 0.710045695
v 1248 332 896
vn 0 0 1
vt 0.513698637 0.773972631
f 1362/1362/1362 1361/1361/1361 1360/1360/1360 1359/1359/1359
v 1024 332 896
vn 0 0 1
vt 0.525440335 0.773972631
v 1248 332 896
vn 0 0 1
vt 0.552837551 0.773972631
v 1248 108 896
vn 0 0 1
vt 0.552837551 0.710045695
v 1024 108 896
vn 0 0 1
vt 0.525440335 0.710045695
f 1366/1366/1366 1365/1365/1365 1364/1364/1364 1363/1363/1363
v 1024 -116 896
vn 0 0 1
vt 0.950097859 0.0616438389
v 1248 -116 896
vn 0 0 1
vt 0.977495134 0.0616438389
v 1248 -148 896
vn 0 0 1
vt 0.977495134 0.052511394
v 1024 -148 896
vn 0 0 1
vt 0.950097859 0.052511394
f 1370/1370/1370 1369/1369/1369 1368/1368/1368 1367/1367/1367
v 1328 -148 896
vn 0 0 1
vt 0.989236772 0.052511394
v 1248 -148 896
vn 0 0 1
vt 0.979452074 0.052511394
v 1248 -116 896
vn 0 0 1
vt 0.979452074 0.0616438389
v 1328 -116 896
vn 0 0 1
vt 0.989236772 0.0616438389
f 1374/1374/1374 1373/1373/1373 1372/1372/1372 1371/1371/1371
v 1269.01929 332 128
vn 0 0 1
vt 0.340842456 0.217983663
v 1328 332 128
vn 0 0 1
vt 0.345995247 0.217983663
v 1328 258.27417 128
vn 0 0 1
vt 0.345995247 0.202398181
f 1377/1377/1377 1376/1376/1376 1375/1375/1375
v 1328 232.661667 128
vn 0 0 1
vt 0.351866096 0.393330753
v 1328 154.086716 128
vn 0 0 1
vt 0.351866096 0.376720071
v 1204.35547 197.458862 128
vn 0 0 1
vt 0.341064036 0.385888934
v 1216 221.686646 128
vn 0 0 1
vt 0.342081368 0.391010642
v 1261.32935 316 128
vn 0 0 1
vt 0.346041501 0.410948336
f 1382/1382/1382 1381/1381/1381 1380/1380/1380 1379/1379/1379 1378/1378/1378
v 1261.32935 316 128
vn 0 0 1
vt 0.948781252 0.283094406
v 1216 221.686646 128
vn 0 0 1
vt 0.944821119 0.263156772
v 1170.67065 316 128
vn 0 0 1
vt 0.940860927 0.283094406
v 1162.98071 332 128
vn 0 0 1
vt 0.940189123 0.286476791
v 1269.01929 332 128
vn 0 0 1
vt 0.949453056 0.286476791
f 1387/1387/1387 1386/1386/1386 1385/1385/1385 1384/1384/1384 1383/1383/1383
v 1216 221.686646 128
vn 0 0 1
vt 0.962433636 0.267722964
v 1204.35547 197.458862 128
vn 0 0 1
vt 0.961416304 0.262601256
v 1104 232.661667 128
vn 0 0 1
vt 0.952648878 0.270043075
v 1170.67065 316 128
vn 0 0 1
vt 0.958473444 0.287660658
f 1391/1391/1391 1390/1390/1390 1389/1389/1389 1388/1388/1388
v 1024 332 128
vn 0 0 1
vt 0.967186213 0.286476791
v 1162.98071 332 128
vn 0 0 1
vt 0.979328096 0.286476791
v 1088 238.27417 128
vn 0 0 1
vt 0.972777486 0.266663313
v 1024 260.724152 128
vn 0 0 1
vt 0.967186213 0.271409214
f 1395/1395/1395 1394/1394/1394 1393/1393/1393 1392/1392/1392
v 1328 85.7258301 128
vn 0 0 1
vt 0.866543233 0.567748189
v 1328 -110.716637 128
vn 0 0 1
vt 0.866543233 0.5262205
v 1269.01929 12 128
vn 0 0 1
vt 0.861390412 0.552162647
f 1398/1398/1398 1397/1397/1397 1396/1396/1396
v 1328 -148 128
vn 0 0 1
vt 0.377306402 0.376786351
v 1086.08069 -148 128
vn 0 0 1
vt 0.356171429 0.376786351
v 1088 -144.006638 128
vn 0 0 1
vt 0.356339127 0.377630532
v 1162.98071 12 128
vn 0 0 1
vt 0.362889707 0.410610139
v 1269.01929 12 128
vn 0 0 1
vt 0.37215361 0.410610139
v 1328 -110.716637 128
vn 0 0 1
vt 0.377306402 0.384667933
f 1404/1404/1404 1403/1403/1403 1402/1402/1402 1401/1401/1401 1400/1400/1400 1399/1399/1399
v 1328 154.086716 128
vn 0 0 1
vt 0.424273133 0.363021433
v 1328 111.338326 128
vn 0 0 1
vt 0.424273133 0.353984535
v 1261.32935 28 128
vn 0 0 1
vt 0.418448538 0.336366892
f 1407/1407/1407 1406/1406/1406 1405/1405/1405
v 1204.35547 197.458862 128
vn 0 0 1
vt 0.879224479 0.55940485
v 1328 154.086716 128
vn 0 0 1
vt 0.890026569 0.550236106
v 1261.32935 28 128
vn 0 0 1
vt 0.884202003 0.523581505
v 1170.67065 28 128
vn 0 0 1
vt 0.876281679 0.523581505
v 1104 111.338326 128
vn 0 0 1
vt 0.870457113 0.541199088
v 1104 232.661667 128
vn 0 0 1
vt 0.870457113 0.566846728
f 1413/1413/1413 1412/1412/1412 1411/1411/1411 1410/1410/1410 1409/1409/1409 1408/1408/1408
v 1088 -41.6758537 128
vn 0 0 1
vt 0.577474177 0.600176334
v 1088 105.72583 128
vn 0 0 1
vt 0.577474177 0.631336868
v 1104 85.7258301 128
vn 0 0 1
vt 0.578871965 0.627108872
v 1162.98071 12 128
vn 0 0 1
vt 0.584024727 0.61152339
v 1088 -144.006638 128
vn 0 0 1
vt 0.577474177 0.578543782
f 1418/1418/1418 1417/1417/1417 1416/1416/1416 1415/1415/1415 1414/1414/1414
v 1024 204 128
vn 0 0 1
vt 0.350747854 0.209189475
v 1024 260.724152 128
vn 0 0 1
vt 0.350747854 0.221180856
v 1088 238.27417 128
vn 0 0 1
vt 0.356339127 0.216434956
v 1024 172 128
vn 0 0 1
vt 0.350747854 0.202424765
f 1422/1422/1422 1421/1421/1421 1420/1420/1420 1419/1419/1419
v 1088 105.72583 128
vn 0 0 1
vt 0.5618186 0.745492101
v 1088 -41.6758537 128
vn 0 0 1
vt 0.5618186 0.714331627
v 1024 -41.6758537 128
vn 0 0 1
vt 0.556227267 0.714331627
v 1024 172 128
vn 0 0 1
vt 0.556227267 0.759502351
v 1088 238.27417 128
vn 0 0 1
vt 0.5618186 0.773512602
f 1427/1427/1427 1426/1426/1426 1425/1425/1425 1424/1424/1424 1423/1423/1423
v 1024 -84 128
vn 0 0 1
vt 0.573839843 0.0889459848
v 1024 -41.6758537 128
vn 0 0 1
vt 0.573839843 0.0978932381
v 1088 -41.6758537 128
vn 0 0 1
vt 0.579431117 0.0978932381
f 1430/1430/1430 1429/1429/1429 1428/1428/1428
v 1088 -144.006638 128
vn 0 0 1
vt 0.366123855 0.199548304
v 1086.08069 -148 128
vn 0 0 1
vt 0.365956157 0.198704123
v 1024 -148 128
vn 0 0 1
vt 0.360532582 0.198704123
v 1024 -84 128
vn 0 0 1
vt 0.360532582 0.212233663
v 1088 -41.6758537 128
vn 0 0 1
vt 0.366123855 0.221180856
f 1435/1435/1435 1434/1434/1434 1433/1433/1433 1432/1432/1432 1431/1431/1431
v 1261.32935 316 256
vn 0.901303232 -0.433188736 -0
vt 0.828230202 0.0189968944
v 1261.32935 316 128
vn 0.901303232 -0.433188736 -0
vt 0.828230202 0.017408669
v 1269.01929 332 128
vn 0.901303232 -0.433188736 -0
vt 0.826058984 0.017408669
v 1269.01929 332 256
vn 0.901303232 -0.433188736 -0
vt 0.826058984 0.0189968944
f 1439/1439/1439 1438/1438/1438 1437/1437/1437 1436/1436/1436
v 1261.32935 316 438.400024
vn 0.780868828 0.624695063 -0
vt 0.600606918 0.942363977
v 1261.32935 316 864
vn 0.780868828 0.624695063 -0
vt 0.600606918 0.995173216
v 1328 232.661667 864
vn 0.780868828 0.624695063 -0
vt 0.613660336 0.995173216
v 1328 232.661667 348.799988
vn 0.780868828 0.624695063 -0
vt 0.613660336 0.931246281
v 1261.32935 316 348.799988
vn 0.780868828 0.624695063 -0
vt 0.600606918 0.931246281
f 1444/1444/1444 1443/1443/1443 1442/1442/1442 1441/1441/1441 1440/1440/1440
v 1261.32935 316 256
vn 0.780868828 0.624695063 -0
vt 0.42839554 0.353521407
v 1261.32935 316 348.799988
vn 0.780868828 0.624695063 -0
vt 0.42839554 0.365036249
v 1328 232.661667 348.799988
vn 0.780868828 0.624695063 -0
vt 0.441449016 0.365036249
v 1328 232.661667 128
vn 0.780868828 0.624695063 -0
vt 0.441449016 0.337638974
v 1261.32935 316 128
vn 0.780868828 0.624695063 -0
vt 0.42839554 0.337638974
f 1449/1449/1449 1448/1448/1448 1447/1447/1447 1446/1446/1446 1445/1445/1445
v 1269.01929 332 864
vn 0.780868828 0.624695063 0
vt 0.114619374 0.629876375
v 1269.01929 332 438.400024
vn 0.780868828 0.624695063 0
vt 0.114619374 0.577067196
v 1328 258.27417 864
vn 0.780868828 0.624695063 0
vt 0.103071533 0.629876375
f 1452/1452/1452 1451/1451/1451 1450/1450/1450
v 1328 258.27417 384
vn 0.780868828 0.624695063 0
vt 0.617748618 0.93561393
v 1328 258.27417 864
vn 0.780868828 0.624695063 0
vt 0.617748618 0.995173216
v 1269.01929 332 438.400024
vn 0.780868828 0.624695063 0
vt 0.629296482 0.942363977
v 1269.01929 332 348.799988
vn 0.780868828 0.624695063 0
vt 0.629296482 0.931246281
v 1328 258.27417 348.799988
vn 0.780868828 0.624695063 0
vt 0.617748618 0.931246281
f 1457/1457/1457 1456/1456/1456 1455/1455/1455 1454/1454/1454 1453/1453/1453
v 1269.01929 332 128
vn 0.780868828 0.624695063 0
vt 0.543190777 0.173255384
v 1328 258.27417 128
vn 0.780868828 0.624695063 0
vt 0.531642973 0.173255384
v 1328 258.27417 160
vn 0.780868828 0.624695063 0
vt 0.531642973 0.177226007
v 1269.01929 332 256
vn 0.780868828 0.624695063 0
vt 0.543190777 0.189137876
f 1461/1461/1461 1460/1460/1460 1459/1459/1459 1458/1458/1458
v 1269.01929 332 348.799988
vn 0.780868828 0.624695063 0
vt 0.842603683 0.0180042386
v 1328 258.27417 339.200012
vn 0.780868828 0.624695063 0
vt 0.83105588 0.0168130994
v 1328 258.27417 348.799988
vn 0.780868828 0.624695063 0
vt 0.83105588 0.0180042386
f 1464/1464/1464 1463/1463/1463 1462/1462/1462
v 1328 258.27417 288
vn 0.780868828 0.624695063 0
vt 0.981740832 0.279866457
v 1328 258.27417 339.200012
vn 0.780868828 0.624695063 0
vt 0.981740832 0.286219478
v 1269.01929 332 348.799988
vn 0.780868828 0.624695063 0
vt 0.993288636 0.287410676
v 1269.01929 332 256
vn 0.780868828 0.624695063 0
vt 0.993288636 0.275895834
v 1328 258.27417 160
vn 0.780868828 0.624695063 0
vt 0.981740832 0.263984025
f 1469/1469/1469 1468/1468/1468 1467/1467/1467 1466/1466/1466 1465/1465/1465
v 1170.67065 316 128
vn 0.901303232 0.433188736 0
vt 0.547807634 0.173255384
v 1170.67065 316 256
vn 0.901303232 0.433188736 0
vt 0.547807634 0.189137876
v 1162.98071 332 256
vn 0.901303232 0.433188736 0
vt 0.549978852 0.189137876
v 1162.98071 332 128
vn 0.901303232 0.433188736 0
vt 0.549978852 0.173255384
f 1473/1473/1473 1472/1472/1472 1471/1471/1471 1470/1470/1470
v 1261.32935 316 438.400024
vn 0 1 0
vt 0.644487441 0.9310112
v 1170.67065 316 438.400024
vn 0 1 0
vt 0.633399069 0.9310112
v 1170.67065 316 864
vn 0 1 0
vt 0.633399069 0.994938135
v 1261.32935 316 864
vn 0 1 0
vt 0.644487441 0.994938135
f 1477/1477/1477 1476/1476/1476 1475/1475/1475 1474/1474/1474
v 1261.32935 316 438.400024
vn 0 1 0
vt 0.564252555 0.186718941
v 1261.32935 316 348.799988
vn 0 1 0
vt 0.564252555 0.173260629
v 1170.67065 316 438.400024
vn 0 1 0
vt 0.553164244 0.186718941
f 1480/1480/1480 1479/1479/1479 1478/1478/1478
v 1170.67065 316 348.799988
vn 0 1 0
vt 0.445532113 0.351342797
v 1170.67065 316 438.400024
vn 0 1 0
vt 0.445532113 0.364801109
v 1261.32935 316 348.799988
vn 0 1 0
vt 0.456620514 0.351342797
v 1261.32935 316 256
vn 0 1 0
vt 0.456620514 0.337403893
v 1170.67065 316 256
vn 0 1 0
vt 0.445532113 0.337403893
f 1485/1485/1485 1484/1484/1484 1483/1483/1483 1482/1482/1482 1481/1481/1481
v 1162.98071 332 256
vn 0 0 1
vt 0.301005304 0.56735158
v 1170.67065 316 256
vn 0 0 1
vt 0.300064743 0.521689534
v 1261.32935 316 256
vn 0 0 1
vt 0.288976341 0.521689534
v 1269.01929 332 256
vn 0 0 1
vt 0.28803581 0.56735158
f 1489/1489/1489 1488/1488/1488 1487/1487/1487 1486/1486/1486
v 1162.98071 332 438.400024
vn 0.780868828 -0.624695063 -0
vt 0.648680747 0.942363977
v 1162.98071 332 864
vn 0.780868828 -0.624695063 -0
vt 0.648680747 0.995173216
v 1088 238.27417 864
vn 0.780868828 -0.624695063 -0
vt 0.663361251 0.995173216
v 1088 238.27417 348.799988
vn 0.780868828 -0.624695063 -0
vt 0.663361251 0.931246281
v 1162.98071 332 348.799988
vn 0.780868828 -0.624695063 -0
vt 0.648680747 0.931246281
f 1494/1494/1494 1493/1493/1493 1492/1492/1492 1491/1491/1491 1490/1490/1490
v 1162.98071 332 256
vn 0.780868828 -0.624695063 -0
vt 0.46081382 0.353521407
v 1162.98071 332 348.799988
vn 0.780868828 -0.624695063 -0
vt 0.46081382 0.365036249
v 1088 238.27417 348.799988
vn 0.780868828 -0.624695063 -0
vt 0.475494295 0.365036249
v 1088 238.27417 128
vn 0.780868828 -0.624695063 -0
vt 0.475494295 0.337638974
v 1162.98071 332 128
vn 0.780868828 -0.624695063 -0
vt 0.46081382 0.337638974
f 1499/1499/1499 1498/1498/1498 1497/1497/1497 1496/1496/1496 1495/1495/1495
v 1170.67065 316 438.400024
vn 0.780868828 -0.624695063 0
vt 0.681102753 0.942363977
v 1170.67065 316 348.799988
vn 0.780868828 -0.624695063 0
vt 0.681102753 0.931246281
v 1104 232.661667 348.799988
vn 0.780868828 -0.624695063 0
vt 0.668049335 0.931246281
v 1104 232.661667 864
vn 0.780868828 -0.624695063 0
vt 0.668049335 0.995173216
v 1170.67065 316 864
vn 0.780868828 -0.624695063 0
vt 0.681102753 0.995173216
f 1504/1504/1504 1503/1503/1503 1502/1502/1502 1501/1501/1501 1500/1500/1500
v 1170.67065 316 256
vn 0.780868828 -0.624695063 0
vt 0.493235856 0.353521407
v 1170.67065 316 128
vn 0.780868828 -0.624695063 0
vt 0.493235856 0.337638974
v 1104 232.661667 128
vn 0.780868828 -0.624695063 0
vt 0.480182379 0.337638974
v 1104 232.661667 348.799988
vn 0.780868828 -0.624695063 0
vt 0.480182379 0.365036249
v 1170.67065 316 348.799988
vn 0.780868828 -0.624695063 0
vt 0.493235856 0.365036249
f 1509/1509/1509 1508/1508/1508 1507/1507/1507 1506/1506/1506 1505/1505/1505
v 1312.5293 92 864
vn 0.780868828 -0.624695063 -0
vt 0.687573373 0.995173216
v 1261.32935 28 864
vn 0.780868828 -0.624695063 -0
vt 0.697597861 0.995173216
v 1261.32935 28 348.799988
vn 0.780868828 -0.624695063 -0
vt 0.697597861 0.931246281
v 1328 111.338326 348.799988
vn 0.780868828 -0.624695063 -0
vt 0.684544384 0.931246281
v 1328 111.338326 864
vn 0.780868828 -0.624695063 -0
vt 0.684544384 0.995173216
f 1514/1514/1514 1513/1513/1513 1512/1512/1512 1511/1511/1511 1510/1510/1510
v 1261.32935 28 128
vn 0.780868828 -0.624695063 -0
vt 0.509730935 0.337638974
v 1328 111.338326 128
vn 0.780868828 -0.624695063 -0
vt 0.496677428 0.337638974
v 1328 111.338326 348.799988
vn 0.780868828 -0.624695063 -0
vt 0.496677428 0.365036249
v 1261.32935 28 348.799988
vn 0.780868828 -0.624695063 -0
vt 0.509730935 0.365036249
f 1518/1518/1518 1517/1517/1517 1516/1516/1516 1515/1515/1515
v 1328 85.7258301 384
vn 0.780868828 -0.624695063 0
vt 0.712226629 0.93561393
v 1328 85.7258301 348.799988
vn 0.780868828 -0.624695063 0
vt 0.712226629 0.931246281
v 1269.01929 12 348.799988
vn 0.780868828 -0.624695063 0
vt 0.700678825 0.931246281
v 1269.01929 12 864
vn 0.780868828 -0.624695063 0
vt 0.700678825 0.995173216
v 1328 85.7258301 864
vn 0.780868828 -0.624695063 0
vt 0.712226629 0.995173216
f 1523/1523/1523 1522/1522/1522 1521/1521/1521 1520/1520/1520 1519/1519/1519
v 1328 85.7258301 128
vn 0.780868828 -0.624695063 0
vt 0.0135965291 0.0408353209
v 1269.01929 12 128
vn 0.780868828 -0.624695063 0
vt 0.00204868661 0.0408353209
v 1328 85.7258301 160
vn 0.780868828 -0.624695063 0
vt 0.0135965291 0.044805944
f 1526/1526/1526 1525/1525/1525 1524/1524/1524
v 1269.01929 12 348.799988
vn 0.780868828 -0.624695063 0
vt 0.847449839 0.0180042386
v 1328 85.7258301 348.799988
vn 0.780868828 -0.624695063 0
vt 0.858997703 0.0180042386
v 1328 85.7258301 339.200012
vn 0.780868828 -0.624695063 0
vt 0.858997703 0.0168130994
f 1529/1529/1529 1528/1528/1528 1527/1527/1527
v 1328 85.7258301 288
vn 0.780868828 -0.624695063 0
vt 0.524359703 0.35749203
v 1328 85.7258301 160
vn 0.780868828 -0.624695063 0
vt 0.524359703 0.341609597
v 1269.01929 12 128
vn 0.780868828 -0.624695063 0
vt 0.512811899 0.337638974
v 1269.01929 12 348.799988
vn 0.780868828 -0.624695063 0
vt 0.512811899 0.365036249
v 1328 85.7258301 339.200012
vn 0.780868828 -0.624695063 0
vt 0.524359703 0.36384505
f 1534/1534/1534 1533/1533/1533 1532/1532/1532 1531/1531/1531 1530/1530/1530
v 1269.01929 12 348.799988
vn 0 1 0
vt 0.729576766 0.931246281
v 1162.98071 12 348.799988
vn 0 1 0
vt 0.716607213 0.931246281
v 1162.98071 12 864
vn 0 1 0
vt 0.716607213 0.995173216
v 1269.01929 12 864
vn 0 1 0
vt 0.729576766 0.995173216
f 1538/1538/1538 1537/1537/1537 1536/1536/1536 1535/1535/1535
v 1269.01929 12 128
vn 0 1 0
vt 0.54170984 0.337638974
v 1162.98071 12 128
vn 0 1 0
vt 0.528740287 0.337638974
v 1162.98071 12 348.799988
vn 0 1 0
vt 0.528740287 0.365036249
v 1269.01929 12 348.799988
vn 0 1 0
vt 0.54170984 0.365036249
f 1542/1542/1542 1541/1541/1541 1540/1540/1540 1539/1539/1539
v 1170.67065 28 348.799988
vn 0 1 0
vt 0.744291723 0.931246281
v 1261.32935 28 348.799988
vn 0 1 0
vt 0.733203411 0.931246281
v 1261.32935 28 864
vn 0 1 0
vt 0.733203411 0.995173216
v 1170.67065 28 864
vn 0 1 0
vt 0.744291723 0.995173216
f 1546/1546/1546 1545/1545/1545 1544/1544/1544 1543/1543/1543
v 1170.67065 28 128
vn 0 1 0
vt 0.556424797 0.337638974
v 1261.32935 28 128
vn 0 1 0
vt 0.545336485 0.337638974
v 1261.32935 28 348.799988
vn 0 1 0
vt 0.545336485 0.365036249
v 1170.67065 28 348.799988
vn 0 1 0
vt 0.556424797 0.365036249
f 1550/1550/1550 1549/1549/1549 1548/1548/1548 1547/1547/1547
v 1088 105.72583 348.799988
vn 1 0 0
vt 0.764466047 0.931246281
v 1088 238.27417 348.799988
vn 1 0 0
vt 0.74825412 0.931246281
v 1088 238.27417 864
vn 1 0 0
vt 0.74825412 0.995173216
v 1088 105.72583 864
vn 1 0 0
vt 0.764466047 0.995173216
f 1554/1554/1554 1553/1553/1553 1552/1552/1552 1551/1551/1551
v 1088 105.72583 128
vn 1 0 0
vt 0.576599121 0.337638974
v 1088 238.27417 128
vn 1 0 0
vt 0.560387194 0.337638974
v 1088 238.27417 348.799988
vn 1 0 0
vt 0.560387194 0.365036249
v 1088 105.72583 348.799988
vn 1 0 0
vt 0.576599121 0.365036249
f 1558/1558/1558 1557/1557/1557 1556/1556/1556 1555/1555/1555
v 1104 232.661667 348.799988
vn 1 0 0
vt 0.783349037 0.931246281
v 1104 111.338326 348.799988
vn 1 0 0
vt 0.768510103 0.931246281
v 1104 111.338326 864
vn 1 0 0
vt 0.768510103 0.995173216
v 1104 232.661667 864
vn 1 0 0
vt 0.783349037 0.995173216
f 1562/1562/1562 1561/1561/1561 1560/1560/1560 1559/1559/1559
v 1104 232.661667 128
vn 1 0 0
vt 0.595482111 0.337638974
v 1104 111.338326 128
vn 1 0 0
vt 0.580643177 0.337638974
v 1104 111.338326 348.799988
vn 1 0 0
vt 0.580643177 0.365036249
v 1104 232.661667 348.799988
vn 1 0 0
vt 0.595482111 0.365036249
f 1566/1566/1566 1565/1565/1565 1564/1564/1564 1563/1563/1563
v 1162.98071 12 348.799988
vn 0.780868828 0.624695063 -0
vt 0.798251987 0.931246281
v 1104 85.7258301 348.799988
vn 0.780868828 0.624695063 -0
vt 0.786704183 0.931246281
v 1104 85.7258301 864
vn 0.780868828 0.624695063 -0
vt 0.786704183 0.995173216
v 1162.98071 12 864
vn 0.780868828 0.624695063 -0
vt 0.798251987 0.995173216
f 1570/1570/1570 1569/1569/1569 1568/1568/1568 1567/1567/1567
v 1162.98071 12 128
vn 0.780868828 0.624695063 -0
vt 0.61038506 0.337638974
v 1104 85.7258301 128
vn 0.780868828 0.624695063 -0
vt 0.598837256 0.337638974
v 1104 85.7258301 348.799988
vn 0.780868828 0.624695063 -0
vt 0.598837256 0.365036249
v 1162.98071 12 348.799988
vn 0.780868828 0.624695063 -0
vt 0.61038506 0.365036249
f 1574/1574/1574 1573/1573/1573 1572/1572/1572 1571/1571/1571
v 1119.4707 92 864
vn 0.780868828 0.624695063 0
vt 0.811538875 0.995173216
v 1104 111.338326 864
vn 0.780868828 0.624695063 0
vt 0.814567864 0.995173216
v 1104 111.338326 348.799988
vn 0.780868828 0.624695063 0
vt 0.814567864 0.931246281
v 1170.67065 28 348.799988
vn 0.780868828 0.624695063 0
vt 0.801514387 0.931246281
v 1170.67065 28 864
vn 0.780868828 0.624695063 0
vt 0.801514387 0.995173216
f 1579/1579/1579 1578/1578/1578 1577/1577/1577 1576/1576/1576 1575/1575/1575
v 1104 111.338326 128
vn 0.780868828 0.624695063 0
vt 0.626700938 0.337638974
v 1170.67065 28 128
vn 0.780868828 0.624695063 0
vt 0.613647461 0.337638974
v 1170.67065 28 348.799988
vn 0.780868828 0.624695063 0
vt 0.613647461 0.365036249
v 1104 111.338326 348.799988
vn 0.780868828 0.624695063 0
vt 0.626700938 0.365036249
f 1583/1583/1583 1582/1582/1582 1581/1581/1581 1580/1580/1580
v 1104 85.7258301 348.799988
vn 0.780868828 0.624695063 -0
vt 0.821929216 0.931246281
v 1088 105.72583 348.799988
vn 0.780868828 0.624695063 -0
vt 0.818796515 0.931246281
v 1088 105.72583 864
vn 0.780868828 0.624695063 -0
vt 0.818796515 0.995173216
v 1104 85.7258301 864
vn 0.780868828 0.624695063 -0
vt 0.821929216 0.995173216
f 1587/1587/1587 1586/1586/1586 1585/1585/1585 1584/1584/1584
v 1104 85.7258301 128
vn 0.780868828 0.624695063 -0
vt 0.63406229 0.337638974
v 1088 105.72583 128
vn 0.780868828 0.624695063 -0
vt 0.630929589 0.337638974
v 1088 105.72583 348.799988
vn 0.780868828 0.624695063 -0
vt 0.630929589 0.365036249
v 1104 85.7258301 348.799988
vn 0.780868828 0.624695063 -0
vt 0.63406229 0.365036249
f 1591/1591/1591 1590/1590/1590 1589/1589/1589 1588/1588/1588
v 1328 29.5999908 96
vn 0 0 1
vt 0.567899048 0.172321558
v 1328 96.7999725 96
vn 0 0 1
vt 0.567899048 0.18652755
v 1024 29.5999908 96
vn 0 0 1
vt 0.594457626 0.172321558
f 1594/1594/1594 1593/1593/1593 1592/1592/1592
v 1024 204 96
vn 0 0 1
vt 0.85277468 0.967180371
v 1024 29.5999908 96
vn 0 0 1
vt 0.85277468 0.930312455
v 1328 96.7999725 96
vn 0 0 1
vt 0.826216042 0.944518447
v 1328 332 96
vn 0 0 1
vt 0.826216042 0.99423939
v 1024 332 96
vn 0 0 1
vt 0.85277468 0.99423939
f 1599/1599/1599 1598/1598/1598 1597/1597/1597 1596/1596/1596 1595/1595/1595
v 1126.40002 -148 96
vn 0 0 1
vt 0.873182774 0.468110502
v 1328 -148 96
vn 0 0 1
vt 0.855570257 0.468110502
v 1328 29.5999908 96
vn 0 0 1
vt 0.855570257 0.505654931
v 1024 29.5999908 96
vn 0 0 1
vt 0.882128894 0.505654931
v 1024 -84 96
vn 0 0 1
vt 0.882128894 0.481640041
v 1024 -148 96
vn 0 0 1
vt 0.882128894 0.468110502
f 1605/1605/1605 1604/1604/1604 1603/1603/1603 1602/1602/1602 1601/1601/1601 1600/1600/1600
v 896 82.4000015 128
vn 1 0 0
vt 0.0457436405 0.0479452014
v 896 82.4000015 0
vn 1 0 0
vt 0.0457436405 0.0388127565
v 896 172 0
vn 1 0 0
vt 0.0183463804 0.0388127565
v 896 172 128
vn 1 0 0
vt 0.0183463804 0.0479452014
f 1609/1609/1609 1608/1608/1608 1607/1607/1607 1606/1606/1606
v 896 16 0
vn 1 0 0
vt 0.0699608624 0.0388127565
v 896 82.4000015 0
vn 1 0 0
vt 0.0496575348 0.0388127565
v 896 82.4000015 128
vn 1 0 0
vt 0.0496575348 0.0479452014
v 896 12 128
vn 1 0 0
vt 0.0711839497 0.0479452014
v 896 12 0
vn 1 0 0
vt 0.0711839497 0.0388127565
f 1614/1614/1614 1613/1613/1613 1612/1612/1612 1611/1611/1611 1610/1610/1610
v 1024 172 480
vn 0 0 1
vt 0.368884534 0.219606161
v 992 172 480
vn 0 0 1
vt 0.38845402 0.219606161
v 992 -84 480
vn 0 0 1
vt 0.38845402 0.201341331
v 1024 -84 480
vn 0 0 1
vt 0.368884534 0.201341331
f 1618/1618/1618 1617/1617/1617 1616/1616/1616 1615/1615/1615
v 992 -96.8000031 640
vn 0 0 1
vt 0.863992155 0.941375256
v 992 -148 640
vn 0 0 1
vt 0.863992155 0.930800915
v 928 -148 640
vn 0 0 1
vt 0.856164396 0.930800915
v 928 172 640
vn 0 0 1
vt 0.856164396 0.996890783
v 992 172 640
vn 0 0 1
vt 0.863992155 0.996890783
f 1623/1623/1623 1622/1622/1622 1621/1621/1621 1620/1620/1620 1619/1619/1619
v 992 172 768
vn 0 0 1
vt 0.564579248 0.773972631
v 896 172 768
vn 0 0 1
vt 0.576320946 0.773972631
v 896 -52 768
vn 0 0 1
vt 0.576320946 0.710045695
v 992 -52 768
vn 0 0 1
vt 0.564579248 0.710045695
f 1627/1627/1627 1626/1626/1626 1625/1625/1625 1624/1624/1624
v 992 -96.8000031 768
vn 0 0 1
vt 0.000978473574 0.240639269
v 992 -52 768
vn 0 0 1
vt 0.000978473574 0.253424644
v 896 -52 768
vn 0 0 1
vt 0.0127201565 0.253424644
v 896 -148 768
vn 0 0 1
vt 0.0127201565 0.226027369
v 992 -148 768
vn 0 0 1
vt 0.000978473574 0.226027369
f 1632/1632/1632 1631/1631/1631 1630/1630/1630 1629/1629/1629 1628/1628/1628
v 992 837.599976 896
vn 1 0 0
vt 0.87847358 0.0202308297
v 992 748 896
vn 1 0 0
vt 0.88943249 0.0202308297
v 992 748 768
vn 1 0 0
vt 0.88943249 0.017694056
v 992 972 768
vn 1 0 0
vt 0.862035215 0.017694056
v 992 972 896
vn 1 0 0
vt 0.862035215 0.0202308297
f 1637/1637/1637 1636/1636/1636 1635/1635/1635 1634/1634/1634 1633/1633/1633
v 992 703.200012 896
vn 1 0 0
vt 0.896868885 0.0202308297
v 992 684 896
vn 1 0 0
vt 0.899217248 0.0202308297
v 992 684 768
vn 1 0 0
vt 0.899217248 0.017694056
v 992 748 768
vn 1 0 0
vt 0.89138943 0.017694056
v 992 748 896
vn 1 0 0
vt 0.89138943 0.0202308297
f 1642/1642/1642 1641/1641/1641 1640/1640/1640 1639/1639/1639 1638/1638/1638
v 992 703.200012 896
vn 0 0 1
vt 0.0146771036 0.228310525
v 992 748 896
vn 0 0 1
vt 0.0146771036 0.249619424
v 1024 703.200012 896
vn 0 0 1
vt 0.0185909979 0.228310525
f 1645/1645/1645 1644/1644/1644 1643/1643/1643
v 1024 780 896
vn 0 0 1
vt 0.869863033 0.968036532
v 1024 703.200012 896
vn 0 0 1
vt 0.869863033 0.931506872
v 992 748 896
vn 0 0 1
vt 0.865949094 0.952815831
v 992 837.599976 896
vn 0 0 1
vt 0.865949094 0.995433748
v 1024 837.599976 896
vn 0 0 1
vt 0.869863033 0.995433748
f 1650/1650/1650 1649/1649/1649 1648/1648/1648 1647/1647/1647 1646/1646/1646
v 992 972 896
vn 0 0 1
vt 0.871819973 0.995433807
v 1024 972 896
vn 0 0 1
vt 0.875733852 0.995433807
v 1024 837.599976 896
vn 0 0 1
vt 0.875733852 0.931506813
v 992 837.599976 896
vn 0 0 1
vt 0.871819973 0.931506813
f 1654/1654/1654 1653/1653/1653 1652/1652/1652 1651/1651/1651
v 992 684 896
vn 0 0 1
vt 0.582191765 0.0867580175
v 992 703.200012 896
vn 0 0 1
vt 0.582191765 0.0958904028
v 1024 703.200012 896
vn 0 0 1
vt 0.586105704 0.0958904028
v 1024 684 896
vn 0 0 1
vt 0.586105704 0.0867580175
f 1658/1658/1658 1657/1657/1657 1656/1656/1656 1655/1655/1655
v 936 204 640
vn 0 1 0
vt 0.602912366 0.171232879
v 992 204 640
vn 0 1 0
vt 0.59888339 0.171232879
v 992 204 768
vn 0 1 0
vt 0.59888339 0.189497709
v 896 204 768
vn 0 1 0
vt 0.605790317 0.189497709
v 896 204 640
vn 0 1 0
vt 0.605790317 0.171232879
f 1663/1663/1663 1662/1662/1662 1661/1661/1661 1660/1660/1660 1659/1659/1659
v 992 748 768
vn 1 0 0
vt 0.100782782 0.045091331
v 992 748 640
vn 1 0 0
vt 0.100782782 0.0425545573
v 992 972 640
vn 1 0 0
vt 0.0733855218 0.0425545573
v 992 972 768
vn 1 0 0
vt 0.0733855218 0.045091331
f 1667/1667/1667 1666/1666/1666 1665/1665/1665 1664/1664/1664
v 992 684 768
vn 1 0 0
vt 0.110567518 0.045091331
v 992 684 640
vn 1 0 0
vt 0.110567518 0.0425545573
v 992 748 640
vn 1 0 0
vt 0.102739729 0.0425545573
v 992 748 768
vn 1 0 0
vt 0.102739729 0.045091331
f 1671/1671/1671 1670/1670/1670 1669/1669/1669 1668/1668/1668
v 928 172 640
vn 0 1 0
vt 0.613733172 0.171232879
v 896 172 640
vn 0 1 0
vt 0.611430824 0.171232879
v 896 172 768
vn 0 1 0
vt 0.611430824 0.189497709
v 992 172 768
vn 0 1 0
vt 0.61833775 0.189497709
v 992 172 640
vn 0 1 0
vt 0.61833775 0.171232879
f 1676/1676/1676 1675/1675/1675 1674/1674/1674 1673/1673/1673 1672/1672/1672
v 992 -52 768
vn 1 0 0
vt 0.645711064 0.189497709
v 992 -96.8000031 768
vn 1 0 0
vt 0.650277197 0.189497709
v 992 -96.8000031 640
vn 1 0 0
vt 0.650277197 0.171232879
v 992 172 640
vn 1 0 0
vt 0.622879982 0.171232879
v 992 172 768
vn 1 0 0
vt 0.622879982 0.189497709
f 1681/1681/1681 1680/1680/1680 1679/1679/1679 1678/1678/1678 1677/1677/1677
v 992 -148 640
vn 1 0 0
vt 0.659409702 0.171232879
v 992 -96.8000031 640
vn 1 0 0
vt 0.654191136 0.171232879
v 992 -96.8000031 768
vn 1 0 0
vt 0.654191136 0.189497709
v 992 -148 768
vn 1 0 0
vt 0.659409702 0.189497709
f 1685/1685/1685 1684/1684/1684 1683/1683/1683 1682/1682/1682
v 992 748 640
vn 1 0 0
vt 0.928571403 0.019723475
v 992 748 480
vn 1 0 0
vt 0.928571403 0.0165525079
v 992 972 480
vn 1 0 0
vt 0.901174188 0.0165525079
v 992 972 640
vn 1 0 0
vt 0.901174188 0.019723475
f 1689/1689/1689 1688/1688/1688 1687/1687/1687 1686/1686/1686
v 992 684 640
vn 1 0 0
vt 0.938356161 0.019723475
v 992 684 480
vn 1 0 0
vt 0.938356161 0.0165525079
v 992 748 480
vn 1 0 0
vt 0.930528402 0.0165525079
v 992 748 640
vn 1 0 0
vt 0.930528402 0.019723475
f 1693/1693/1693 1692/1692/1692 1691/1691/1691 1690/1690/1690
v 992 -148 628.148132
vn 1 0 0
vt 0.394841254 0.219769955
v 992 -148 480
vn 1 0 0
vt 0.394841254 0.198630154
v 992 -84 480
vn 1 0 0
vt 0.390492499 0.198630154
v 992 -84 628.148132
vn 1 0 0
vt 0.390492499 0.219769955
f 1697/1697/1697 1696/1696/1696 1695/1695/1695 1694/1694/1694
v 992 -84 628.148132
vn 1 0 0
vt 0.682729959 0.188144743
v 992 -84 480
vn 1 0 0
vt 0.682729959 0.171232879
v 992 172 480
vn 1 0 0
vt 0.663160443 0.171232879
v 992 172 628.148132
vn 1 0 0
vt 0.663160443 0.188144743
f 1701/1701/1701 1700/1700/1700 1699/1699/1699 1698/1698/1698
v 936 204 480
vn 0 1 0
vt 0.894324839 0.522831082
v 992 204 480
vn 0 1 0
vt 0.901174188 0.522831082
v 992 204 640
vn 0 1 0
vt 0.901174188 0.568493128
v 936 204 640
vn 0 1 0
vt 0.894324839 0.568493128
f 1705/1705/1705 1704/1704/1704 1703/1703/1703 1702/1702/1702
v 992 172 480
vn 0 1 0
vt 0.910958886 0.522831082
v 936 172 480
vn 0 1 0
vt 0.904109597 0.522831082
v 936 172 628.148132
vn 0 1 0
vt 0.904109597 0.565110803
v 992 172 628.148132
vn 0 1 0
vt 0.910958886 0.565110803
f 1709/1709/1709 1708/1708/1708 1707/1707/1707 1706/1706/1706
v 992 -84 628.148132
vn 0 0 1
vt 0.877690792 0.944018841
v 992 172 628.148132
vn 0 0 1
vt 0.877690792 0.996890783
v 936 172 628.148132
vn 0 0 1
vt 0.884540141 0.996890783
v 936 -148 628.148132
vn 0 0 1
vt 0.884540141 0.930800915
v 992 -148 628.148132
vn 0 0 1
vt 0.877690792 0.930800915
f 1714/1714/1714 1713/1713/1713 1712/1712/1712 1711/1711/1711 1710/1710/1710
v 936 204 480
vn 0 1 0
vt 0.917808235 0.522831082
v 936 204 640
vn 0 1 0
vt 0.917808235 0.568493128
v 896 204 640
vn 0 1 0
vt 0.912915826 0.568493128
v 896 204 480
vn 0 1 0
vt 0.912915826 0.522831082
f 1718/1718/1718 1717/1717/1717 1716/1716/1716 1715/1715/1715
v 936 172 628.148132
vn 0 0 1
vt 0.88845402 0.996890783
v 896 172 628.148132
vn 0 0 1
vt 0.893346369 0.996890783
v 896 -148 628.148132
vn 0 0 1
vt 0.893346369 0.930800915
v 936 -148 628.148132
vn 0 0 1
vt 0.88845402 0.930800915
f 1722/1722/1722 1721/1721/1721 1720/1720/1720 1719/1719/1719
v 896 172 640
vn 0 1 0
vt 0.940313101 0.0205479264
v 928 172 640
vn 0 1 0
vt 0.94422698 0.0205479264
v 928 172 639.353516
vn 0 1 0
vt 0.94422698 0.0203634501
v 896 172 639.353516
vn 0 1 0
vt 0.940313101 0.0203634501
f 1726/1726/1726 1725/1725/1725 1724/1724/1724 1723/1723/1723
v 928 -148 639.353516
vn 1 0 0
vt 0.974862218 0.0182186961
v 928 172 639.353516
vn 1 0 0
vt 0.946537971 0.0182186961
v 928 172 640
vn 1 0 0
vt 0.946537971 0.0182648301
v 928 -148 640
vn 1 0 0
vt 0.974862218 0.0182648301
f 1730/1730/1730 1729/1729/1729 1728/1728/1728 1727/1727/1727
v 896 172 639.353516
vn 0 0 1
vt 0.895303309 0.996890783
v 928 172 639.353516
vn 0 0 1
vt 0.899217248 0.996890783
v 928 -148 639.353516
vn 0 0 1
vt 0.899217248 0.930800915
v 896 -148 639.353516
vn 0 0 1
vt 0.895303309 0.930800915
f 1734/1734/1734 1733/1733/1733 1732/1732/1732 1731/1731/1731
v 936 172 628.148132
vn 0 1 0
vt 0.925635993 0.565110803
v 936 172 480
vn 0 1 0
vt 0.925635993 0.522831082
v 896 172 480
vn 0 1 0
vt 0.920743644 0.522831082
v 896 172 628.148132
vn 0 1 0
vt 0.920743644 0.565110803
f 1738/1738/1738 1737/1737/1737 1736/1736/1736 1735/1735/1735
v 1024 -41.6758537 128
vn 0 0 1
vt 0.59145236 0.0978932381
v 1024 -84 128
vn 0 0 1
vt 0.59145236 0.0889459848
v 992 -84 128
vn 0 0 1
vt 0.588656723 0.0889459848
f 1741/1741/1741 1740/1740/1740 1739/1739/1739
v 992 12 128
vn 0 0 1
vt 0.118989378 0.597824693
v 992 172 128
vn 0 0 1
vt 0.118989378 0.631648481
v 1024 172 128
vn 0 0 1
vt 0.121785015 0.631648481
v 1024 -41.6758537 128
vn 0 0 1
vt 0.121785015 0.586477697
v 992 -84 128
vn 0 0 1
vt 0.118989378 0.577530444
f 1746/1746/1746 1745/1745/1745 1744/1744/1744 1743/1743/1743 1742/1742/1742
v 992 -84 128
vn 0 0 1
vt 0.644324839 0.349022806
v 992 -148 128
vn 0 0 1
vt 0.644324839 0.337646782
v 896 -148 128
vn 0 0 1
vt 0.636986315 0.337646782
v 896 12 128
vn 0 0 1
vt 0.636986315 0.366086781
v 992 12 128
vn 0 0 1
vt 0.644324839 0.366086781
f 1751/1751/1751 1750/1750/1750 1749/1749/1749 1748/1748/1748 1747/1747/1747
v 896 82.4000015 128
vn 0 0 1
vt 0.929916859 0.542922378
v 896 172 128
vn 0 0 1
vt 0.929916859 0.568493128
v 992 172 128
vn 0 0 1
vt 0.939701557 0.568493128
v 992 12 128
vn 0 0 1
vt 0.939701557 0.522831082
v 896 12 128
vn 0 0 1
vt 0.929916859 0.522831082
f 1756/1756/1756 1755/1755/1755 1754/1754/1754 1753/1753/1753 1752/1752/1752
v 896 204 416
vn 0 1 0
vt 0.578277886 0.755707741
v 896 204 256
vn 0 1 0
vt 0.578277886 0.710045695
v 992 204 256
vn 0 1 0
vt 0.590019584 0.710045695
v 992 204 480
vn 0 1 0
vt 0.590019584 0.773972631
v 936 204 480
vn 0 1 0
vt 0.583170235 0.773972631
v 896 204 480
vn 0 1 0
vt 0.578277886 0.773972631
f 1762/1762/1762 1761/1761/1761 1760/1760/1760 1759/1759/1759 1758/1758/1758 1757/1757/1757
v 896 204 192
vn 0 1 0
vt 0.380626231 0.394977152
v 896 204 128
vn 0 1 0
vt 0.380626231 0.376712322
v 992 204 128
vn 0 1 0
vt 0.392367899 0.376712322
v 992 204 256
vn 0 1 0
vt 0.392367899 0.413241982
v 896 204 256
vn 0 1 0
vt 0.380626231 0.413241982
f 1767/1767/1767 1766/1766/1766 1765/1765/1765 1764/1764/1764 1763/1763/1763
v 992 802.400024 128
vn 1 0 0
vt 0.614677131 0.0872019529
v 992 972 128
vn 1 0 0
vt 0.593933463 0.0872019529
v 992 972 480
vn 1 0 0
vt 0.593933463 0.0941780806
v 992 748 480
vn 1 0 0
vt 0.621330738 0.0941780806
v 992 748 128
vn 1 0 0
vt 0.621330738 0.0872019529
f 1772/1772/1772 1771/1771/1771 1770/1770/1770 1769/1769/1769 1768/1768/1768
v 992 684 480
vn 1 0 0
vt 0.631115437 0.0941780806
v 992 684 128
vn 1 0 0
vt 0.631115437 0.0872019529
v 992 748 128
vn 1 0 0
vt 0.623287678 0.0872019529
v 992 748 480
vn 1 0 0
vt 0.623287678 0.0941780806
f 1776/1776/1776 1775/1775/1775 1774/1774/1774 1773/1773/1773
v 992 -148 160
vn 1 0 0
vt 0.402669042 0.203196347
v 992 -148 128
vn 1 0 0
vt 0.402669042 0.198630154
v 992 -84 128
vn 1 0 0
vt 0.398320287 0.198630154
v 992 -148 288
vn 1 0 0
vt 0.402669042 0.221461177
f 1780/1780/1780 1779/1779/1779 1778/1778/1778 1777/1777/1777
v 992 -84 480
vn 1 0 0
vt 0.304386824 0.568493128
v 992 -148 480
vn 1 0 0
vt 0.308735579 0.568493128
v 992 -148 384
vn 1 0 0
vt 0.308735579 0.55479455
v 992 -148 339.200012
vn 1 0 0
vt 0.308735579 0.548401833
v 992 -148 288
vn 1 0 0
vt 0.308735579 0.541095853
v 992 -84 128
vn 1 0 0
vt 0.304386824 0.51826483
f 1786/1786/1786 1785/1785/1785 1784/1784/1784 1783/1783/1783 1782/1782/1782 1781/1781/1781
v 1024 -84 192
vn 0 1 0
vt 0.312712908 0.527397275
v 1024 -84 480
vn 0 1 0
vt 0.312712908 0.568493128
v 992 -84 480
vn 0 1 0
vt 0.314162493 0.568493128
v 992 -84 128
vn 0 1 0
vt 0.314162493 0.51826483
v 1024 -84 128
vn 0 1 0
vt 0.312712908 0.51826483
f 1791/1791/1791 1790/1790/1790 1789/1789/1789 1788/1788/1788 1787/1787/1787
v 992 172 256
vn 0 1 0
vt 0.112524465 0.0432111621
v 992 172 480
vn 0 1 0
vt 0.112524465 0.0469714999
v 1024 172 480
vn 0 1 0
vt 0.116438359 0.0469714999
v 1024 172 128
vn 0 1 0
vt 0.116438359 0.0410622954
v 992 172 128
vn 0 1 0
vt 0.112524465 0.0410622954
f 1796/1796/1796 1795/1795/1795 1794/1794/1794 1793/1793/1793 1792/1792/1792
v 896 172 404.148163
vn 0 1 0
vt 0.591976523 0.752325416
v 896 172 480
vn 0 1 0
vt 0.591976523 0.773972631
v 936 172 480
vn 0 1 0
vt 0.596868873 0.773972631
v 992 172 480
vn 0 1 0
vt 0.603718221 0.773972631
v 992 172 256
vn 0 1 0
vt 0.603718221 0.710045695
v 896 172 256
vn 0 1 0
vt 0.591976523 0.710045695
f 1802/1802/1802 1801/1801/1801 1800/1800/1800 1799/1799/1799 1798/1798/1798 1797/1797/1797
v 896 172 180.148148
vn 0 1 0
vt 0.394324839 0.391594827
v 896 172 256
vn 0 1 0
vt 0.394324839 0.413241982
v 992 172 256
vn 0 1 0
vt 0.406066537 0.413241982
v 992 172 128
vn 0 1 0
vt 0.406066537 0.376712322
v 896 172 128
vn 0 1 0
vt 0.394324839 0.376712322
f 1807/1807/1807 1806/1806/1806 1805/1805/1805 1804/1804/1804 1803/1803/1803
v 992 172 0
vn 0 0 1
vt 0.640900195 0.0878995657
v 992 204 0
vn 0 0 1
vt 0.640900195 0.097031951
v 928 204 0
vn 0 0 1
vt 0.633072436 0.097031951
v 928 172 0
vn 0 0 1
vt 0.633072436 0.0878995657
f 1811/1811/1811 1810/1810/1810 1809/1809/1809 1808/1808/1808
v 992 -143.733337 0
vn 0 0 1
vt 0.903203607 0.92979455
v 1024 -143.733337 0
vn 0 0 1
vt 0.901754022 0.92979455
v 1024 -128.800003 0
vn 0 0 1
vt 0.901754022 0.993721485
v 992 -128.800003 0
vn 0 0 1
vt 0.903203607 0.993721485
f 1815/1815/1815 1814/1814/1814 1813/1813/1813 1812/1812/1812
v 992 -128.800003 0
vn 0 0 1
vt 0.909074485 0.92979455
v 1024 -128.800003 0
vn 0 0 1
vt 0.907624841 0.92979455
v 1024 -113.866669 0
vn 0 0 1
vt 0.907624841 0.993721485
v 992 -113.866669 0
vn 0 0 1
vt 0.909074485 0.993721485
f 1819/1819/1819 1818/1818/1818 1817/1817/1817 1816/1816/1816
v 992 -113.866669 0
vn 0 0 1
vt 0.914945304 0.92979455
v 1024 -113.866669 0
vn 0 0 1
vt 0.91349566 0.92979455
v 1024 -98.9333344 0
vn 0 0 1
vt 0.91349566 0.993721485
v 992 -98.9333344 0
vn 0 0 1
vt 0.914945304 0.993721485
f 1823/1823/1823 1822/1822/1822 1821/1821/1821 1820/1820/1820
v 992 -98.9333344 0
vn 0 0 1
vt 0.920816123 0.92979455
v 1024 -98.9333344 0
vn 0 0 1
vt 0.919366539 0.92979455
v 1024 -84 0
vn 0 0 1
vt 0.919366539 0.993721485
v 992 -84 0
vn 0 0 1
vt 0.920816123 0.993721485
f 1827/1827/1827 1826/1826/1826 1825/1825/1825 1824/1824/1824
v 992 -148 0
vn 0 0 1
vt 0.408095956 0.199200928
v 1024 -148 -0
vn 0 0 1
vt 0.406646371 0.199200928
v 1024 -143.733337 0
vn 0 0 1
vt 0.406646371 0.217465758
v 992 -143.733337 0
vn 0 0 1
vt 0.408095956 0.217465758
f 1831/1831/1831 1830/1830/1830 1829/1829/1829 1828/1828/1828
v 896 12 0
vn 0 0 1
vt 0.419765174 0.219968081
v 992 -84 0
vn 0 0 1
vt 0.412426621 0.202904046
v 992 -41.6888885 0
vn 0 0 1
vt 0.412426621 0.21042484
v 992 0.622225344 0
vn 0 0 1
vt 0.412426621 0.217945695
v 992 12 0
vn 0 0 1
vt 0.412426621 0.219968081
f 1836/1836/1836 1835/1835/1835 1834/1834/1834 1833/1833/1833 1832/1832/1832
v 896 -148 0
vn 0 0 1
vt 0.654598832 0.337646782
v 992 -148 0
vn 0 0 1
vt 0.647260249 0.337646782
v 992 -143.733337 0
vn 0 0 1
vt 0.647260249 0.338405192
v 992 -128.800003 0
vn 0 0 1
vt 0.647260249 0.341059566
v 992 -113.866669 0
vn 0 0 1
vt 0.647260249 0.343713999
v 992 -98.9333344 0
vn 0 0 1
vt 0.647260249 0.346368372
v 992 -84 0
vn 0 0 1
vt 0.647260249 0.349022806
v 896 12 0
vn 0 0 1
vt 0.654598832 0.366086781
f 1844/1844/1844 1843/1843/1843 1842/1842/1842 1841/1841/1841 1840/1840/1840 1839/1839/1839 1838/1838/1838 1837/1837/1837
v 928 204 0
vn 0 1 0
vt 0.0205479451 0.226027369
v 992 204 0
vn 0 1 0
vt 0.0283757336 0.226027369
v 992 204 96
vn 0 1 0
vt 0.0283757336 0.253424644
f 1847/1847/1847 1846/1846/1846 1845/1845/1845
v 896 204 128
vn 0 1 0
vt 0.408023477 0.413241982
v 896 204 0
vn 0 1 0
vt 0.408023477 0.376712322
v 928 204 0
vn 0 1 0
vt 0.411937386 0.376712322
v 992 204 96
vn 0 1 0
vt 0.419765174 0.404109597
v 992 204 128
vn 0 1 0
vt 0.419765174 0.413241982
f 1852/1852/1852 1851/1851/1851 1850/1850/1850 1849/1849/1849 1848/1848/1848
v 992 399.200043 128
vn 1 0 0
vt 0.684754848 0.366057873
v 992 399.200043 96
vn 1 0 0
vt 0.684754848 0.33561641
v 992 600.800049 96
vn 1 0 0
vt 0.657357574 0.33561641
v 992 600.800049 128
vn 1 0 0
vt 0.657357574 0.366057873
f 1856/1856/1856 1855/1855/1855 1854/1854/1854 1853/1853/1853
v 992 802.400024 128
vn 1 0 0
vt 0.688668728 0.366057873
v 992 748 128
vn 1 0 0
vt 0.696061671 0.366057873
v 992 802.400024 96
vn 1 0 0
vt 0.688668728 0.33561641
f 1859/1859/1859 1858/1858/1858 1857/1857/1857
v 992 684 128
vn 1 0 0
vt 0.700845242 0.366057873
v 992 600.800049 128
vn 1 0 0
vt 0.712152123 0.366057873
v 992 600.800049 96
vn 1 0 0
vt 0.712152123 0.33561641
f 1862/1862/1862 1861/1861/1861 1860/1860/1860
v 992 701.599976 96
vn 1 0 0
vt 0.72976464 0.33561641
v 992 802.400024 96
vn 1 0 0
vt 0.716066003 0.33561641
v 992 748 128
vn 1 0 0
vt 0.723458886 0.366057873
v 992 684 128
vn 1 0 0
vt 0.732156396 0.366057873
v 992 600.800049 96
vn 1 0 0
vt 0.743463278 0.33561641
f 1867/1867/1867 1866/1866/1866 1865/1865/1865 1864/1864/1864 1863/1863/1863
v 992 972 128
vn 1 0 0
vt 0.751725972 0.366057873
v 992 802.400024 128
vn 1 0 0
vt 0.774774432 0.366057873
v 992 802.400024 96
vn 1 0 0
vt 0.774774432 0.33561641
v 992 1004 96
vn 1 0 0
vt 0.747377157 0.33561641
v 992 1004 128
vn 1 0 0
vt 0.747377157 0.366057873
f 1872/1872/1872 1871/1871/1871 1870/1870/1870 1869/1869/1869 1868/1868/1868
v 992 204 128
vn 1 0 0
vt 0.805215776 0.366057873
v 992 204 96
vn 1 0 0
vt 0.805215776 0.33561641
v 992 399.200043 96
vn 1 0 0
vt 0.778688312 0.33561641
v 992 399.200043 128
vn 1 0 0
vt 0.778688312 0.366057873
f 1876/1876/1876 1875/1875/1875 1874/1874/1874 1873/1873/1873
v 992 1004 96
vn 0 1 0
vt 0.810560465 0.33561641
v 1024 1004 96
vn 0 1 0
vt 0.807764888 0.33561641
v 1024 1004 128
vn 0 1 0
vt 0.807764888 0.366057873
v 992 1004 128
vn 0 1 0
vt 0.810560465 0.366057873
f 1880/1880/1880 1879/1879/1879 1878/1878/1878 1877/1877/1877
v 992 600.800049 96
vn 0 0 1
vt 0.927977324 0.973437786
v 992 399.200043 96
vn 0 0 1
vt 0.927977324 0.930819809
v 1024 399.199982 96
vn 0 0 1
vt 0.925181687 0.930819809
v 1024 701.599976 96
vn 0 0 1
vt 0.925181687 0.994746745
v 992 701.599976 96
vn 0 0 1
vt 0.927977324 0.994746745
f 1885/1885/1885 1884/1884/1884 1883/1883/1883 1882/1882/1882 1881/1881/1881
v 992 802.400024 96
vn 0 0 1
vt 0.933848143 0.952128768
v 992 701.599976 96
vn 0 0 1
vt 0.933848143 0.930819809
v 1024 701.599976 96
vn 0 0 1
vt 0.931052566 0.930819809
v 1024 1004 96
vn 0 0 1
vt 0.931052566 0.994746745
v 992 1004 96
vn 0 0 1
vt 0.933848143 0.994746745
f 1890/1890/1890 1889/1889/1889 1888/1888/1888 1887/1887/1887 1886/1886/1886
v 1024 332 96
vn 0 0 1
vt 0.942794204 0.551316977
v 1024 399.199982 96
vn 0 0 1
vt 0.942794204 0.565522969
v 992 399.200043 96
vn 0 0 1
vt 0.94558984 0.565523028
v 992 204 96
vn 0 0 1
vt 0.94558984 0.524258018
v 1024 204 96
vn 0 0 1
vt 0.942794204 0.524258018
f 1895/1895/1895 1894/1894/1894 1893/1893/1893 1892/1892/1892 1891/1891/1891
v 992 -41.6888885 0
vn 1 0 0
vt 0.00178427796 0.00228309631
v 992 -41.6888885 96
vn 1 0 0
vt 0.00178427796 0.00631213188
v 992 0.622225344 96
vn 1 0 0
vt 0.0291815381 0.00631213188
v 992 0.622225344 0
vn 1 0 0
vt 0.0291815381 0.00228309631
f 1899/1899/1899 1898/1898/1898 1897/1897/1897 1896/1896/1896
v 992 -84 0
vn 1 0 0
vt 0.0330954343 0.00228309631
v 992 -84 96
vn 1 0 0
vt 0.0330954343 0.00631213188
v 992 -41.6888885 96
vn 1 0 0
vt 0.0604926944 0.00631213188
v 992 -41.6888885 0
vn 1 0 0
vt 0.0604926944 0.00228309631
f 1903/1903/1903 1902/1902/1902 1901/1901/1901 1900/1900/1900
v 992 0.622225344 0
vn 1 0 0
vt 0.0644065887 0.00228309631
v 992 0.622225344 96
vn 1 0 0
vt 0.0644065887 0.00631213188
v 992 12 96
vn 1 0 0
vt 0.0717739165 0.00631213188
v 992 12 0
vn 1 0 0
vt 0.0717739165 0.00228309631
f 1907/1907/1907 1906/1906/1906 1905/1905/1905 1904/1904/1904
v 992 204 0
vn 1 0 0
vt 0.0357142873 0.226027369
v 992 172 0
vn 1 0 0
vt 0.031800393 0.226027369
v 992 172 96
vn 1 0 0
vt 0.031800393 0.253424644
v 992 204 96
vn 1 0 0
vt 0.0357142873 0.253424644
f 1911/1911/1911 1910/1910/1910 1909/1909/1909 1908/1908/1908
v 1024 204 96
vn 0 0 1
vt 0.643381298 0.0950342417
v 992 204 96
vn 0 0 1
vt 0.646176934 0.0950342417
v 992 172 96
vn 0 0 1
vt 0.646176934 0.0882695317
f 1914/1914/1914 1913/1913/1913 1912/1912/1912
v 992 -41.6888885 96
vn 0 0 1
vt 0.652047753 0.0978904963
v 992 -84 96
vn 0 0 1
vt 0.652047753 0.0889459848
v 1024 -84 96
vn 0 0 1
vt 0.649252176 0.0889459848
f 1917/1917/1917 1916/1916/1916 1915/1915/1915
v 1024 29.5999908 96
vn 0 0 1
vt 0.936923385 0.95770973
v 1024 204 96
vn 0 0 1
vt 0.936923385 0.994577646
v 992 172 96
vn 0 0 1
vt 0.939719021 0.987812877
v 992 12 96
vn 0 0 1
vt 0.939719021 0.953989089
v 992 0.622225344 96
vn 0 0 1
vt 0.939719021 0.951583862
v 992 -41.6888885 96
vn 0 0 1
vt 0.939719021 0.942639351
v 1024 -84 96
vn 0 0 1
vt 0.936923385 0.933694839
f 1924/1924/1924 1923/1923/1923 1922/1922/1922 1921/1921/1921 1920/1920/1920 1919/1919/1919 1918/1918/1918
v 992 -84 96
vn 0 1 0
vt 0.656628251 0.0981734991
v 992 -84 0
vn 0 1 0
vt 0.656628251 0.0844748616
v 1024 -84 0
vn 0 1 0
vt 0.655178666 0.0844748616
v 1024 -84 96
vn 0 1 0
vt 0.655178666 0.0981734991
f 1928/1928/1928 1927/1927/1927 1926/1926/1926 1925/1925/1925
v 928 204 -32
vn 0 0 1
vt 0.948140919 0.568493128
v 896 204 -32
vn 0 0 1
vt 0.952054799 0.568493128
v 896 16 -32
vn 0 0 1
vt 0.952054799 0.522831082
v 928 16 -32
vn 0 0 1
vt 0.948140919 0.522831082
f 1932/1932/1932 1931/1931/1931 1930/1930/1930 1929/1929/1929
v 928 204 -32
vn 0 1 0
vt 0.118395306 0.0388127565
v 928 204 0
vn 0 1 0
vt 0.118395306 0.0479452014
v 896 204 0
vn 0 1 0
vt 0.1223092 0.0479452014
v 896 204 -32
vn 0 1 0
vt 0.1223092 0.0388127565
f 1936/1936/1936 1935/1935/1935 1934/1934/1934 1933/1933/1933
v 928 172 0
vn 1 0 0
vt 0.140504643 0.0479452014
v 928 204 0
vn 1 0 0
vt 0.143835619 0.0479452014
v 928 204 -32
vn 1 0 0
vt 0.143835619 0.0388127565
v 928 16 -32
vn 1 0 0
vt 0.124266148 0.0388127565
v 928 16 0
vn 1 0 0
vt 0.124266148 0.0479452014
f 1941/1941/1941 1940/1940/1940 1939/1939/1939 1938/1938/1938 1937/1937/1937
v 928 16 0
vn 0 1 0
vt 0.149706453 0.0479452014
v 928 16 -32
vn 0 1 0
vt 0.149706453 0.0388127565
v 896 16 -32
vn 0 1 0
vt 0.145792559 0.0388127565
v 896 16 0
vn 0 1 0
vt 0.145792559 0.0479452014
f 1945/1945/1945 1944/1944/1944 1943/1943/1943 1942/1942/1942
v 768 204 -32
vn 0 1 0
vt 0.167318985 0.0388127565
v 896 204 -32
vn 0 1 0
vt 0.151663408 0.0388127565
v 896 204 0
vn 0 1 0
vt 0.151663408 0.0479452014
v 768 204 -0
vn 0 1 0
vt 0.167318985 0.0479452014
f 1949/1949/1949 1948/1948/1948 1947/1947/1947 1946/1946/1946
v 768 204 416
vn 0 1 0
vt 0.685909986 0.189497709
v 768 204 352
vn 0 1 0
vt 0.685909986 0.171232879
v 896 204 416
vn 0 1 0
vt 0.701565564 0.189497709
f 1952/1952/1952 1951/1951/1951 1950/1950/1950
v 896 204 256
vn 0 1 0
vt 0.621330738 0.728310466
v 896 204 416
vn 0 1 0
vt 0.621330738 0.773972631
v 768 204 352
vn 0 1 0
vt 0.605675161 0.755707741
v 768 204 192
vn 0 1 0
vt 0.605675161 0.710045695
v 896 204 192
vn 0 1 0
vt 0.621330738 0.710045695
f 1957/1957/1957 1956/1956/1956 1955/1955/1955 1954/1954/1954 1953/1953/1953
v 896 204 480
vn 0 1 0
vt 0.638943255 0.728310466
v 896 204 640
vn 0 1 0
vt 0.638943255 0.773972631
v 768 204 640
vn 0 1 0
vt 0.623287678 0.773972631
v 768 204 416
vn 0 1 0
vt 0.623287678 0.710045695
v 896 204 416
vn 0 1 0
vt 0.638943255 0.710045695
f 1962/1962/1962 1961/1961/1961 1960/1960/1960 1959/1959/1959 1958/1958/1958
v 768 204 192
vn 0 1 0
vt 0.169275925 0.0479452014
v 768 204 160
vn 0 1 0
vt 0.169275925 0.0388127565
v 896 204 192
vn 0 1 0
vt 0.184931502 0.0479452014
f 1965/1965/1965 1964/1964/1964 1963/1963/1963
v 896 204 128
vn 0 1 0
vt 0.601761281 0.614155293
v 896 204 192
vn 0 1 0
vt 0.601761281 0.632420063
v 768 204 160
vn 0 1 0
vt 0.586105704 0.623287678
v 768 204 -0
vn 0 1 0
vt 0.586105704 0.577625573
v 896 204 0
vn 0 1 0
vt 0.601761281 0.577625573
f 1970/1970/1970 1969/1969/1969 1968/1968/1968 1967/1967/1967 1966/1966/1966
v 768 204 640
vn 0 1 0
vt 0.712846816 0.171232879
v 896 204 640
vn 0 1 0
vt 0.70363766 0.171232879
v 896 204 768
vn 0 1 0
vt 0.70363766 0.189497709
v 768 204 768
vn 0 1 0
vt 0.712846816 0.189497709
f 1974/1974/1974 1973/1973/1973 1972/1972/1972 1971/1971/1971
v 896 82.4000015 0
vn 0 0 1
vt 0.901174188 0.484164
v 896 16 0
vn 0 0 1
vt 0.901174188 0.468036532
v 768 16 0
vn 0 0 1
vt 0.88551861 0.468036532
v 768 172 0
vn 0 0 1
vt 0.88551861 0.505926371
v 896 172 0
vn 0 0 1
vt 0.901174188 0.505926371
f 1979/1979/1979 1978/1978/1978 1977/1977/1977 1976/1976/1976 1975/1975/1975
v 896 12 0
vn 0 0 1
vt 0.813111544 0.366086781
v 768 12 0
vn 0 0 1
vt 0.822896302 0.366086781
v 768 -148 0
vn 0 0 1
vt 0.822896302 0.337646782
v 896 -148 0
vn 0 0 1
vt 0.813111544 0.337646782
f 1983/1983/1983 1982/1982/1982 1981/1981/1981 1980/1980/1980
v 896 172 768
vn 0 0 1
vt 0.640900195 0.773972631
v 768 172 768
vn 0 0 1
vt 0.656555772 0.773972631
v 768 -52 768
vn 0 0 1
vt 0.656555772 0.710045695
v 896 -52 768
vn 0 0 1
vt 0.640900195 0.710045695
f 1987/1987/1987 1986/1986/1986 1985/1985/1985 1984/1984/1984
v 896 -52 768
vn 0 0 1
vt 0.0381604694 0.253424644
v 768 -52 768
vn 0 0 1
vt 0.0538160466 0.253424644
v 768 -148 768
vn 0 0 1
vt 0.0538160466 0.226027369
v 896 -148 768
vn 0 0 1
vt 0.0381604694 0.226027369
f 1991/1991/1991 1990/1990/1990 1989/1989/1989 1988/1988/1988
v 896 172 768
vn 0 1 0
vt 0.724933803 0.189497709
v 896 172 640
vn 0 1 0
vt 0.724933803 0.171232879
v 768 172 640
vn 0 1 0
vt 0.715724647 0.171232879
v 768 172 768
vn 0 1 0
vt 0.715724647 0.189497709
f 1995/1995/1995 1994/1994/1994 1993/1993/1993 1992/1992/1992
v 768 12 128
vn 0 0 1
vt 0.824853241 0.366086781
v 896 12 128
vn 0 0 1
vt 0.83463794 0.366086781
v 896 -148 128
vn 0 0 1
vt 0.83463794 0.337646782
v 768 -148 128
vn 0 0 1
vt 0.824853241 0.337646782
f 1999/1999/1999 1998/1998/1998 1997/1997/1997 1996/1996/1996
v 896 172 628.148132
vn 0 0 1
vt 0.942270041 0.996890783
v 768 172 628.148132
vn 0 0 1
vt 0.957925618 0.996890783
v 768 -148 628.148132
vn 0 0 1
vt 0.957925618 0.930800915
v 896 -148 628.148132
vn 0 0 1
vt 0.942270041 0.930800915
f 2003/2003/2003 2002/2002/2002 2001/2001/2001 2000/2000/2000
v 768 172 640
vn 0 1 0
vt 0.0753424689 0.00684928894
v 896 172 640
vn 0 1 0
vt 0.0909980461 0.00684928894
v 896 172 639.353516
vn 0 1 0
vt 0.0909980461 0.00666481256
v 768 172 639.353516
vn 0 1 0
vt 0.0753424689 0.00666481256
f 2007/2007/2007 2006/2006/2006 2005/2005/2005 2004/2004/2004
v 768 172 639.353516
vn 0 0 1
vt 0.959882557 0.996890783
v 896 172 639.353516
vn 0 0 1
vt 0.975538135 0.996890783
v 896 -148 639.353516
vn 0 0 1
vt 0.975538135 0.930800915
v 768 -148 639.353516
vn 0 0 1
vt 0.959882557 0.930800915
f 2011/2011/2011 2010/2010/2010 2009/2009/2009 2008/2008/2008
v 896 172 256
vn 0 1 0
vt 0.437377691 0.221461177
v 896 172 180.148148
vn 0 1 0
vt 0.437377691 0.199813962
v 768 172 180.148148
vn 0 1 0
vt 0.421722114 0.199813962
f 2014/2014/2014 2013/2013/2013 2012/2012/2012
v 768 172 352
vn 0 1 0
vt 0.977495134 0.979452074
v 768 172 404.148163
vn 0 1 0
vt 0.977495134 0.994334519
v 896 172 404.148163
vn 0 1 0
vt 0.993150711 0.994334519
v 896 172 256
vn 0 1 0
vt 0.993150711 0.952054799
v 768 172 180.148148
vn 0 1 0
vt 0.977495134 0.930407584
f 2019/2019/2019 2018/2018/2018 2017/2017/2017 2016/2016/2016 2015/2015/2015
v 768 172 628.148132
vn 0 1 0
vt 0.954011738 0.565110803
v 896 172 628.148132
vn 0 1 0
vt 0.969667315 0.565110803
v 896 172 480
vn 0 1 0
vt 0.969667315 0.522831082
f 2022/2022/2022 2021/2021/2021 2020/2020/2020
v 768 172 416
vn 0 1 0
vt 0.000978473574 0.856164396
v 768 172 628.148132
vn 0 1 0
vt 0.000978473574 0.916708946
v 896 172 480
vn 0 1 0
vt 0.0166340508 0.874429226
v 896 172 404.148163
vn 0 1 0
vt 0.0166340508 0.852782011
v 768 172 404.148163
vn 0 1 0
vt 0.000978473574 0.852782011
f 2027/2027/2027 2026/2026/2026 2025/2025/2025 2024/2024/2024 2023/2023/2023
v 768 172 160
vn 0 1 0
vt 0.727005899 0.180365324
v 768 172 180.148148
vn 0 1 0
vt 0.727005899 0.186115324
v 896 172 180.148148
vn 0 1 0
vt 0.742661476 0.186115324
v 896 172 128
vn 0 1 0
vt 0.742661476 0.171232879
v 768 172 128
vn 0 1 0
vt 0.727005899 0.171232879
f 2032/2032/2032 2031/2031/2031 2030/2030/2030 2029/2029/2029 2028/2028/2028
v 896 172 128
vn 0 1 0
vt 0.437377691 0.413241982
v 896 172 0
vn 0 1 0
vt 0.437377691 0.376712322
v 768 172 0
vn 0 1 0
vt 0.421722114 0.376712322
v 768 172 128
vn 0 1 0
vt 0.421722114 0.413241982
f 2036/2036/2036 2035/2035/2035 2034/2034/2034 2033/2033/2033
v 896 12 0
vn 0 1 0
vt 0.186888456 0.0388127565
v 896 12 128
vn 0 1 0
vt 0.186888456 0.044184804
v 768 12 128
vn 0 1 0
vt 0.196673185 0.044184804
v 768 12 0
vn 0 1 0
vt 0.196673185 0.0388127565
f 2040/2040/2040 2039/2039/2039 2038/2038/2038 2037/2037/2037
v 768 16 0
vn 0 1 0
vt 0.198630139 0.0479452014
v 896 16 0
vn 0 1 0
vt 0.214285716 0.0479452014
v 896 16 -32
vn 0 1 0
vt 0.214285716 0.0388127565
v 768 16 -32
vn 0 1 0
vt 0.198630139 0.0388127565
f 2044/2044/2044 2043/2043/2043 2042/2042/2042 2041/2041/2041
v 768 204 -32
vn 0 0 1
vt 0.987279832 0.568493128
v 768 16 -32
vn 0 0 1
vt 0.987279832 0.522831082
v 896 16 -32
vn 0 0 1
vt 0.971624255 0.522831082
v 896 204 -32
vn 0 0 1
vt 0.971624255 0.568493128
f 2048/2048/2048 2047/2047/2047 2046/2046/2046 2045/2045/2045
v 256 60 224
vn 1 0 0
vt 0.75 0.189497709
v 256 156 224
vn 1 0 0
vt 0.773483396 0.189497709
v 256 156 160
vn 1 0 0
vt 0.773483396 0.171232879
v 256 44 160
vn 1 0 0
vt 0.746086121 0.171232879
v 256 44 224
vn 1 0 0
vt 0.746086121 0.189497709
f 2053/2053/2053 2052/2052/2052 2051/2051/2051 2050/2050/2050 2049/2049/2049
v 256 156 160
vn 1 0 0
vt 0.777397275 0.171232879
v 256 156 224
vn 1 0 0
vt 0.777397275 0.189497709
v 256 172 224
vn 1 0 0
vt 0.781311154 0.189497709
v 256 172 160
vn 1 0 0
vt 0.781311154 0.171232879
f 2057/2057/2057 2056/2056/2056 2055/2055/2055 2054/2054/2054
v 256 -39.2000122 352
vn 0 0 1
vt 0.026698349 0.852852166
v 291.200012 -39.2000122 352
vn 0 0 1
vt 0.0205479413 0.852852166
v 291.200012 66.3999939 352
vn 0 0 1
vt 0.0205479413 0.916779101
v 256 66.3999939 352
vn 0 0 1
vt 0.026698349 0.916779101
f 2061/2061/2061 2060/2060/2060 2059/2059/2059 2058/2058/2058
v 448 66.3999939 352
vn 0 0 1
vt 0.0303326808 0.916779101
v 291.200012 66.3999939 352
vn 0 0 1
vt 0.0577299371 0.916779101
v 291.200012 -39.2000122 352
vn 0 0 1
vt 0.0577299371 0.852852166
v 448 -39.2000122 352
vn 0 0 1
vt 0.0303326808 0.852852166
f 2065/2065/2065 2064/2064/2064 2063/2063/2063 2062/2062/2062
v 256 66.3999939 352
vn 0 0 1
vt 0.067794241 0.852852166
v 291.200012 66.3999939 352
vn 0 0 1
vt 0.0616438314 0.852852166
v 291.200012 172 352
vn 0 0 1
vt 0.0616438314 0.916779101
v 256 172 352
vn 0 0 1
vt 0.067794241 0.916779101
f 2069/2069/2069 2068/2068/2068 2067/2067/2067 2066/2066/2066
v 448 66.3999939 352
vn 0 0 1
vt 0.0714285746 0.852852166
v 448 172 352
vn 0 0 1
vt 0.0714285746 0.916779101
v 416 172 352
vn 0 0 1
vt 0.0770198479 0.916779101
f 2072/2072/2072 2071/2071/2071 2070/2070/2070
v 360 172 352
vn 0 0 1
vt 0.0946323723 0.916779101
v 291.200012 172 352
vn 0 0 1
vt 0.106653623 0.916779101
v 291.200012 66.3999939 352
vn 0 0 1
vt 0.106653623 0.852852166
v 448 66.3999939 352
vn 0 0 1
vt 0.0792563632 0.852852166
v 416 172 352
vn 0 0 1
vt 0.0848476365 0.916779101
f 2077/2077/2077 2076/2076/2076 2075/2075/2075 2074/2074/2074 2073/2073/2073
v 291.200012 -84 352
vn 0 0 1
vt 0.850293517 0.337147176
v 360 -84 352
vn 0 0 1
vt 0.838272333 0.337147176
v 291.200012 -39.2000122 352
vn 0 0 1
vt 0.850293517 0.364267707
f 2080/2080/2080 2079/2079/2079 2078/2078/2078
v 448 -39.2000122 352
vn 0 0 1
vt 0.852250516 0.364267707
v 291.200012 -39.2000122 352
vn 0 0 1
vt 0.879647732 0.364267707
v 360 -84 352
vn 0 0 1
vt 0.867626488 0.337147176
v 416 -84 352
vn 0 0 1
vt 0.85784179 0.337147176
v 448 -84 352
vn 0 0 1
vt 0.852250516 0.337147176
f 2085/2085/2085 2084/2084/2084 2083/2083/2083 2082/2082/2082 2081/2081/2081
v 256 -84 352
vn 0 0 1
vt 0.889712036 0.337147176
v 291.200012 -84 352
vn 0 0 1
vt 0.883561671 0.337147176
v 291.200012 -39.2000122 352
vn 0 0 1
vt 0.883561671 0.364267707
v 256 -39.2000122 352
vn 0 0 1
vt 0.889712036 0.364267707
f 2089/2089/2089 2088/2088/2088 2087/2087/2087 2086/2086/2086
v 256 -116 352
vn 0 0 1
vt 0.0619233996 0.249282181
v 256 -148 352
vn 0 0 1
vt 0.0619233996 0.229910374
v 288 -148 352
vn 0 0 1
vt 0.0563321188 0.229910374
f 2092/2092/2092 2091/2091/2091 2090/2090/2090
v 360 -116 352
vn 0 0 1
vt 0.0770198479 0.249282181
v 256 -116 352
vn 0 0 1
vt 0.0951915011 0.249282181
v 288 -148 352
vn 0 0 1
vt 0.0896002203 0.229910374
v 416 -148 352
vn 0 0 1
vt 0.0672351122 0.229910374
v 416 -116 352
vn 0 0 1
vt 0.0672351122 0.249282181
f 2097/2097/2097 2096/2096/2096 2095/2095/2095 2094/2094/2094 2093/2093/2093
v 256 66.3999939 640
vn 0 0 1
vt 0.110287949 0.916779101
v 416 66.3999939 640
vn 0 0 1
vt 0.138244331 0.916779101
v 416 -39.2000122 640
vn 0 0 1
vt 0.138244331 0.852852166
v 256 -39.2000122 640
vn 0 0 1
vt 0.110287949 0.852852166
f 2101/2101/2101 2100/2100/2100 2099/2099/2099 2098/2098/2098
v 256 172 640
vn 0 0 1
vt 0.143556058 0.916779101
v 416 172 640
vn 0 0 1
vt 0.171512425 0.916779101
v 416 66.3999939 640
vn 0 0 1
vt 0.171512425 0.852852166
v 256 66.3999939 640
vn 0 0 1
vt 0.143556058 0.852852166
f 2105/2105/2105 2104/2104/2104 2103/2103/2103 2102/2102/2102
v 377.600006 -148 640
vn 0 0 1
vt 0.0239027143 0.928540528
v 256 -148 640
vn 0 0 1
vt 0.00265585794 0.928540528
v 256 -39.2000122 640
vn 0 0 1
vt 0.00265585794 0.994404674
v 416 -39.2000122 640
vn 0 0 1
vt 0.0306122433 0.994404674
v 416 -148 640
vn 0 0 1
vt 0.0306122433 0.928540528
f 2110/2110/2110 2109/2109/2109 2108/2108/2108 2107/2107/2107 2106/2106/2106
v 256 204 640
vn 0 0 1
vt 0.660469651 0.097031951
v 416 204 640
vn 0 0 1
vt 0.680039167 0.097031951
v 416 172 640
vn 0 0 1
vt 0.680039167 0.0878995657
v 256 172 640
vn 0 0 1
vt 0.660469651 0.0878995657
f 2114/2114/2114 2113/2113/2113 2112/2112/2112 2111/2111/2111
v 448 -52 768
vn 0 0 1
vt 0.177756041 0.900684953
v 448 -132 768
vn 0 0 1
vt 0.177756041 0.855022848
v 416 -132 768
vn 0 0 1
vt 0.175892279 0.855022848
v 416 -20 768
vn 0 0 1
vt 0.175892279 0.918949783
v 448 -20 768
vn 0 0 1
vt 0.177756041 0.918949783
f 2119/2119/2119 2118/2118/2118 2117/2117/2117 2116/2116/2116 2115/2115/2115
v 448 -20 768
vn 0 0 1
vt 0.183626875 0.855022848
v 416 -20 768
vn 0 0 1
vt 0.181763113 0.855022848
v 416 92 768
vn 0 0 1
vt 0.181763113 0.918949783
v 448 92 768
vn 0 0 1
vt 0.183626875 0.918949783
f 2123/2123/2123 2122/2122/2122 2121/2121/2121 2120/2120/2120
v 448 172 768
vn 0 0 1
vt 0.189497724 0.900684953
v 448 92 768
vn 0 0 1
vt 0.189497724 0.855022848
v 416 92 768
vn 0 0 1
vt 0.187633961 0.855022848
v 416 204 768
vn 0 0 1
vt 0.187633961 0.918949783
v 448 204 768
vn 0 0 1
vt 0.189497724 0.918949783
f 2128/2128/2128 2127/2127/2127 2126/2126/2126 2125/2125/2125 2124/2124/2124
v 448 -148 768
vn 0 0 1
vt 0.68460536 0.0878995657
v 416 -148 768
vn 0 0 1
vt 0.682741582 0.0878995657
v 416 -132 768
vn 0 0 1
vt 0.682741582 0.097031951
v 448 -132 768
vn 0 0 1
vt 0.68460536 0.097031951
f 2132/2132/2132 2131/2131/2131 2130/2130/2130 2129/2129/2129
v 448 172 768
vn 0 0 1
vt 0.451076329 0.221461177
v 448 92 768
vn 0 0 1
vt 0.451076329 0.198630154
v 544 172 768
vn 0 0 1
vt 0.439334631 0.221461177
f 2135/2135/2135 2134/2134/2134 2133/2133/2133
v 544 -52 768
vn 0 0 1
vt 0.658512712 0.710045695
v 544 172 768
vn 0 0 1
vt 0.658512712 0.773972631
v 448 92 768
vn 0 0 1
vt 0.670254409 0.751141548
v 448 -20 768
vn 0 0 1
vt 0.670254409 0.719178081
v 448 -52 768
vn 0 0 1
vt 0.670254409 0.710045695
f 2140/2140/2140 2139/2139/2139 2138/2138/2138 2137/2137/2137 2136/2136/2136
v 768 172 768
vn 0 0 1
vt 0.672211349 0.773972631
v 544 172 768
vn 0 0 1
vt 0.699608624 0.773972631
v 544 -52 768
vn 0 0 1
vt 0.699608624 0.710045695
v 768 -52 768
vn 0 0 1
vt 0.672211349 0.710045695
f 2144/2144/2144 2143/2143/2143 2142/2142/2142 2141/2141/2141
v 768 -148 768
vn 0 0 1
vt 0.0988258347 0.226027369
v 768 -52 768
vn 0 0 1
vt 0.0988258347 0.253424644
v 544 -52 768
vn 0 0 1
vt 0.126223087 0.253424644
v 544 -148 768
vn 0 0 1
vt 0.126223087 0.226027369
f 2148/2148/2148 2147/2147/2147 2146/2146/2146 2145/2145/2145
v 448 -132 768
vn 0 0 1
vt 0.139921725 0.230593622
v 448 -148 768
vn 0 0 1
vt 0.139921725 0.226027369
v 544 -148 768
vn 0 0 1
vt 0.128180042 0.226027369
v 544 -52 768
vn 0 0 1
vt 0.128180042 0.253424644
v 448 -52 768
vn 0 0 1
vt 0.139921725 0.253424644
f 2153/2153/2153 2152/2152/2152 2151/2151/2151 2150/2150/2150 2149/2149/2149
v 448 172 640
vn 1 0 0
vt 0.796221256 0.171232879
v 448 -20 768
vn 1 0 0
vt 0.78503865 0.189497709
v 448 92 768
vn 1 0 0
vt 0.791561842 0.189497709
v 448 172 768
vn 1 0 0
vt 0.796221256 0.189497709
f 2157/2157/2157 2156/2156/2156 2155/2155/2155 2154/2154/2154
v 448 -148 640
vn 1 0 0
vt 0.801066995 0.171232879
v 448 -148 768
vn 1 0 0
vt 0.801066995 0.189497709
v 448 -132 768
vn 1 0 0
vt 0.801998913 0.189497709
v 448 -52 768
vn 1 0 0
vt 0.806658328 0.189497709
v 448 -20 768
vn 1 0 0
vt 0.808522046 0.189497709
v 448 172 640
vn 1 0 0
vt 0.819704592 0.171232879
f 2163/2163/2163 2162/2162/2162 2161/2161/2161 2160/2160/2160 2159/2159/2159 2158/2158/2158
v 672 204 640
vn 0 1 0
vt 0.831299663 0.171232879
v 768 204 640
vn 0 1 0
vt 0.824392796 0.171232879
v 768 204 768
vn 0 1 0
vt 0.824392796 0.189497709
v 448 204 768
vn 0 1 0
vt 0.847415686 0.189497709
v 448 204 640
vn 0 1 0
vt 0.847415686 0.171232879
f 2168/2168/2168 2167/2167/2167 2166/2166/2166 2165/2165/2165 2164/2164/2164
v 768 172 768
vn 0 1 0
vt 0.858581781 0.189497709
v 768 172 640
vn 0 1 0
vt 0.858581781 0.171232879
v 672 172 640
vn 0 1 0
vt 0.851674914 0.171232879
f 2171/2171/2171 2170/2170/2170 2169/2169/2169
v 544 172 768
vn 0 1 0
vt 0.869863033 0.189497709
v 768 172 768
vn 0 1 0
vt 0.885979056 0.189497709
v 672 172 640
vn 0 1 0
vt 0.87907213 0.171232879
v 448 172 640
vn 0 1 0
vt 0.862956107 0.171232879
v 448 172 768
vn 0 1 0
vt 0.862956107 0.189497709
f 2176/2176/2176 2175/2175/2175 2174/2174/2174 2173/2173/2173 2172/2172/2172
v 448 204 640
vn 0 1 0
vt 0.890737116 0.171232879
v 448 204 768
vn 0 1 0
vt 0.890737116 0.189497709
v 416 204 768
vn 0 1 0
vt 0.892600894 0.189497709
v 416 204 640
vn 0 1 0
vt 0.892600894 0.171232879
f 2180/2180/2180 2179/2179/2179 2178/2178/2178 2177/2177/2177
v 416 92 768
vn 1 0 0
vt 0.903154433 0.189497709
v 416 -20 768
vn 1 0 0
vt 0.909677565 0.189497709
v 416 66.3999939 640
vn 1 0 0
vt 0.904645383 0.171232879
v 416 172 640
vn 1 0 0
vt 0.898495018 0.171232879
v 416 204 768
vn 1 0 0
vt 0.896631241 0.189497709
f 2185/2185/2185 2184/2184/2184 2183/2183/2183 2182/2182/2182 2181/2181/2181
v 416 -39.2000122 640
vn 1 0 0
vt 0.920580566 0.171232879
v 416 66.3999939 640
vn 1 0 0
vt 0.914430141 0.171232879
v 416 -20 768
vn 1 0 0
vt 0.919462323 0.189497709
f 2188/2188/2188 2187/2187/2187 2186/2186/2186
v 416 172 640
vn 1 0 0
vt 0.925892293 0.171232879
v 416 204 640
vn 1 0 0
vt 0.924028516 0.171232879
v 416 204 768
vn 1 0 0
vt 0.924028516 0.189497709
f 2191/2191/2191 2190/2190/2190 2189/2189/2189
v 416 -132 768
vn 1 0 0
vt 0.935770154 0.189497709
v 416 -148 768
vn 1 0 0
vt 0.936702073 0.189497709
v 416 -148 640
vn 1 0 0
vt 0.936702073 0.171232879
v 416 -39.2000122 640
vn 1 0 0
vt 0.930365264 0.171232879
v 416 -20 768
vn 1 0 0
vt 0.929247081 0.189497709
f 2196/2196/2196 2195/2195/2195 2194/2194/2194 2193/2193/2193 2192/2192/2192
v 448 -84 352
vn 1 0 0
vt 0.897427082 0.3365466
v 448 -148 352
vn 1 0 0
vt 0.893868983 0.3365466
v 448 -148 640
vn 1 0 0
vt 0.893868983 0.366988003
v 448 172 640
vn 1 0 0
vt 0.91165936 0.366988003
f 2200/2200/2200 2199/2199/2199 2198/2198/2198 2197/2197/2197
v 448 172 416
vn 1 0 0
vt 0.929271877 0.34331131
v 448 172 352
vn 1 0 0
vt 0.929271877 0.3365466
v 448 66.3999939 352
vn 1 0 0
vt 0.923401058 0.3365466
v 448 -39.2000122 352
vn 1 0 0
vt 0.917530239 0.3365466
v 448 -84 352
vn 1 0 0
vt 0.915039599 0.3365466
v 448 172 640
vn 1 0 0
vt 0.929271877 0.366988003
f 2206/2206/2206 2205/2205/2205 2204/2204/2204 2203/2203/2203 2202/2202/2202 2201/2201/2201
v 768 204 640
vn 0 1 0
vt 0.713307261 0.773972631
v 672 204 640
vn 0 1 0
vt 0.701565564 0.773972631
v 672 204 416
vn 0 1 0
vt 0.701565564 0.710045695
v 768 204 416
vn 0 1 0
vt 0.713307261 0.710045695
f 2210/2210/2210 2209/2209/2209 2208/2208/2208 2207/2207/2207
v 448 204 416
vn 0 1 0
vt 0.715264201 0.710045695
v 672 204 416
vn 0 1 0
vt 0.742661476 0.710045695
v 672 204 640
vn 0 1 0
vt 0.742661476 0.773972631
v 448 204 640
vn 0 1 0
vt 0.715264201 0.773972631
f 2214/2214/2214 2213/2213/2213 2212/2212/2212 2211/2211/2211
v 448 204 352
vn 0 1 0
vt 0.940313101 0.171232879
v 672 204 352
vn 0 1 0
vt 0.967710376 0.171232879
v 672 204 416
vn 0 1 0
vt 0.967710376 0.189497709
v 448 204 416
vn 0 1 0
vt 0.940313101 0.189497709
f 2218/2218/2218 2217/2217/2217 2216/2216/2216 2215/2215/2215
v 768 204 352
vn 0 1 0
vt 0.981409013 0.171232879
v 768 204 416
vn 0 1 0
vt 0.981409013 0.189497709
v 672 204 416
vn 0 1 0
vt 0.969667315 0.189497709
v 672 204 352
vn 0 1 0
vt 0.969667315 0.171232879
f 2222/2222/2222 2221/2221/2221 2220/2220/2220 2219/2219/2219
v 768 172 628.148132
vn 0 1 0
vt 0.756360054 0.770590186
v 768 172 416
vn 0 1 0
vt 0.756360054 0.710045695
v 672 172 416
vn 0 1 0
vt 0.744618416 0.710045695
f 2225/2225/2225 2224/2224/2224 2223/2223/2223
v 672 172 640
vn 0 1 0
vt 0.758317053 0.773972631
v 768 172 640
vn 0 1 0
vt 0.770058692 0.773972631
v 768 172 639.353516
vn 0 1 0
vt 0.770058692 0.773788095
v 768 172 628.148132
vn 0 1 0
vt 0.770058692 0.770590186
v 672 172 416
vn 0 1 0
vt 0.758317053 0.710045695
f 2230/2230/2230 2229/2229/2229 2228/2228/2228 2227/2227/2227 2226/2226/2226
v 448 172 640
vn 0 1 0
vt 0.772015631 0.773972631
v 672 172 640
vn 0 1 0
vt 0.799412906 0.773972631
v 672 172 416
vn 0 1 0
vt 0.799412906 0.710045695
v 448 172 416
vn 0 1 0
vt 0.772015631 0.710045695
f 2234/2234/2234 2233/2233/2233 2232/2232/2232 2231/2231/2231
v 448 172 352
vn 0 1 0
vt 0.000978473574 0.148401797
v 448 172 416
vn 0 1 0
vt 0.000978473574 0.166666687
v 672 172 416
vn 0 1 0
vt 0.0283757336 0.166666687
v 672 172 352
vn 0 1 0
vt 0.0283757336 0.148401797
f 2238/2238/2238 2237/2237/2237 2236/2236/2236 2235/2235/2235
v 768 172 404.148163
vn 0 1 0
vt 0.0420743637 0.163284302
v 768 172 352
vn 0 1 0
vt 0.0420743637 0.148401797
v 672 172 352
vn 0 1 0
vt 0.0303326808 0.148401797
v 672 172 416
vn 0 1 0
vt 0.0303326808 0.166666687
v 768 172 416
vn 0 1 0
vt 0.0420743637 0.166666687
f 2243/2243/2243 2242/2242/2242 2241/2241/2241 2240/2240/2240 2239/2239/2239
v 416 204 640
vn 0 1 0
vt 0.820939362 0.773972631
v 256 204 640
vn 0 1 0
vt 0.801369846 0.773972631
v 256 204 416
vn 0 1 0
vt 0.801369846 0.710045695
v 448 204 416
vn 0 1 0
vt 0.824853241 0.710045695
v 448 204 640
vn 0 1 0
vt 0.824853241 0.773972631
f 2248/2248/2248 2247/2247/2247 2246/2246/2246 2245/2245/2245 2244/2244/2244
v 256 204 352
vn 0 1 0
vt 0.0440313108 0.148401797
v 360 204 352
vn 0 1 0
vt 0.0567514673 0.148401797
v 256 204 416
vn 0 1 0
vt 0.0440313108 0.166666687
f 2251/2251/2251 2250/2250/2250 2249/2249/2249
v 448 204 416
vn 0 1 0
vt 0.0831702575 0.166666687
v 256 204 416
vn 0 1 0
vt 0.059686888 0.166666687
v 360 204 352
vn 0 1 0
vt 0.0724070445 0.148401797
v 416 204 352
vn 0 1 0
vt 0.0792563632 0.148401797
v 448 204 352
vn 0 1 0
vt 0.0831702575 0.148401797
f 2256/2256/2256 2255/2255/2255 2254/2254/2254 2253/2253/2253 2252/2252/2252
v 448 172 160
vn 0 0 1
vt 0.144636184 0.253424644
v 424 76 160
vn 0 0 1
vt 0.141967624 0.226027369
v 424 172 160
vn 0 0 1
vt 0.141967624 0.253424644
f 2259/2259/2259 2258/2258/2258 2257/2257/2257
v 424 60 160
vn 0 0 1
vt 0.826899171 0.742009163
v 424 76 160
vn 0 0 1
vt 0.826899171 0.746575356
v 448 172 160
vn 0 0 1
vt 0.829567671 0.773972631
v 448 -52 160
vn 0 0 1
vt 0.829567671 0.710045695
v 424 -52 160
vn 0 0 1
vt 0.826899171 0.710045695
f 2264/2264/2264 2263/2263/2263 2262/2262/2262 2261/2261/2261 2260/2260/2260
v 448 -84 160
vn 0 0 1
vt 0.219000176 0.0388127565
v 424 -84 160
vn 0 0 1
vt 0.216331616 0.0388127565
v 424 -52 160
vn 0 0 1
vt 0.216331616 0.0479452014
v 448 -52 160
vn 0 0 1
vt 0.219000176 0.0479452014
f 2268/2268/2268 2267/2267/2267 2266/2266/2266 2265/2265/2265
v 416 76 160
vn 0 0 1
vt 0.154776737 0.226027369
v 360 76 160
vn 0 0 1
vt 0.148550078 0.226027369
v 360 172 160
vn 0 0 1
vt 0.148550078 0.253424644
v 416 172 160
vn 0 0 1
vt 0.154776737 0.253424644
v 424 172 160
vn 0 0 1
vt 0.155666247 0.253424644
v 424 76 160
vn 0 0 1
vt 0.155666247 0.226027369
f 2274/2274/2274 2273/2273/2273 2272/2272/2272 2271/2271/2271 2270/2270/2270 2269/2269/2269
v 416 -84 160
vn 0 0 1
vt 0.229140729 0.0388127565
v 360 -84 160
vn 0 0 1
vt 0.22291407 0.0388127565
v 360 -52 160
vn 0 0 1
vt 0.22291407 0.0479452014
v 416 -52 160
vn 0 0 1
vt 0.229140729 0.0479452014
v 424 -52 160
vn 0 0 1
vt 0.230030254 0.0479452014
v 424 -84 160
vn 0 0 1
vt 0.230030254 0.0388127565
f 2280/2280/2280 2279/2279/2279 2278/2278/2278 2277/2277/2277 2276/2276/2276 2275/2275/2275
v 360 -36 160
vn 0 0 1
vt 0.447962999 0.381278515
v 360 -52 160
vn 0 0 1
vt 0.447962999 0.376712322
v 298 -52 160
vn 0 0 1
vt 0.441069216 0.376712322
v 360 76 160
vn 0 0 1
vt 0.447962999 0.413241982
f 2284/2284/2284 2283/2283/2283 2282/2282/2282 2281/2281/2281
v 298 172 160
vn 0 0 1
vt 0.235589758 0.0479452014
v 360 172 160
vn 0 0 1
vt 0.242483541 0.0479452014
v 298 152 160
vn 0 0 1
vt 0.235589758 0.0422374606
f 2287/2287/2287 2286/2286/2286 2285/2285/2285
v 298 120 160
vn 0 0 1
vt 0.834415555 0.759132385
v 298 152 160
vn 0 0 1
vt 0.834415555 0.76826483
v 360 172 160
vn 0 0 1
vt 0.841309369 0.773972631
v 360 76 160
vn 0 0 1
vt 0.841309369 0.746575356
v 298 -52 160
vn 0 0 1
vt 0.834415555 0.710045695
f 2292/2292/2292 2291/2291/2291 2290/2290/2290 2289/2289/2289 2288/2288/2288
v 360 -84 160
vn 0 0 1
vt 0.254225224 0.0388127565
v 298 -84 160
vn 0 0 1
vt 0.24733144 0.0388127565
v 298 -52 160
vn 0 0 1
vt 0.24733144 0.0479452014
v 360 -52 160
vn 0 0 1
vt 0.254225224 0.0479452014
f 2296/2296/2296 2295/2295/2295 2294/2294/2294 2293/2293/2293
v 298 172 160
vn 0 0 1
vt 0.261030078 0.0479452014
v 298 152 160
vn 0 0 1
vt 0.261030078 0.0422374606
v 270 152 160
vn 0 0 1
vt 0.257916749 0.0422374606
v 270 172 160
vn 0 0 1
vt 0.257916749 0.0479452014
f 2300/2300/2300 2299/2299/2299 2298/2298/2298 2297/2297/2297
v 298 120 160
vn 0 0 1
vt 0.321695447 0.56735158
v 298 -52 160
vn 0 0 1
vt 0.321695447 0.51826483
v 270 120 160
vn 0 0 1
vt 0.318582118 0.56735158
f 2303/2303/2303 2302/2302/2302 2301/2301/2301
v 270 -52 160
vn 0 0 1
vt 0.124844335 0.582191825
v 270 120 160
vn 0 0 1
vt 0.124844335 0.631278515
v 298 -52 160
vn 0 0 1
vt 0.127957672 0.582191825
v 298 -84 160
vn 0 0 1
vt 0.127957672 0.57305932
v 270 -84 160
vn 0 0 1
vt 0.124844335 0.57305932
f 2308/2308/2308 2307/2307/2307 2306/2306/2306 2305/2305/2305 2304/2304/2304
v 256 44 160
vn 0 0 1
vt 0.324853241 0.545662105
v 270 120 160
vn 0 0 1
vt 0.326409906 0.56735158
v 270 -52 160
vn 0 0 1
vt 0.326409906 0.51826483
v 256 -52 160
vn 0 0 1
vt 0.324853241 0.51826483
f 2312/2312/2312 2311/2311/2311 2310/2310/2310 2309/2309/2309
v 256 156 160
vn 0 0 1
vt 0.452054799 0.40867579
v 256 172 160
vn 0 0 1
vt 0.452054799 0.413241982
v 270 172 160
vn 0 0 1
vt 0.453611463 0.413241982
v 270 152 160
vn 0 0 1
vt 0.453611463 0.407534242
v 270 120 160
vn 0 0 1
vt 0.453611463 0.398401797
v 256 44 160
vn 0 0 1
vt 0.452054799 0.376712322
f 2318/2318/2318 2317/2317/2317 2316/2316/2316 2315/2315/2315 2314/2314/2314 2313/2313/2313
v 256 -52 160
vn 0 0 1
vt 0.264187872 0.0479452014
v 270 -52 160
vn 0 0 1
vt 0.265744537 0.0479452014
v 270 -84 160
vn 0 0 1
vt 0.265744537 0.0388127565
v 256 -84 160
vn 0 0 1
vt 0.264187872 0.0388127565
f 2322/2322/2322 2321/2321/2321 2320/2320/2320 2319/2319/2319
v 256 -148 160
vn 0 0 1
vt 0.270058721 0.0388127565
v 256 -116 160
vn 0 0 1
vt 0.270058721 0.0479452014
v 288 -148 160
vn 0 0 1
vt 0.273616791 0.0388127565
f 2325/2325/2325 2324/2324/2324 2323/2323/2323
v 416 -116 160
vn 0 0 1
vt 0.281978309 0.0479452014
v 416 -148 160
vn 0 0 1
vt 0.281978309 0.0388127565
v 378 -148 160
vn 0 0 1
vt 0.277753085 0.0388127565
f 2328/2328/2328 2327/2327/2327 2326/2326/2326
v 360 -116 160
vn 0 0 1
vt 0.297278047 0.0479452014
v 416 -116 160
vn 0 0 1
vt 0.303504705 0.0479452014
v 378 -148 160
vn 0 0 1
vt 0.299279511 0.0388127565
v 350 -148 160
vn 0 0 1
vt 0.296166182 0.0388127565
v 288 -148 160
vn 0 0 1
vt 0.289272368 0.0388127565
v 256 -116 160
vn 0 0 1
vt 0.285714298 0.0479452014
f 2334/2334/2334 2333/2333/2333 2332/2332/2332 2331/2331/2331 2330/2330/2330 2329/2329/2329
v 448 -84 224
vn 1 0 0
vt 0.90733856 0.481939018
v 448 -84 160
vn 1 0 0
vt 0.90733856 0.468892694
v 448 -148 160
vn 1 0 0
vt 0.904207408 0.468892694
v 448 -148 352
vn 1 0 0
vt 0.904207408 0.508031607
v 448 -84 352
vn 1 0 0
vt 0.90733856 0.508031607
f 2339/2339/2339 2338/2338/2338 2337/2337/2337 2336/2336/2336 2335/2335/2335
v 448 204 224
vn 0 1 0
vt 0.603718221 0.595890403
v 448 204 160
vn 0 1 0
vt 0.603718221 0.577625573
v 672 204 160
vn 0 1 0
vt 0.631115437 0.577625573
v 672 204 352
vn 0 1 0
vt 0.631115437 0.632420063
v 448 204 352
vn 0 1 0
vt 0.603718221 0.632420063
f 2344/2344/2344 2343/2343/2343 2342/2342/2342 2341/2341/2341 2340/2340/2340
v 768 204 192
vn 0 1 0
vt 0.644814074 0.586758018
v 768 204 352
vn 0 1 0
vt 0.644814074 0.632420063
v 672 204 352
vn 0 1 0
vt 0.633072436 0.632420063
v 672 204 160
vn 0 1 0
vt 0.633072436 0.577625573
v 768 204 160
vn 0 1 0
vt 0.644814074 0.577625573
f 2349/2349/2349 2348/2348/2348 2347/2347/2347 2346/2346/2346 2345/2345/2345
v 448 172 224
vn 0 1 0
vt 0.646771014 0.595890403
v 448 172 352
vn 0 1 0
vt 0.646771014 0.632420063
v 672 172 352
vn 0 1 0
vt 0.674168289 0.632420063
v 672 172 160
vn 0 1 0
vt 0.674168289 0.577625573
v 448 172 160
vn 0 1 0
vt 0.646771014 0.577625573
f 2354/2354/2354 2353/2353/2353 2352/2352/2352 2351/2351/2351 2350/2350/2350
v 768 172 180.148148
vn 0 1 0
vt 0.687866926 0.583375633
v 768 172 160
vn 0 1 0
vt 0.687866926 0.577625573
v 672 172 160
vn 0 1 0
vt 0.676125228 0.577625573
v 672 172 352
vn 0 1 0
vt 0.676125228 0.632420063
v 768 172 352
vn 0 1 0
vt 0.687866926 0.632420063
f 2359/2359/2359 2358/2358/2358 2357/2357/2357 2356/2356/2356 2355/2355/2355
v 360 -36 224
vn 1 0 0
vt 0.1130137 0.166666687
v 360 -36 160
vn 1 0 0
vt 0.1130137 0.148401797
v 360 76 160
vn 1 0 0
vt 0.0856164396 0.148401797
v 360 76 224
vn 1 0 0
vt 0.0856164396 0.166666687
f 2363/2363/2363 2362/2362/2362 2361/2361/2361 2360/2360/2360
v 360 -52 224
vn 1 0 0
vt 0.120841488 0.166666687
v 360 -52 160
vn 1 0 0
vt 0.120841488 0.148401797
v 360 -36 160
vn 1 0 0
vt 0.116927594 0.148401797
v 360 -36 224
vn 1 0 0
vt 0.116927594 0.166666687
f 2367/2367/2367 2366/2366/2366 2365/2365/2365 2364/2364/2364
v 416 -116 224
vn 1 0 0
vt 0.454305261 0.207966447
v 416 -116 352
vn 1 0 0
vt 0.454305261 0.221012712
v 416 -148 352
vn 1 0 0
vt 0.455870837 0.221012712
v 416 -148 160
vn 1 0 0
vt 0.455870837 0.201443255
v 416 -116 160
vn 1 0 0
vt 0.454305261 0.201443255
f 2372/2372/2372 2371/2371/2371 2370/2370/2370 2369/2369/2369 2368/2368/2368
v 424 60 224
vn 0 0 1
vt 0.194716245 0.909817338
v 424 -36 224
vn 0 0 1
vt 0.194716245 0.855022848
v 416 -36 224
vn 0 0 1
vt 0.19275929 0.855022848
v 416 76 224
vn 0 0 1
vt 0.19275929 0.918949783
v 424 76 224
vn 0 0 1
vt 0.194716245 0.918949783
f 2377/2377/2377 2376/2376/2376 2375/2375/2375 2374/2374/2374 2373/2373/2373
v 416 -36 224
vn 0 0 1
vt 0.687866926 0.097031951
v 424 -36 224
vn 0 0 1
vt 0.689823866 0.097031951
v 424 -52 224
vn 0 0 1
vt 0.689823866 0.0878995657
v 416 -52 224
vn 0 0 1
vt 0.687866926 0.0878995657
f 2381/2381/2381 2380/2380/2380 2379/2379/2379 2378/2378/2378
v 416 204 224
vn 0 1 0
vt 0.456947148 0.376712322
v 448 204 224
vn 0 1 0
vt 0.460861057 0.376712322
v 448 204 352
vn 0 1 0
vt 0.460861057 0.413241982
v 416 204 352
vn 0 1 0
vt 0.456947148 0.413241982
f 2385/2385/2385 2384/2384/2384 2383/2383/2383 2382/2382/2382
v 416 -84 224
vn 0 1 0
vt 0.696086109 0.0846787691
v 448 -84 224
vn 0 1 0
vt 0.692955017 0.0846787691
v 448 -84 352
vn 0 1 0
vt 0.692955017 0.0977250338
v 416 -84 352
vn 0 1 0
vt 0.696086109 0.0977250338
f 2389/2389/2389 2388/2388/2388 2387/2387/2387 2386/2386/2386
v 448 172 224
vn 0 1 0
vt 0.466731906 0.376712322
v 416 172 224
vn 0 1 0
vt 0.462817997 0.376712322
v 416 172 352
vn 0 1 0
vt 0.462817997 0.413241982
v 448 172 352
vn 0 1 0
vt 0.466731906 0.413241982
f 2393/2393/2393 2392/2392/2392 2391/2391/2391 2390/2390/2390
v 448 204 224
vn 0 1 0
vt 0.128180042 0.166666687
v 416 204 224
vn 0 1 0
vt 0.124266148 0.166666687
v 416 204 160
vn 0 1 0
vt 0.124266148 0.148401797
v 448 204 160
vn 0 1 0
vt 0.128180042 0.148401797
f 2397/2397/2397 2396/2396/2396 2395/2395/2395 2394/2394/2394
v 424 -84 160
vn 0 1 0
vt 0.70313108 0.087288022
v 448 -84 160
vn 0 1 0
vt 0.700782776 0.087288022
v 448 -84 224
vn 0 1 0
vt 0.700782776 0.0938111544
v 416 -84 224
vn 0 1 0
vt 0.703913927 0.0938111544
v 416 -84 160
vn 0 1 0
vt 0.703913927 0.087288022
f 2402/2402/2402 2401/2401/2401 2400/2400/2400 2399/2399/2399 2398/2398/2398
v 424 172 160
vn 0 1 0
vt 0.131115466 0.148401797
v 416 172 160
vn 0 1 0
vt 0.130136982 0.148401797
v 416 172 224
vn 0 1 0
vt 0.130136982 0.166666687
v 448 172 224
vn 0 1 0
vt 0.134050876 0.166666687
v 448 172 160
vn 0 1 0
vt 0.134050876 0.148401797
f 2407/2407/2407 2406/2406/2406 2405/2405/2405 2404/2404/2404 2403/2403/2403
v 424 -36 224
vn 1 0 0
vt 0.14138943 0.166666687
v 424 60 224
vn 1 0 0
vt 0.164872795 0.166666687
v 424 60 160
vn 1 0 0
vt 0.164872795 0.148401797
v 424 -52 160
vn 1 0 0
vt 0.137475535 0.148401797
v 424 -52 224
vn 1 0 0
vt 0.137475535 0.166666687
f 2412/2412/2412 2411/2411/2411 2410/2410/2410 2409/2409/2409 2408/2408/2408
v 424 60 160
vn 1 0 0
vt 0.16878669 0.148401797
v 424 60 224
vn 1 0 0
vt 0.16878669 0.166666687
v 424 76 224
vn 1 0 0
vt 0.172700584 0.166666687
v 424 76 160
vn 1 0 0
vt 0.172700584 0.148401797
f 2416/2416/2416 2415/2415/2415 2414/2414/2414 2413/2413/2413
v 416 -52 224
vn 0 1 0
vt 0.175146773 0.166666687
v 424 -52 224
vn 0 1 0
vt 0.177103713 0.166666687
v 424 -52 160
vn 0 1 0
vt 0.177103713 0.148401797
v 416 -52 160
vn 0 1 0
vt 0.175146773 0.148401797
f 2420/2420/2420 2419/2419/2419 2418/2418/2418 2417/2417/2417
v 424 76 224
vn 0 1 0
vt 0.179060668 0.166666687
v 416 76 224
vn 0 1 0
vt 0.181017607 0.166666687
v 416 76 160
vn 0 1 0
vt 0.181017607 0.148401797
v 424 76 160
vn 0 1 0
vt 0.179060668 0.148401797
f 2424/2424/2424 2423/2423/2423 2422/2422/2422 2421/2421/2421
v 360 76 224
vn 0 0 1
vt 0.196673185 0.918949783
v 416 76 224
vn 0 0 1
vt 0.210371822 0.918949783
v 416 -36 224
vn 0 0 1
vt 0.210371822 0.855022848
v 360 -36 224
vn 0 0 1
vt 0.196673185 0.855022848
f 2428/2428/2428 2427/2427/2427 2426/2426/2426 2425/2425/2425
v 360 -36 224
vn 0 0 1
vt 0.707436383 0.097031951
v 416 -36 224
vn 0 0 1
vt 0.72113502 0.097031951
v 416 -52 224
vn 0 0 1
vt 0.72113502 0.0878995657
v 360 -52 224
vn 0 0 1
vt 0.707436383 0.0878995657
f 2432/2432/2432 2431/2431/2431 2430/2430/2430 2429/2429/2429
v 360 204 224
vn 0 1 0
vt 0.469667315 0.376712322
v 416 204 224
vn 0 1 0
vt 0.476516634 0.376712322
v 416 204 352
vn 0 1 0
vt 0.476516634 0.413241982
v 360 204 352
vn 0 1 0
vt 0.469667315 0.413241982
f 2436/2436/2436 2435/2435/2435 2434/2434/2434 2433/2433/2433
v 360 -84 224
vn 0 1 0
vt 0.166340515 0.229674041
v 416 -84 224
vn 0 1 0
vt 0.159491196 0.229674041
v 416 -84 352
vn 0 1 0
vt 0.159491196 0.24996829
v 360 -84 352
vn 0 1 0
vt 0.166340515 0.24996829
f 2440/2440/2440 2439/2439/2439 2438/2438/2438 2437/2437/2437
v 416 172 224
vn 0 1 0
vt 0.486301363 0.376712322
v 360 172 224
vn 0 1 0
vt 0.479452044 0.376712322
v 360 172 352
vn 0 1 0
vt 0.479452044 0.413241982
v 416 172 352
vn 0 1 0
vt 0.486301363 0.413241982
f 2444/2444/2444 2443/2443/2443 2442/2442/2442 2441/2441/2441
v 416 -116 224
vn 0 1 0
vt 0.496086091 0.37985158
v 360 -116 224
vn 0 1 0
vt 0.489236802 0.37985158
v 360 -116 352
vn 0 1 0
vt 0.489236802 0.410293043
v 416 -116 352
vn 0 1 0
vt 0.496086091 0.410293043
f 2448/2448/2448 2447/2447/2447 2446/2446/2446 2445/2445/2445
v 416 204 224
vn 0 1 0
vt 0.190802351 0.166666687
v 360 204 224
vn 0 1 0
vt 0.183953032 0.166666687
v 360 204 160
vn 0 1 0
vt 0.183953032 0.148401797
v 416 204 160
vn 0 1 0
vt 0.190802351 0.148401797
f 2452/2452/2452 2451/2451/2451 2450/2450/2450 2449/2449/2449
v 416 -84 224
vn 0 1 0
vt 0.72309196 0.0972539186
v 360 -84 224
vn 0 1 0
vt 0.729941308 0.0972539186
v 360 -84 160
vn 0 1 0
vt 0.729941308 0.0871067643
v 416 -84 160
vn 0 1 0
vt 0.72309196 0.0871067643
f 2456/2456/2456 2455/2455/2455 2454/2454/2454 2453/2453/2453
v 360 172 224
vn 0 1 0
vt 0.193737775 0.166666687
v 416 172 224
vn 0 1 0
vt 0.200587079 0.166666687
v 416 172 160
vn 0 1 0
vt 0.200587079 0.148401797
v 360 172 160
vn 0 1 0
vt 0.193737775 0.148401797
f 2460/2460/2460 2459/2459/2459 2458/2458/2458 2457/2457/2457
v 360 -52 224
vn 0 1 0
vt 0.202544034 0.166666687
v 416 -52 224
vn 0 1 0
vt 0.216242656 0.166666687
v 416 -52 160
vn 0 1 0
vt 0.216242656 0.148401797
v 360 -52 160
vn 0 1 0
vt 0.202544034 0.148401797
f 2464/2464/2464 2463/2463/2463 2462/2462/2462 2461/2461/2461
v 416 76 224
vn 0 1 0
vt 0.218199611 0.166666687
v 360 76 224
vn 0 1 0
vt 0.231898233 0.166666687
v 360 76 160
vn 0 1 0
vt 0.231898233 0.148401797
v 416 76 160
vn 0 1 0
vt 0.218199611 0.148401797
f 2468/2468/2468 2467/2467/2467 2466/2466/2466 2465/2465/2465
v 360 -116 224
vn 0 1 0
vt 0.234833658 0.165239751
v 416 -116 224
vn 0 1 0
vt 0.241682976 0.165239751
v 416 -116 160
vn 0 1 0
vt 0.241682976 0.15001905
v 360 -116 160
vn 0 1 0
vt 0.234833658 0.15001905
f 2472/2472/2472 2471/2471/2471 2470/2470/2470 2469/2469/2469
v 256 204 160
vn 0 1 0
vt 0.243639916 0.148401797
v 360 204 160
vn 0 1 0
vt 0.256360084 0.148401797
v 256 204 224
vn 0 1 0
vt 0.243639916 0.166666687
f 2475/2475/2475 2474/2474/2474 2473/2473/2473
v 360 204 352
vn 0 1 0
vt 0.272015661 0.166666687
v 256 204 352
vn 0 1 0
vt 0.259295493 0.166666687
v 256 204 288
vn 0 1 0
vt 0.259295493 0.148401797
f 2478/2478/2478 2477/2477/2477 2476/2476/2476
v 360 204 224
vn 0 1 0
vt 0.702544034 0.595890403
v 360 204 352
vn 0 1 0
vt 0.702544034 0.632420063
v 256 204 288
vn 0 1 0
vt 0.689823866 0.614155293
v 256 204 256
vn 0 1 0
vt 0.689823866 0.605022788
v 256 204 224
vn 0 1 0
vt 0.689823866 0.595890403
v 360 204 160
vn 0 1 0
vt 0.702544034 0.577625573
f 2484/2484/2484 2483/2483/2483 2482/2482/2482 2481/2481/2481 2480/2480/2480 2479/2479/2479
v 291.200012 -84 352
vn 0 1 0
vt 0.468297452 0.218004823
v 256 -84 352
vn 0 1 0
vt 0.472602725 0.218004823
v 256 -84 288
vn 0 1 0
vt 0.472602725 0.207857668
v 256 -84 256
vn 0 1 0
vt 0.472602725 0.202784121
v 360 -84 352
vn 0 1 0
vt 0.459882587 0.218004823
f 2489/2489/2489 2488/2488/2488 2487/2487/2487 2486/2486/2486 2485/2485/2485
v 256 -84 224
vn 0 1 0
vt 0.738747537 0.0972539186
v 256 -84 160
vn 0 1 0
vt 0.738747537 0.0871067643
v 270 -84 160
vn 0 1 0
vt 0.737035215 0.0871067643
v 298 -84 160
vn 0 1 0
vt 0.73361057 0.0871067643
f 2493/2493/2493 2492/2492/2492 2491/2491/2491 2490/2490/2490
v 360 -84 224
vn 0 1 0
vt 0.49902153 0.389491379
v 360 -84 352
vn 0 1 0
vt 0.49902153 0.409785628
v 256 -84 256
vn 0 1 0
vt 0.511741698 0.394564986
v 256 -84 224
vn 0 1 0
vt 0.511741698 0.389491379
v 298 -84 160
vn 0 1 0
vt 0.506604671 0.379344225
v 360 -84 160
vn 0 1 0
vt 0.49902153 0.379344225
f 2499/2499/2499 2498/2498/2498 2497/2497/2497 2496/2496/2496 2495/2495/2495 2494/2494/2494
v 291.200012 172 352
vn 0 1 0
vt 0.173581213 0.253424644
v 360 172 352
vn 0 1 0
vt 0.181996092 0.253424644
v 256 172 256
vn 0 1 0
vt 0.169275925 0.226027369
v 256 172 288
vn 0 1 0
vt 0.169275925 0.235159814
v 256 172 352
vn 0 1 0
vt 0.169275925 0.253424644
f 2504/2504/2504 2503/2503/2503 2502/2502/2502 2501/2501/2501 2500/2500/2500
v 360 172 224
vn 0 1 0
vt 0.283757329 0.166666687
v 360 172 160
vn 0 1 0
vt 0.283757329 0.148401797
v 298 172 160
vn 0 1 0
vt 0.276174158 0.148401797
f 2507/2507/2507 2506/2506/2506 2505/2505/2505
v 256 172 256
vn 0 1 0
vt 0.513698637 0.385844767
v 360 172 352
vn 0 1 0
vt 0.526418805 0.413241982
v 360 172 224
vn 0 1 0
vt 0.526418805 0.376712322
f 2510/2510/2510 2509/2509/2509 2508/2508/2508
v 256 172 224
vn 0 1 0
vt 0.184931502 0.244292259
v 256 172 256
vn 0 1 0
vt 0.184931502 0.253424644
v 360 172 224
vn 0 1 0
vt 0.197651669 0.244292259
v 298 172 160
vn 0 1 0
vt 0.190068498 0.226027369
v 270 172 160
vn 0 1 0
vt 0.186643839 0.226027369
v 256 172 160
vn 0 1 0
vt 0.184931502 0.226027369
f 2516/2516/2516 2515/2515/2515 2514/2514/2514 2513/2513/2513 2512/2512/2512 2511/2511/2511
v 256 -116 352
vn 0 1 0
vt 0.286692768 0.163717687
v 360 -116 352
vn 0 1 0
vt 0.299412906 0.163717687
v 256 -116 288
vn 0 1 0
vt 0.286692768 0.148496926
f 2519/2519/2519 2518/2518/2518 2517/2517/2517
v 360 -116 160
vn 0 1 0
vt 0.315068483 0.15001905
v 256 -116 160
vn 0 1 0
vt 0.302348346 0.15001905
v 256 -116 224
vn 0 1 0
vt 0.302348346 0.165239751
f 2522/2522/2522 2521/2521/2521 2520/2520/2520
v 360 -116 224
vn 0 1 0
vt 0.342465758 0.535102725
v 360 -116 160
vn 0 1 0
vt 0.342465758 0.519882023
v 256 -116 224
vn 0 1 0
vt 0.329745591 0.535102725
v 256 -116 256
vn 0 1 0
vt 0.329745591 0.542713046
v 256 -116 288
vn 0 1 0
vt 0.329745591 0.550323486
v 360 -116 352
vn 0 1 0
vt 0.342465758 0.565544128
f 2528/2528/2528 2527/2527/2527 2526/2526/2526 2525/2525/2525 2524/2524/2524 2523/2523/2523
v 448 -148 160
vn 1 0 0
vt 0.741780818 0.0944634676
v 448 -84 160
vn 1 0 0
vt 0.744911909 0.0944634676
v 448 -116 128
vn 1 0 0
vt 0.743346393 0.0879402757
v 448 -148 128
vn 1 0 0
vt 0.741780818 0.0879402757
f 2532/2532/2532 2531/2531/2531 2530/2530/2530 2529/2529/2529
v 768 204 -0
vn 0 1 0
vt 0.306262225 0.0479452014
v 736 204 0
vn 0 1 0
vt 0.310176134 0.0479452014
v 736 204 -32
vn 0 1 0
vt 0.310176134 0.0388127565
v 768 204 -32
vn 0 1 0
vt 0.306262225 0.0388127565
f 2536/2536/2536 2535/2535/2535 2534/2534/2534 2533/2533/2533
v 448 204 -0
vn 0 1 0
vt 0.000978473574 0.46347034
v 672 204 0
vn 0 1 0
vt 0.0283757336 0.46347034
v 672 204 160
vn 0 1 0
vt 0.0283757336 0.509132385
v 448 204 160
vn 0 1 0
vt 0.000978473574 0.509132385
f 2540/2540/2540 2539/2539/2539 2538/2538/2538 2537/2537/2537
v 736 204 0
vn 0 1 0
vt 0.0381604694 0.46347034
v 768 204 -0
vn 0 1 0
vt 0.0420743637 0.46347034
v 768 204 160
vn 0 1 0
vt 0.0420743637 0.509132385
v 672 204 160
vn 0 1 0
vt 0.0303326808 0.509132385
v 672 204 0
vn 0 1 0
vt 0.0303326808 0.46347034
f 2545/2545/2545 2544/2544/2544 2543/2543/2543 2542/2542/2542 2541/2541/2541
v 768 172 0
vn 0 0 1
vt 0.914872825 0.505926371
v 768 16 0
vn 0 0 1
vt 0.914872825 0.468036532
v 736 16 0
vn 0 0 1
vt 0.910958886 0.468036532
v 736 172 0
vn 0 0 1
vt 0.910958886 0.505926371
f 2549/2549/2549 2548/2548/2548 2547/2547/2547 2546/2546/2546
v 736 -148 0
vn 0 0 1
vt 0.934931517 0.337646782
v 768 -148 0
vn 0 0 1
vt 0.932485342 0.337646782
v 768 12 0
vn 0 0 1
vt 0.932485342 0.366086781
v 736 12 0
vn 0 0 1
vt 0.934931517 0.366086781
f 2553/2553/2553 2552/2552/2552 2551/2551/2551 2550/2550/2550
v 736 16 0
vn 0 0 1
vt 0.201320946 0.228025138
v 736 172 0
vn 0 0 1
vt 0.201320946 0.253320932
v 672 172 0
vn 0 0 1
vt 0.206017613 0.253320932
f 2556/2556/2556 2555/2555/2555 2554/2554/2554
v 736 12 0
vn 0 0 1
vt 0.706213295 0.606371939
v 736 16 0
vn 0 0 1
vt 0.706213295 0.607020557
v 672 172 0
vn 0 0 1
vt 0.710909963 0.632316351
v 448 172 0
vn 0 0 1
vt 0.727348328 0.632316351
v 448 -148 0
vn 0 0 1
vt 0.727348328 0.580427527
v 736 -148 0
vn 0 0 1
vt 0.706213295 0.580427527
f 2562/2562/2562 2561/2561/2561 2560/2560/2560 2559/2559/2559 2558/2558/2558 2557/2557/2557
v 448 204 -0
vn 0 0 1
vt 0.748532295 0.097031951
v 448 172 0
vn 0 0 1
vt 0.748532295 0.0878995657
v 672 172 0
vn 0 0 1
vt 0.77592957 0.0878995657
v 672 204 0
vn 0 0 1
vt 0.77592957 0.097031951
f 2566/2566/2566 2565/2565/2565 2564/2564/2564 2563/2563/2563
v 736 204 0
vn 0 0 1
vt 0.785714269 0.097031951
v 672 204 0
vn 0 0 1
vt 0.77788651 0.097031951
v 672 172 0
vn 0 0 1
vt 0.77788651 0.0878995657
v 736 172 0
vn 0 0 1
vt 0.785714269 0.0878995657
f 2570/2570/2570 2569/2569/2569 2568/2568/2568 2567/2567/2567
v 544 172 128
vn 0 1 0
vt 0.323874742 0.0388127565
v 448 172 160
vn 0 1 0
vt 0.312133074 0.0479452014
v 672 172 160
vn 0 1 0
vt 0.339530319 0.0479452014
v 672 172 128
vn 0 1 0
vt 0.339530319 0.0388127565
f 2574/2574/2574 2573/2573/2573 2572/2572/2572 2571/2571/2571
v 736 172 128
vn 0 1 0
vt 0.349315077 0.0388127565
v 672 172 128
vn 0 1 0
vt 0.341487288 0.0388127565
v 672 172 160
vn 0 1 0
vt 0.341487288 0.0479452014
v 768 172 160
vn 0 1 0
vt 0.353228956 0.0479452014
v 768 172 128
vn 0 1 0
vt 0.353228956 0.0388127565
f 2579/2579/2579 2578/2578/2578 2577/2577/2577 2576/2576/2576 2575/2575/2575
v 768 172 128
vn 0 1 0
vt 0.533268094 0.413241982
v 768 172 0
vn 0 1 0
vt 0.533268094 0.376712322
v 736 172 0
vn 0 1 0
vt 0.529354215 0.376712322
v 736 172 128
vn 0 1 0
vt 0.529354215 0.413241982
f 2583/2583/2583 2582/2582/2582 2581/2581/2581 2580/2580/2580
v 736 -20 128
vn 0 0 1
vt 0.332925647 0.162826896
v 544 -84 128
vn 0 0 1
vt 0.318835616 0.152449191
v 544 -52 128
vn 0 0 1
vt 0.318835616 0.157638013
f 2586/2586/2586 2585/2585/2585 2584/2584/2584
v 736 12 128
vn 0 0 1
vt 0.550146759 0.387193859
v 736 -20 128
vn 0 0 1
vt 0.550146759 0.382004976
v 544 -52 128
vn 0 0 1
vt 0.536056757 0.376816094
v 544 172 128
vn 0 0 1
vt 0.536056757 0.41313827
v 672 172 128
vn 0 0 1
vt 0.545450091 0.41313827
v 736 172 128
vn 0 0 1
vt 0.550146759 0.41313827
f 2592/2592/2592 2591/2591/2591 2590/2590/2590 2589/2589/2589 2588/2588/2588 2587/2587/2587
v 544 -84 128
vn 0 0 1
vt 0.217074364 0.239207149
v 736 -20 128
vn 0 0 1
vt 0.231164381 0.249584854
v 736 -148 128
vn 0 0 1
vt 0.231164381 0.228829384
v 448 -148 128
vn 0 0 1
vt 0.210029349 0.228829384
v 448 -116 128
vn 0 0 1
vt 0.210029349 0.234018266
f 2597/2597/2597 2596/2596/2596 2595/2595/2595 2594/2594/2594 2593/2593/2593
v 736 -20 128
vn 0 0 1
vt 0.939823866 0.360398829
v 736 12 128
vn 0 0 1
vt 0.939823866 0.366086781
v 768 12 128
vn 0 0 1
vt 0.942270041 0.366086781
v 768 -148 128
vn 0 0 1
vt 0.942270041 0.337646782
v 736 -148 128
vn 0 0 1
vt 0.939823866 0.337646782
f 2602/2602/2602 2601/2601/2601 2600/2600/2600 2599/2599/2599 2598/2598/2598
v 448 -84 160
vn -0.22941573 0.688247204 -0.688247204
vt 0.355185896 0.0479452014
v 544 -84 128
vn -0.22941573 0.688247204 -0.688247204
vt 0.366927594 0.0388127565
v 448 -116 128
vn -0.22941573 0.688247204 -0.688247204
vt 0.355185896 0.0388127565
f 2605/2605/2605 2604/2604/2604 2603/2603/2603
v 448 172 160
vn 0.316227764 0 0.948683321
vt 0.844422698 0.773972631
v 544 172 128
vn 0.316227764 0 0.948683321
vt 0.856164396 0.773972631
v 544 -52 128
vn 0.316227764 0 0.948683321
vt 0.856164396 0.710045695
v 448 -52 160
vn 0.316227764 0 0.948683321
vt 0.844422698 0.710045695
f 2609/2609/2609 2608/2608/2608 2607/2607/2607 2606/2606/2606
v 448 -84 160
vn 0.316227764 0 0.948683321
vt 0.368884534 0.0388127565
v 448 -52 160
vn 0.316227764 0 0.948683321
vt 0.368884534 0.0479452014
v 544 -52 128
vn 0.316227764 0 0.948683321
vt 0.380626231 0.0479452014
v 544 -84 128
vn 0.316227764 0 0.948683321
vt 0.380626231 0.0388127565
f 2613/2613/2613 2612/2612/2612 2611/2611/2611 2610/2610/2610
v 736 16 0
vn 1 0 0
vt 0.474748701 0.198630154
v 736 12 0
vn 1 0 0
vt 0.474637538 0.198630154
v 736 12 128
vn 1 0 0
vt 0.474637538 0.221461177
v 736 172 128
vn 1 0 0
vt 0.479085118 0.221461177
v 736 172 0
vn 1 0 0
vt 0.479085118 0.198630154
f 2618/2618/2618 2617/2617/2617 2616/2616/2616 2615/2615/2615 2614/2614/2614
v 736 12 0
vn 0 1 0
vt 0.385029346 0.0388127565
v 768 12 0
vn 0 1 0
vt 0.382583171 0.0388127565
v 768 12 128
vn 0 1 0
vt 0.382583171 0.044184804
v 736 12 128
vn 0 1 0
vt 0.385029346 0.044184804
f 2622/2622/2622 2621/2621/2621 2620/2620/2620 2619/2619/2619
v 736 172 0
vn 1 0 0
vt 0.391784996 0.0479452014
v 736 16 0
vn 1 0 0
vt 0.408023477 0.0479452014
v 736 16 -32
vn 1 0 0
vt 0.408023477 0.0388127565
v 736 204 -32
vn 1 0 0
vt 0.38845402 0.0388127565
v 736 204 0
vn 1 0 0
vt 0.38845402 0.0479452014
f 2627/2627/2627 2626/2626/2626 2625/2625/2625 2624/2624/2624 2623/2623/2623
v 768 16 -32
vn 0 1 0
vt 0.413894325 0.0388127565
v 736 16 -32
vn 0 1 0
vt 0.409980416 0.0388127565
v 736 16 0
vn 0 1 0
vt 0.409980416 0.0479452014
v 768 16 0
vn 0 1 0
vt 0.413894325 0.0479452014
f 2631/2631/2631 2630/2630/2630 2629/2629/2629 2628/2628/2628
v 736 204 -32
vn 0 0 1
vt 0.0479452051 0.509132385
v 736 16 -32
vn 0 0 1
vt 0.0479452051 0.46347034
v 768 16 -32
vn 0 0 1
vt 0.0440313108 0.46347034
v 768 204 -32
vn 0 0 1
vt 0.0440313108 0.509132385
f 2635/2635/2635 2634/2634/2634 2633/2633/2633 2632/2632/2632
v 448 204 -0
vn 0 1 0
vt 0.0538160466 0.46347034
v 448 204 160
vn 0 1 0
vt 0.0538160466 0.509132385
v 416 204 160
vn 0 1 0
vt 0.0499021523 0.509132385
f 2638/2638/2638 2637/2637/2637 2636/2636/2636
v 360 204 160
vn 0 1 0
vt 0.0684931502 0.509132385
v 256 204 160
vn 0 1 0
vt 0.0557729937 0.509132385
v 256 204 -0
vn 0 1 0
vt 0.0557729937 0.46347034
v 448 204 -0
vn 0 1 0
vt 0.0792563632 0.46347034
v 416 204 160
vn 0 1 0
vt 0.0753424689 0.509132385
f 2643/2643/2643 2642/2642/2642 2641/2641/2641 2640/2640/2640 2639/2639/2639
v 256 172 -0
vn 0 1 0
vt 0.552837551 0.376712322
v 256 172 128
vn 0 1 0
vt 0.552837551 0.413241982
v 416 172 128
vn 0 1 0
vt 0.572407067 0.413241982
v 416 172 0
vn 0 1 0
vt 0.572407067 0.376712322
f 2647/2647/2647 2646/2646/2646 2645/2645/2645 2644/2644/2644
v 416 172 0
vn 0 0 1
vt 0.807240725 0.0878995657
v 448 172 0
vn 0 0 1
vt 0.811154604 0.0878995657
v 448 204 -0
vn 0 0 1
vt 0.811154604 0.097031951
v 256 204 -0
vn 0 0 1
vt 0.787671208 0.097031951
v 256 172 -0
vn 0 0 1
vt 0.787671208 0.0878995657
f 2652/2652/2652 2651/2651/2651 2650/2650/2650 2649/2649/2649 2648/2648/2648
v 416 172 128
vn 0 0 1
vt 0.858921885 0.773972631
v 256 172 128
vn 0 0 1
vt 0.876712322 0.773972631
v 256 -52 128
vn 0 0 1
vt 0.876712322 0.710045695
v 416 -52 128
vn 0 0 1
vt 0.858921885 0.710045695
f 2656/2656/2656 2655/2655/2655 2654/2654/2654 2653/2653/2653
v 416 -52 128
vn 0 0 1
vt 0.234655753 0.253424644
v 256 -52 128
vn 0 0 1
vt 0.252446175 0.253424644
v 256 -148 128
vn 0 0 1
vt 0.252446175 0.226027369
v 416 -148 128
vn 0 0 1
vt 0.234655753 0.226027369
f 2660/2660/2660 2659/2659/2659 2658/2658/2658 2657/2657/2657
v 416 -52 128
vn 1 0 0
vt 0.489959538 0.221461177
v 416 -148 128
vn 1 0 0
vt 0.492628098 0.221461177
v 416 -148 -0
vn 1 0 0
vt 0.492628098 0.198630154
v 416 172 0
vn 1 0 0
vt 0.483732879 0.198630154
v 416 172 128
vn 1 0 0
vt 0.483732879 0.221461177
f 2665/2665/2665 2664/2664/2664 2663/2663/2663 2662/2662/2662 2661/2661/2661
v 448 172 0
vn 0 0 1
vt 0.731262207 0.632316351
v 416 172 0
vn 0 0 1
vt 0.73361057 0.632316351
v 416 -148 -0
vn 0 0 1
vt 0.73361057 0.580427527
v 448 -148 0
vn 0 0 1
vt 0.731262207 0.580427527
f 2669/2669/2669 2668/2668/2668 2667/2667/2667 2666/2666/2666
v 32 -52 288
vn 1 0 0
vt 0.432211906 0.0388127565
v 32 172 288
vn 1 0 0
vt 0.416095883 0.0388127565
v 32 172 352
vn 1 0 0
vt 0.416095883 0.0479452014
v 32 -148 352
vn 1 0 0
vt 0.439118803 0.0479452014
v 32 -148 288
vn 1 0 0
vt 0.439118803 0.0388127565
f 2674/2674/2674 2673/2673/2673 2672/2672/2672 2671/2671/2671 2670/2670/2670
v 32 -84 256
vn 1 0 0
vt 0.814134538 0.0953196287
v 32 -116 256
vn 1 0 0
vt 0.817692578 0.0953196287
v 32 -116 224
vn 1 0 0
vt 0.817692578 0.0877092481
f 2677/2677/2677 2676/2676/2676 2675/2675/2675
v 32 -52 224
vn 1 0 0
vt 0.828188956 0.0877092481
v 32 12 224
vn 1 0 0
vt 0.821072757 0.0877092481
v 32 12 256
vn 1 0 0
vt 0.821072757 0.0953196287
v 32 -84 256
vn 1 0 0
vt 0.831747055 0.0953196287
v 32 -116 224
vn 1 0 0
vt 0.835305095 0.0877092481
f 2682/2682/2682 2681/2681/2681 2680/2680/2680 2679/2679/2679 2678/2678/2678
v 32 108 224
vn 1 0 0
vt 0.842465758 0.0922755003
v 32 108 160
vn 1 0 0
vt 0.842465758 0.0861872435
v 32 140 160
vn 1 0 0
vt 0.838551879 0.0861872435
v 32 140 224
vn 1 0 0
vt 0.838551879 0.0922755003
v 32 140 256
vn 1 0 0
vt 0.838551879 0.0953196287
v 32 108 256
vn 1 0 0
vt 0.842465758 0.0953196287
f 2688/2688/2688 2687/2687/2687 2686/2686/2686 2685/2685/2685 2684/2684/2684 2683/2683/2683
v 32 -116 224
vn 1 0 0
vt 0.344111383 0.165334821
v 32 -116 160
vn 1 0 0
vt 0.344111383 0.150114179
v 32 -52 160
vn 1 0 0
vt 0.336995184 0.150114179
v 32 -52 224
vn 1 0 0
vt 0.336995184 0.165334821
f 2692/2692/2692 2691/2691/2691 2690/2690/2690 2689/2689/2689
v 64 -39.2000122 352
vn 0 0 1
vt 0.218758732 0.852852166
v 99.2000046 -39.2000122 352
vn 0 0 1
vt 0.212608323 0.852852166
v 99.2000046 66.3999939 352
vn 0 0 1
vt 0.212608323 0.916779101
v 64 66.3999939 352
vn 0 0 1
vt 0.218758732 0.916779101
f 2696/2696/2696 2695/2695/2695 2694/2694/2694 2693/2693/2693
v 256 66.3999939 352
vn 0 0 1
vt 0.222393066 0.916779101
v 99.2000046 66.3999939 352
vn 0 0 1
vt 0.249790326 0.916779101
v 99.2000046 -39.2000122 352
vn 0 0 1
vt 0.249790326 0.852852166
v 256 -39.2000122 352
vn 0 0 1
vt 0.222393066 0.852852166
f 2700/2700/2700 2699/2699/2699 2698/2698/2698 2697/2697/2697
v 64 66.3999939 352
vn 0 0 1
vt 0.259854645 0.852852166
v 99.2000046 66.3999939 352
vn 0 0 1
vt 0.25370422 0.852852166
v 99.2000046 172 352
vn 0 0 1
vt 0.25370422 0.916779101
v 64 172 352
vn 0 0 1
vt 0.259854645 0.916779101
f 2704/2704/2704 2703/2703/2703 2702/2702/2702 2701/2701/2701
v 256 172 352
vn 0 0 1
vt 0.263488948 0.916779101
v 99.2000046 172 352
vn 0 0 1
vt 0.290886223 0.916779101
v 99.2000046 66.3999939 352
vn 0 0 1
vt 0.290886223 0.852852166
v 256 66.3999939 352
vn 0 0 1
vt 0.263488948 0.852852166
f 2708/2708/2708 2707/2707/2707 2706/2706/2706 2705/2705/2705
v 256 -84 352
vn 0 0 1
vt 0.944506586 0.337147176
v 256 -39.2000122 352
vn 0 0 1
vt 0.944506586 0.364267707
v 99.2000046 -39.2000122 352
vn 0 0 1
vt 0.971903801 0.364267707
v 99.2000046 -84 352
vn 0 0 1
vt 0.971903801 0.337147176
f 2712/2712/2712 2711/2711/2711 2710/2710/2710 2709/2709/2709
v 64 -84 352
vn 0 0 1
vt 0.981968105 0.337147176
v 99.2000046 -84 352
vn 0 0 1
vt 0.97581774 0.337147176
v 99.2000046 -39.2000122 352
vn 0 0 1
vt 0.97581774 0.364267707
v 64 -39.2000122 352
vn 0 0 1
vt 0.981968105 0.364267707
f 2716/2716/2716 2715/2715/2715 2714/2714/2714 2713/2713/2713
v 131.199997 -148 352
vn 0 0 1
vt 0.277467161 0.229910374
v 256 -148 352
vn 0 0 1
vt 0.25566116 0.229910374
v 256 -116 352
vn 0 0 1
vt 0.25566116 0.249282181
v 99.2000046 -116 352
vn 0 0 1
vt 0.283058435 0.249282181
v 99.2000046 -148 352
vn 0 0 1
vt 0.283058435 0.229910374
f 2721/2721/2721 2720/2720/2720 2719/2719/2719 2718/2718/2718 2717/2717/2717
v 64 -148 352
vn 0 0 1
vt 0.293122739 0.229910374
v 99.2000046 -148 352
vn 0 0 1
vt 0.286972314 0.229910374
v 99.2000046 -116 352
vn 0 0 1
vt 0.286972314 0.249282181
v 64 -116 352
vn 0 0 1
vt 0.293122739 0.249282181
f 2725/2725/2725 2724/2724/2724 2723/2723/2723 2722/2722/2722
v 256 -39.2000122 640
vn 0 0 1
vt 0.30206877 0.852852166
v 220.800003 -39.2000122 640
vn 0 0 1
vt 0.295918375 0.852852166
v 220.800003 66.3999939 640
vn 0 0 1
vt 0.295918375 0.916779101
v 256 66.3999939 640
vn 0 0 1
vt 0.30206877 0.916779101
f 2729/2729/2729 2728/2728/2728 2727/2727/2727 2726/2726/2726
v 64 66.3999939 640
vn 0 0 1
vt 0.305703104 0.916779101
v 220.800003 66.3999939 640
vn 0 0 1
vt 0.333100379 0.916779101
v 220.800003 -39.2000122 640
vn 0 0 1
vt 0.333100379 0.852852166
v 64 -39.2000122 640
vn 0 0 1
vt 0.305703104 0.852852166
f 2733/2733/2733 2732/2732/2732 2731/2731/2731 2730/2730/2730
v 256 66.3999939 640
vn 0 0 1
vt 0.343164682 0.852852166
v 220.800003 66.3999939 640
vn 0 0 1
vt 0.337014288 0.852852166
v 220.800003 172 640
vn 0 0 1
vt 0.337014288 0.916779101
v 256 172 640
vn 0 0 1
vt 0.343164682 0.916779101
f 2737/2737/2737 2736/2736/2736 2735/2735/2735 2734/2734/2734
v 64 172 640
vn 0 0 1
vt 0.346798986 0.916779101
v 220.800003 172 640
vn 0 0 1
vt 0.374196261 0.916779101
v 220.800003 66.3999939 640
vn 0 0 1
vt 0.374196261 0.852852166
v 64 66.3999939 640
vn 0 0 1
vt 0.346798986 0.852852166
f 2741/2741/2741 2740/2740/2740 2739/2739/2739 2738/2738/2738
v 64 -74.3999939 640
vn 0 0 1
vt 0.0356443971 0.973095715
v 64 -39.2000122 640
vn 0 0 1
vt 0.0356443971 0.994404674
v 220.800003 -39.2000122 640
vn 0 0 1
vt 0.0630416572 0.994404674
v 220.800003 -148 640
vn 0 0 1
vt 0.0630416572 0.928540528
v 64 -148 640
vn 0 0 1
vt 0.0356443971 0.928540528
f 2746/2746/2746 2745/2745/2745 2744/2744/2744 2743/2743/2743 2742/2742/2742
v 256 -148 640
vn 0 0 1
vt 0.0731059536 0.928540528
v 220.800003 -148 640
vn 0 0 1
vt 0.0669555515 0.928540528
v 220.800003 -39.2000122 640
vn 0 0 1
vt 0.0669555515 0.994404674
v 256 -39.2000122 640
vn 0 0 1
vt 0.0731059536 0.994404674
f 2750/2750/2750 2749/2749/2749 2748/2748/2748 2747/2747/2747
v 220.800003 172 640
vn 0 0 1
vt 0.863600731 0.0878995657
v 64 172 640
vn 0 0 1
vt 0.844422698 0.0878995657
v 64 204 640
vn 0 0 1
vt 0.844422698 0.097031951
v 256 204 640
vn 0 0 1
vt 0.867906094 0.097031951
v 256 172 640
vn 0 0 1
vt 0.867906094 0.0878995657
f 2755/2755/2755 2754/2754/2754 2753/2753/2753 2752/2752/2752 2751/2751/2751
v 256 204 640
vn 0 1 0
vt 0.903131127 0.773972631
v 64 204 640
vn 0 1 0
vt 0.879647732 0.773972631
v 64 204 416
vn 0 1 0
vt 0.879647732 0.710045695
v 256 204 416
vn 0 1 0
vt 0.903131127 0.710045695
f 2759/2759/2759 2758/2758/2758 2757/2757/2757 2756/2756/2756
v 256 204 352
vn 0 1 0
vt 0.370841473 0.148401797
v 256 204 416
vn 0 1 0
vt 0.370841473 0.166666687
v 64 204 416
vn 0 1 0
vt 0.347358108 0.166666687
v 64 204 352
vn 0 1 0
vt 0.347358108 0.148401797
f 2763/2763/2763 2762/2762/2762 2761/2761/2761 2760/2760/2760
v 64 172 416
vn 1 0 0
vt 0.906555772 0.710045695
v 64 204 416
vn 1 0 0
vt 0.910469651 0.710045695
v 64 204 640
vn 1 0 0
vt 0.910469651 0.773972631
v 64 172 640
vn 1 0 0
vt 0.906555772 0.773972631
f 2767/2767/2767 2766/2766/2766 2765/2765/2765 2764/2764/2764
v 64 172 384
vn 1 0 0
vt 0.374266148 0.157534242
v 64 172 352
vn 1 0 0
vt 0.374266148 0.148401797
v 64 204 352
vn 1 0 0
vt 0.378180027 0.148401797
v 64 204 416
vn 1 0 0
vt 0.378180027 0.166666687
v 64 172 416
vn 1 0 0
vt 0.374266148 0.166666687
f 2772/2772/2772 2771/2771/2771 2770/2770/2770 2769/2769/2769 2768/2768/2768
v 64 172 416
vn 1 0 0
vt 0.297956318 0.229156077
v 64 172 640
vn 1 0 0
vt 0.297956318 0.25283277
v 64 66.3999939 640
vn 1 0 0
vt 0.309697986 0.25283277
f 2775/2775/2775 2774/2774/2774 2773/2773/2773
v 64 -74.3999939 384
vn 1 0 0
vt 0.029854564 0.298833072
v 64 172 384
vn 1 0 0
vt 0.00245730137 0.298833072
v 64 172 416
vn 1 0 0
vt 0.00245730137 0.302215457
v 64 66.3999939 640
vn 1 0 0
vt 0.0141989859 0.32589215
v 64 -39.2000122 640
vn 1 0 0
vt 0.0259406697 0.32589215
v 64 -74.3999939 640
vn 1 0 0
vt 0.029854564 0.32589215
f 2781/2781/2781 2780/2780/2780 2779/2779/2779 2778/2778/2778 2777/2777/2777 2776/2776/2776
v 64 -148 640
vn 1 0 0
vt 0.0419520549 0.32589215
v 64 -148 384
vn 1 0 0
vt 0.0419520549 0.298833072
v 64 -74.3999939 384
vn 1 0 0
vt 0.0337684564 0.298833072
v 64 -74.3999939 640
vn 1 0 0
vt 0.0337684564 0.32589215
f 2785/2785/2785 2784/2784/2784 2783/2783/2783 2782/2782/2782
v 256 44 160
vn 0 0 1
vt 0.320939332 0.253424644
v 256 -52 160
vn 0 0 1
vt 0.320939332 0.226027369
v 192 44 160
vn 0 0 1
vt 0.313823164 0.253424644
f 2788/2788/2788 2787/2787/2787 2786/2786/2786
v 192 -52 160
vn 0 0 1
vt 0.576054096 0.385844767
v 192 44 160
vn 0 0 1
vt 0.576054096 0.413241982
v 256 -52 160
vn 0 0 1
vt 0.583170235 0.385844767
v 256 -84 160
vn 0 0 1
vt 0.583170235 0.376712322
v 192 -84 160
vn 0 0 1
vt 0.576054096 0.376712322
f 2793/2793/2793 2792/2792/2792 2791/2791/2791 2790/2790/2790 2789/2789/2789
v 64 140 160
vn 0 0 1
vt 0.380626231 0.157534242
v 64 172 160
vn 0 0 1
vt 0.380626231 0.166666687
v 96 172 160
vn 0 0 1
vt 0.384540111 0.166666687
v 64 108 160
vn 0 0 1
vt 0.380626231 0.148401797
f 2797/2797/2797 2796/2796/2796 2795/2795/2795 2794/2794/2794
v 96 -52 160
vn 0 0 1
vt 0.916829765 0.710045695
v 64 -52 160
vn 0 0 1
vt 0.912915826 0.710045695
v 64 12 160
vn 0 0 1
vt 0.912915826 0.728310466
v 64 108 160
vn 0 0 1
vt 0.912915826 0.755707741
v 96 172 160
vn 0 0 1
vt 0.916829765 0.773972631
f 2802/2802/2802 2801/2801/2801 2800/2800/2800 2799/2799/2799 2798/2798/2798
v 64 -84 160
vn 0 0 1
vt 0.441291571 0.0388127565
v 64 -52 160
vn 0 0 1
vt 0.441291571 0.0479452014
v 96 -52 160
vn 0 0 1
vt 0.44520548 0.0479452014
v 96 -84 160
vn 0 0 1
vt 0.44520548 0.0388127565
f 2806/2806/2806 2805/2805/2805 2804/2804/2804 2803/2803/2803
v 96 -52 160
vn 0 0 1
vt 0.324675322 0.226027369
v 192 44 160
vn 0 0 1
vt 0.33534956 0.253424644
v 192 -52 160
vn 0 0 1
vt 0.33534956 0.226027369
f 2809/2809/2809 2808/2808/2808 2807/2807/2807
v 192 60 160
vn 0 0 1
vt 0.930261552 0.742009163
v 192 44 160
vn 0 0 1
vt 0.930261552 0.737442911
v 96 -52 160
vn 0 0 1
vt 0.919587255 0.710045695
v 96 172 160
vn 0 0 1
vt 0.919587255 0.773972631
v 192 172 160
vn 0 0 1
vt 0.930261552 0.773972631
f 2814/2814/2814 2813/2813/2813 2812/2812/2812 2811/2811/2811 2810/2810/2810
v 96 -84 160
vn 0 0 1
vt 0.447962999 0.0388127565
v 96 -52 160
vn 0 0 1
vt 0.447962999 0.0479452014
v 192 -52 160
vn 0 0 1
vt 0.458637238 0.0479452014
v 192 -84 160
vn 0 0 1
vt 0.458637238 0.0388127565
f 2818/2818/2818 2817/2817/2817 2816/2816/2816 2815/2815/2815
v 256 -148 160
vn 0 0 1
vt 0.479452044 0.0388127565
v 96 -148 160
vn 0 0 1
vt 0.461661607 0.0388127565
v 96 -116 160
vn 0 0 1
vt 0.461661607 0.0479452014
v 256 -116 160
vn 0 0 1
vt 0.479452044 0.0479452014
f 2822/2822/2822 2821/2821/2821 2820/2820/2820 2819/2819/2819
v 32 108 160
vn 0 0 1
vt 0.337573379 0.253424644
v 64 108 160
vn 0 0 1
vt 0.341487288 0.253424644
v 64 12 160
vn 0 0 1
vt 0.341487288 0.226027369
v 32 12 160
vn 0 0 1
vt 0.337573379 0.226027369
f 2826/2826/2826 2825/2825/2825 2824/2824/2824 2823/2823/2823
v 64 -148 160
vn 0 0 1
vt 0.486301363 0.0388127565
v 32 -148 160
vn 0 0 1
vt 0.482387483 0.0388127565
v 32 -116 160
vn 0 0 1
vt 0.482387483 0.0479452014
v 64 -116 160
vn 0 0 1
vt 0.486301363 0.0479452014
v 96 -116 160
vn 0 0 1
vt 0.490215272 0.0479452014
v 96 -148 160
vn 0 0 1
vt 0.490215272 0.0388127565
f 2832/2832/2832 2831/2831/2831 2830/2830/2830 2829/2829/2829 2828/2828/2828 2827/2827/2827
v 64 108 256
vn 0 0 1
vt 0.343444228 0.253424644
v 32 108 256
vn 0 0 1
vt 0.347358108 0.253424644
v 32 12 256
vn 0 0 1
vt 0.347358108 0.226027369
v 64 12 256
vn 0 0 1
vt 0.343444228 0.226027369
f 2836/2836/2836 2835/2835/2835 2834/2834/2834 2833/2833/2833
v 64 -116 256
vn 0 0 1
vt 0.492172211 0.0479452014
v 32 -116 256
vn 0 0 1
vt 0.496086091 0.0479452014
v 32 -148 256
vn 0 0 1
vt 0.496086091 0.0388127565
v 64 -148 256
vn 0 0 1
vt 0.492172211 0.0388127565
f 2840/2840/2840 2839/2839/2839 2838/2838/2838 2837/2837/2837
v 256 204 288
vn 0 1 0
vt 0.409980416 0.148401797
v 256 204 352
vn 0 1 0
vt 0.409980416 0.166666687
v 64 204 352
vn 0 1 0
vt 0.386497051 0.166666687
v 64 204 288
vn 0 1 0
vt 0.386497051 0.148401797
f 2844/2844/2844 2843/2843/2843 2842/2842/2842 2841/2841/2841
v 64 172 288
vn 1 0 0
vt 0.501712322 0.0388127565
v 64 140 288
vn 1 0 0
vt 0.499410033 0.0388127565
v 64 172 352
vn 1 0 0
vt 0.501712322 0.0479452014
f 2847/2847/2847 2846/2846/2846 2845/2845/2845
v 64 -84 288
vn 1 0 0
vt 0.504820406 0.0388127565
v 64 -84 352
vn 1 0 0
vt 0.504820406 0.0479452014
v 64 -39.2000122 352
vn 1 0 0
vt 0.508043647 0.0479452014
f 2850/2850/2850 2849/2849/2849 2848/2848/2848
v 64 66.3999939 352
vn 1 0 0
vt 0.523468971 0.0479452014
v 64 172 352
vn 1 0 0
vt 0.531066537 0.0479452014
v 64 140 288
vn 1 0 0
vt 0.528764248 0.0388127565
v 64 -84 288
vn 1 0 0
vt 0.512648165 0.0388127565
v 64 -39.2000122 352
vn 1 0 0
vt 0.515871406 0.0479452014
f 2855/2855/2855 2854/2854/2854 2853/2853/2853 2852/2852/2852 2851/2851/2851
v 64 -148 288
vn 1 0 0
vt 0.533483922 0.0388127565
v 64 -148 352
vn 1 0 0
vt 0.533483922 0.0479452014
v 64 -116 352
vn 1 0 0
vt 0.535786271 0.0479452014
v 64 -116 288
vn 1 0 0
vt 0.535786271 0.0388127565
f 2859/2859/2859 2858/2858/2858 2857/2857/2857 2856/2856/2856
v 64 172 288
vn 1 0 0
vt 0.413405091 0.148401797
v 64 204 288
vn 1 0 0
vt 0.41731897 0.148401797
v 64 204 352
vn 1 0 0
vt 0.41731897 0.166666687
v 64 172 352
vn 1 0 0
vt 0.413405091 0.166666687
f 2863/2863/2863 2862/2862/2862 2861/2861/2861 2860/2860/2860
v 99.2000046 -84 352
vn 0 1 0
vt 0.889041066 0.094717145
v 64 -84 352
vn 0 1 0
vt 0.893346369 0.094717145
v 64 -84 288
vn 0 1 0
vt 0.893346369 0.0845699906
v 256 -84 288
vn 0 1 0
vt 0.869863033 0.0845699906
v 256 -84 352
vn 0 1 0
vt 0.869863033 0.094717145
f 2868/2868/2868 2867/2867/2867 2866/2866/2866 2865/2865/2865 2864/2864/2864
v 99.2000046 172 352
vn 0 1 0
vt 0.424070448 0.166666687
v 256 172 352
vn 0 1 0
vt 0.44324854 0.166666687
v 256 172 288
vn 0 1 0
vt 0.44324854 0.148401797
v 64 172 288
vn 0 1 0
vt 0.419765174 0.148401797
v 64 172 352
vn 0 1 0
vt 0.419765174 0.166666687
f 2873/2873/2873 2872/2872/2872 2871/2871/2871 2870/2870/2870 2869/2869/2869
v 99.2000046 -116 352
vn 0 1 0
vt 0.449510753 0.163717687
v 256 -116 352
vn 0 1 0
vt 0.468688846 0.163717687
v 256 -116 288
vn 0 1 0
vt 0.468688846 0.148496926
v 64 -116 288
vn 0 1 0
vt 0.44520548 0.148496926
v 64 -116 352
vn 0 1 0
vt 0.44520548 0.163717687
f 2878/2878/2878 2877/2877/2877 2876/2876/2876 2875/2875/2875 2874/2874/2874
v 64 172 288
vn 0 1 0
vt 0.539138973 0.0388127565
v 64 172 352
vn 0 1 0
vt 0.539138973 0.0479452014
v 32 172 352
vn 0 1 0
vt 0.543052852 0.0479452014
v 32 172 288
vn 0 1 0
vt 0.543052852 0.0388127565
f 2882/2882/2882 2881/2881/2881 2880/2880/2880 2879/2879/2879
v 256 204 256
vn 0 1 0
vt 0.568493128 0.0388127565
v 256 204 288
vn 0 1 0
vt 0.568493128 0.0479452014
v 64 204 288
vn 0 1 0
vt 0.545009792 0.0479452014
v 64 204 256
vn 0 1 0
vt 0.545009792 0.0388127565
f 2886/2886/2886 2885/2885/2885 2884/2884/2884 2883/2883/2883
v 64 12 256
vn 1 0 0
vt 0.582191765 0.0388127565
v 64 -84 256
vn 1 0 0
vt 0.570450127 0.0388127565
v 64 -84 288
vn 1 0 0
vt 0.570450127 0.0479452014
f 2889/2889/2889 2888/2888/2888 2887/2887/2887
v 64 140 288
vn 1 0 0
vt 0.61154598 0.0479452014
v 64 140 256
vn 1 0 0
vt 0.61154598 0.0388127565
v 64 108 256
vn 1 0 0
vt 0.607632101 0.0388127565
v 64 12 256
vn 1 0 0
vt 0.595890403 0.0388127565
v 64 -84 288
vn 1 0 0
vt 0.584148705 0.0479452014
f 2894/2894/2894 2893/2893/2893 2892/2892/2892 2891/2891/2891 2890/2890/2890
v 64 140 256
vn 1 0 0
vt 0.61350292 0.0388127565
v 64 140 288
vn 1 0 0
vt 0.61350292 0.0479452014
v 64 172 288
vn 1 0 0
vt 0.617416859 0.0479452014
v 64 172 256
vn 1 0 0
vt 0.617416859 0.0388127565
f 2898/2898/2898 2897/2897/2897 2896/2896/2896 2895/2895/2895
v 64 -148 256
vn 1 0 0
vt 0.619373798 0.0388127565
v 64 -148 288
vn 1 0 0
vt 0.619373798 0.0479452014
v 64 -116 288
vn 1 0 0
vt 0.623287678 0.0479452014
v 64 -116 256
vn 1 0 0
vt 0.623287678 0.0388127565
f 2902/2902/2902 2901/2901/2901 2900/2900/2900 2899/2899/2899
v 64 172 256
vn 1 0 0
vt 0.626712322 0.0388127565
v 64 204 256
vn 1 0 0
vt 0.630626202 0.0388127565
v 64 204 288
vn 1 0 0
vt 0.630626202 0.0479452014
v 64 172 288
vn 1 0 0
vt 0.626712322 0.0479452014
f 2906/2906/2906 2905/2905/2905 2904/2904/2904 2903/2903/2903
v 64 -84 256
vn 0 1 0
vt 0.918786705 0.0886288881
v 256 -84 256
vn 0 1 0
vt 0.895303309 0.0886288881
v 256 -84 288
vn 0 1 0
vt 0.895303309 0.0937024355
v 64 -84 288
vn 0 1 0
vt 0.918786705 0.0937024355
f 2910/2910/2910 2909/2909/2909 2908/2908/2908 2907/2907/2907
v 256 172 256
vn 0 1 0
vt 0.656555772 0.0388127565
v 64 172 256
vn 0 1 0
vt 0.633072436 0.0388127565
v 64 172 288
vn 0 1 0
vt 0.633072436 0.0479452014
v 256 172 288
vn 0 1 0
vt 0.656555772 0.0479452014
f 2914/2914/2914 2913/2913/2913 2912/2912/2912 2911/2911/2911
v 256 -116 256
vn 0 1 0
vt 0.94422698 0.0860921144
v 64 -116 256
vn 0 1 0
vt 0.920743644 0.0860921144
v 64 -116 288
vn 0 1 0
vt 0.920743644 0.0937024355
v 256 -116 288
vn 0 1 0
vt 0.94422698 0.0937024355
f 2918/2918/2918 2917/2917/2917 2916/2916/2916 2915/2915/2915
v 64 172 256
vn 0 1 0
vt 0.658512712 0.0388127565
v 64 172 288
vn 0 1 0
vt 0.658512712 0.0479452014
v 32 172 288
vn 0 1 0
vt 0.662426591 0.0479452014
v 32 172 256
vn 0 1 0
vt 0.662426591 0.0388127565
f 2922/2922/2922 2921/2921/2921 2920/2920/2920 2919/2919/2919
v 256 156 224
vn 0 0 1
vt 0.392367899 0.909817338
v 256 60 224
vn 0 0 1
vt 0.392367899 0.855022848
v 192 60 224
vn 0 0 1
vt 0.376712322 0.855022848
v 192 172 224
vn 0 0 1
vt 0.376712322 0.918949783
v 256 172 224
vn 0 0 1
vt 0.392367899 0.918949783
f 2927/2927/2927 2926/2926/2926 2925/2925/2925 2924/2924/2924 2923/2923/2923
v 256 44 224
vn 0 0 1
vt 0.961839557 0.0878995657
v 192 44 224
vn 0 0 1
vt 0.94618398 0.0878995657
v 192 60 224
vn 0 0 1
vt 0.94618398 0.097031951
v 256 60 224
vn 0 0 1
vt 0.961839557 0.097031951
f 2931/2931/2931 2930/2930/2930 2929/2929/2929 2928/2928/2928
v 256 204 224
vn 0 1 0
vt 0.687866926 0.0388127565
v 256 204 256
vn 0 1 0
vt 0.687866926 0.0479452014
v 64 204 256
vn 0 1 0
vt 0.66438359 0.0479452014
v 64 204 224
vn 0 1 0
vt 0.66438359 0.0388127565
f 2935/2935/2935 2934/2934/2934 2933/2933/2933 2932/2932/2932
v 64 -84 224
vn 1 0 0
vt 0.964730442 0.0877092481
v 64 -84 256
vn 1 0 0
vt 0.964730442 0.0953196287
v 64 12 256
vn 1 0 0
vt 0.975404739 0.0953196287
v 64 12 224
vn 1 0 0
vt 0.975404739 0.0877092481
f 2939/2939/2939 2938/2938/2938 2937/2937/2937 2936/2936/2936
v 64 108 224
vn 1 0 0
vt 0.689823866 0.042047143
v 64 108 256
vn 1 0 0
vt 0.689823866 0.045091331
v 64 140 256
vn 1 0 0
vt 0.693737745 0.045091331
v 64 140 224
vn 1 0 0
vt 0.693737745 0.042047143
f 2943/2943/2943 2942/2942/2942 2941/2941/2941 2940/2940/2940
v 64 140 224
vn 1 0 0
vt 0.697325528 0.042047143
v 64 140 256
vn 1 0 0
vt 0.697325528 0.0463959575
v 64 172 256
vn 1 0 0
vt 0.70384866 0.0463959575
v 64 172 224
vn 1 0 0
vt 0.70384866 0.042047143
f 2947/2947/2947 2946/2946/2946 2945/2945/2945 2944/2944/2944
v 64 172 224
vn 1 0 0
vt 0.708904088 0.0388127565
v 64 204 224
vn 1 0 0
vt 0.712818027 0.0388127565
v 64 204 256
vn 1 0 0
vt 0.712818027 0.0479452014
v 64 172 256
vn 1 0 0
vt 0.708904088 0.0479452014
f 2951/2951/2951 2950/2950/2950 2949/2949/2949 2948/2948/2948
v 64 -84 224
vn 0 1 0
vt 0.738747537 0.0424594283
v 256 -84 224
vn 0 1 0
vt 0.715264201 0.0424594283
v 256 -84 256
vn 0 1 0
vt 0.715264201 0.0475330353
v 64 -84 256
vn 0 1 0
vt 0.738747537 0.0475330353
f 2955/2955/2955 2954/2954/2954 2953/2953/2953 2952/2952/2952
v 192 172 224
vn 0 1 0
vt 0.756360054 0.0388127565
v 64 172 224
vn 0 1 0
vt 0.740704477 0.0388127565
v 64 172 256
vn 0 1 0
vt 0.740704477 0.0479452014
v 256 172 256
vn 0 1 0
vt 0.764187872 0.0479452014
v 256 172 224
vn 0 1 0
vt 0.764187872 0.0388127565
f 2960/2960/2960 2959/2959/2959 2958/2958/2958 2957/2957/2957 2956/2956/2956
v 256 -116 224
vn 0 1 0
vt 0.0244618393 0.0693492889
v 64 -116 224
vn 0 1 0
vt 0.000978473574 0.0693492889
v 64 -116 256
vn 0 1 0
vt 0.000978473574 0.0769596696
v 256 -116 256
vn 0 1 0
vt 0.0244618393 0.0769596696
f 2964/2964/2964 2963/2963/2963 2962/2962/2962 2961/2961/2961
v 64 172 224
vn 0 1 0
vt 0.766797125 0.042047143
v 64 172 256
vn 0 1 0
vt 0.766797125 0.0463959575
v 32 172 256
vn 0 1 0
vt 0.773320258 0.0463959575
v 32 172 224
vn 0 1 0
vt 0.773320258 0.042047143
f 2968/2968/2968 2967/2967/2967 2966/2966/2966 2965/2965/2965
v 64 108 256
vn 0 1 0
vt 0.77984345 0.045091331
v 64 108 224
vn 0 1 0
vt 0.77984345 0.042047143
v 32 108 224
vn 0 1 0
vt 0.77592957 0.042047143
v 32 108 256
vn 0 1 0
vt 0.77592957 0.045091331
f 2972/2972/2972 2971/2971/2971 2970/2970/2970 2969/2969/2969
v 64 -116 256
vn 0 1 0
vt 0.0315780118 0.0770547986
v 64 -116 224
vn 0 1 0
vt 0.0315780118 0.069444418
v 32 -116 224
vn 0 1 0
vt 0.0280199256 0.069444418
v 32 -116 256
vn 0 1 0
vt 0.0280199256 0.0770547986
f 2976/2976/2976 2975/2975/2975 2974/2974/2974 2973/2973/2973
v 64 12 224
vn 0 1 0
vt 0.0349581912 0.069444418
v 64 12 256
vn 0 1 0
vt 0.0349581912 0.0770547986
v 32 12 256
vn 0 1 0
vt 0.0385162793 0.0770547986
v 32 12 224
vn 0 1 0
vt 0.0385162793 0.069444418
f 2980/2980/2980 2979/2979/2979 2978/2978/2978 2977/2977/2977
v 256 204 160
vn 0 1 0
vt 0.494129151 0.148401797
v 256 204 224
vn 0 1 0
vt 0.494129151 0.166666687
v 64 204 224
vn 0 1 0
vt 0.470645785 0.166666687
v 64 204 160
vn 0 1 0
vt 0.470645785 0.148401797
f 2984/2984/2984 2983/2983/2983 2982/2982/2982 2981/2981/2981
v 64 -52 160
vn 1 0 0
vt 0.500578165 0.150114179
v 64 -84 160
vn 1 0 0
vt 0.497020125 0.150114179
v 64 -84 224
vn 1 0 0
vt 0.497020125 0.165334821
v 64 12 224
vn 1 0 0
vt 0.507694364 0.165334821
v 64 12 160
vn 1 0 0
vt 0.507694364 0.150114179
f 2989/2989/2989 2988/2988/2988 2987/2987/2987 2986/2986/2986 2985/2985/2985
v 64 108 160
vn 1 0 0
vt 0.781800389 0.0405251384
v 64 108 224
vn 1 0 0
vt 0.781800389 0.0466133952
v 64 140 224
vn 1 0 0
vt 0.785714269 0.0466133952
v 64 140 160
vn 1 0 0
vt 0.785714269 0.0405251384
f 2993/2993/2993 2992/2992/2992 2991/2991/2991 2990/2990/2990
v 64 140 160
vn 1 0 0
vt 0.0437051505 0.069879353
v 64 140 224
vn 1 0 0
vt 0.0437051505 0.0785768628
v 64 172 224
vn 1 0 0
vt 0.0502283089 0.0785768628
v 64 172 160
vn 1 0 0
vt 0.0502283089 0.069879353
f 2997/2997/2997 2996/2996/2996 2995/2995/2995 2994/2994/2994
v 64 172 160
vn 1 0 0
vt 0.511252463 0.148401797
v 64 204 160
vn 1 0 0
vt 0.515166342 0.148401797
v 64 204 224
vn 1 0 0
vt 0.515166342 0.166666687
v 64 172 224
vn 1 0 0
vt 0.511252463 0.166666687
f 3001/3001/3001 3000/3000/3000 2999/2999/2999 2998/2998/2998
v 96 172 160
vn 0 1 0
vt 0.521526396 0.148401797
v 64 172 160
vn 0 1 0
vt 0.517612517 0.148401797
v 64 172 224
vn 0 1 0
vt 0.517612517 0.166666687
v 192 172 224
vn 0 1 0
vt 0.533268094 0.166666687
v 192 172 160
vn 0 1 0
vt 0.533268094 0.148401797
f 3006/3006/3006 3005/3005/3005 3004/3004/3004 3003/3003/3003 3002/3002/3002
v 64 -84 224
vn 0 1 0
vt 0.0577299409 0.0789890885
v 64 -84 160
vn 0 1 0
vt 0.0577299409 0.0688419342
v 96 -84 160
vn 0 1 0
vt 0.0538160466 0.0688419342
f 3009/3009/3009 3008/3008/3008 3007/3007/3007
v 192 -84 160
vn 0 1 0
vt 0.0675146803 0.0688419342
v 256 -84 160
vn 0 1 0
vt 0.059686888 0.0688419342
v 256 -84 224
vn 0 1 0
vt 0.059686888 0.0789890885
v 64 -84 224
vn 0 1 0
vt 0.0831702575 0.0789890885
v 96 -84 160
vn 0 1 0
vt 0.0792563632 0.0688419342
f 3014/3014/3014 3013/3013/3013 3012/3012/3012 3011/3011/3011 3010/3010/3010
v 192 172 160
vn 1 0 0
vt 0.535714269 0.148401797
v 192 172 224
vn 1 0 0
vt 0.535714269 0.166666687
v 192 60 224
vn 1 0 0
vt 0.563111544 0.166666687
v 192 60 160
vn 1 0 0
vt 0.563111544 0.148401797
f 3018/3018/3018 3017/3017/3017 3016/3016/3016 3015/3015/3015
v 192 44 160
vn 1 0 0
vt 0.570939362 0.148401797
v 192 60 160
vn 1 0 0
vt 0.567025423 0.148401797
v 192 60 224
vn 1 0 0
vt 0.567025423 0.166666687
v 192 44 224
vn 1 0 0
vt 0.570939362 0.166666687
f 3022/3022/3022 3021/3021/3021 3020/3020/3020 3019/3019/3019
v 256 44 160
vn 0 1 0
vt 0.590019584 0.148401797
v 192 44 160
vn 0 1 0
vt 0.574364007 0.148401797
v 192 44 224
vn 0 1 0
vt 0.574364007 0.166666687
v 256 44 224
vn 0 1 0
vt 0.590019584 0.166666687
f 3026/3026/3026 3025/3025/3025 3024/3024/3024 3023/3023/3023
v 96 -116 160
vn 0 1 0
vt 0.595890403 0.15001905
v 64 -116 160
vn 0 1 0
vt 0.591976523 0.15001905
v 64 -116 224
vn 0 1 0
vt 0.591976523 0.165239751
v 256 -116 224
vn 0 1 0
vt 0.615459859 0.165239751
v 256 -116 160
vn 0 1 0
vt 0.615459859 0.15001905
f 3031/3031/3031 3030/3030/3030 3029/3029/3029 3028/3028/3028 3027/3027/3027
v 64 172 160
vn 0 1 0
vt 0.0857795179 0.069879353
v 64 172 224
vn 0 1 0
vt 0.0857795179 0.0785768628
v 32 172 224
vn 0 1 0
vt 0.09230268 0.0785768628
v 32 172 160
vn 0 1 0
vt 0.09230268 0.069879353
f 3035/3035/3035 3034/3034/3034 3033/3033/3033 3032/3032/3032
v 64 108 224
vn 0 1 0
vt 0.791585147 0.0466133952
v 64 108 160
vn 0 1 0
vt 0.791585147 0.0405251384
v 32 108 160
vn 0 1 0
vt 0.787671208 0.0405251384
v 32 108 224
vn 0 1 0
vt 0.787671208 0.0466133952
f 3039/3039/3039 3038/3038/3038 3037/3037/3037 3036/3036/3036
v 64 -116 224
vn 0 1 0
vt 0.622576058 0.165334821
v 64 -116 160
vn 0 1 0
vt 0.622576058 0.150114179
v 32 -116 160
vn 0 1 0
vt 0.619017959 0.150114179
v 32 -116 224
vn 0 1 0
vt 0.619017959 0.165334821
f 3043/3043/3043 3042/3042/3042 3041/3041/3041 3040/3040/3040
v 64 12 160
vn 0 1 0
vt 0.625956237 0.150114179
v 64 12 224
vn 0 1 0
vt 0.625956237 0.165334821
v 32 12 224
vn 0 1 0
vt 0.629514337 0.165334821
v 32 12 160
vn 0 1 0
vt 0.629514337 0.150114179
f 3047/3047/3047 3046/3046/3046 3045/3045/3045 3044/3044/3044
v 256 204 160
vn 0 1 0
vt 0.104696676 0.509132385
v 64 204 160
vn 0 1 0
vt 0.0812133104 0.509132385
v 64 204 -0
vn 0 1 0
vt 0.0812133104 0.46347034
v 256 204 -0
vn 0 1 0
vt 0.104696676 0.46347034
f 3051/3051/3051 3050/3050/3050 3049/3049/3049 3048/3048/3048
v 32 172 160
vn 0 1 0
vt 0.797455966 0.0479452014
v 32 172 128
vn 0 1 0
vt 0.797455966 0.0388127565
v 64 172 128
vn 0 1 0
vt 0.793542087 0.0388127565
v 64 172 160
vn 0 1 0
vt 0.793542087 0.0479452014
f 3055/3055/3055 3054/3054/3054 3053/3053/3053 3052/3052/3052
v 96 172 128
vn 0 1 0
vt 0.590019584 0.413241982
v 256 172 128
vn 0 1 0
vt 0.60958904 0.413241982
v 256 172 -0
vn 0 1 0
vt 0.60958904 0.376712322
v 64 172 -0
vn 0 1 0
vt 0.586105704 0.376712322
v 64 172 128
vn 0 1 0
vt 0.586105704 0.413241982
f 3060/3060/3060 3059/3059/3059 3058/3058/3058 3057/3057/3057 3056/3056/3056
v 64 172 128
vn 1 0 0
vt 0.108121328 0.5
v 64 172 -0
vn 1 0 0
vt 0.108121328 0.46347034
v 64 204 -0
vn 1 0 0
vt 0.112035222 0.46347034
v 64 204 160
vn 1 0 0
vt 0.112035222 0.509132385
v 64 172 160
vn 1 0 0
vt 0.108121328 0.509132385
f 3065/3065/3065 3064/3064/3064 3063/3063/3063 3062/3062/3062 3061/3061/3061
v 64 204 -0
vn 0 0 1
vt 0.0949119404 0.0787671208
v 64 172 -0
vn 0 0 1
vt 0.0949119404 0.069634676
v 256 172 -0
vn 0 0 1
vt 0.118395306 0.069634676
v 256 204 -0
vn 0 0 1
vt 0.118395306 0.0787671208
f 3069/3069/3069 3068/3068/3068 3067/3067/3067 3066/3066/3066
v 64 172 128
vn 0 0 1
vt 0.936399221 0.773972631
v 32 172 128
vn 0 0 1
vt 0.940313101 0.773972631
v 32 -52 128
vn 0 0 1
vt 0.940313101 0.710045695
v 96 -52 128
vn 0 0 1
vt 0.932485342 0.710045695
v 96 172 128
vn 0 0 1
vt 0.932485342 0.773972631
f 3074/3074/3074 3073/3073/3073 3072/3072/3072 3071/3071/3071 3070/3070/3070
v 64 -148 128
vn 0 0 1
vt 0.353228956 0.226027369
v 96 -148 128
vn 0 0 1
vt 0.349315077 0.226027369
v 96 -52 128
vn 0 0 1
vt 0.349315077 0.253424644
v 32 -52 128
vn 0 0 1
vt 0.357142866 0.253424644
v 32 -148 128
vn 0 0 1
vt 0.357142866 0.226027369
f 3079/3079/3079 3078/3078/3078 3077/3077/3077 3076/3076/3076 3075/3075/3075
v 256 172 128
vn 0 0 1
vt 0.94324851 0.773972631
v 96 172 128
vn 0 0 1
vt 0.961038947 0.773972631
v 96 -52 128
vn 0 0 1
vt 0.961038947 0.710045695
v 256 -52 128
vn 0 0 1
vt 0.94324851 0.710045695
f 3083/3083/3083 3082/3082/3082 3081/3081/3081 3080/3080/3080
v 169.600006 -148 128
vn 0 0 1
vt 0.369685113 0.226027369
v 256 -148 128
vn 0 0 1
vt 0.360078275 0.226027369
v 256 -52 128
vn 0 0 1
vt 0.360078275 0.253424644
v 96 -52 128
vn 0 0 1
vt 0.377868712 0.253424644
v 96 -148 128
vn 0 0 1
vt 0.377868712 0.226027369
f 3088/3088/3088 3087/3087/3087 3086/3086/3086 3085/3085/3085 3084/3084/3084
v -96 -148 160
vn 1 0 0
vt 0.633072436 0.148401797
v -96 -148 224
vn 1 0 0
vt 0.633072436 0.166666687
v -96 -116 224
vn 1 0 0
vt 0.636986315 0.166666687
v -96 -116 160
vn 1 0 0
vt 0.636986315 0.148401797
f 3092/3092/3092 3091/3091/3091 3090/3090/3090 3089/3089/3089
v -96 172 288
vn 0 0 1
vt 0.963796496 0.773972631
v 32 172 288
vn 0 0 1
vt 0.979452074 0.773972631
v 32 -52 288
vn 0 0 1
vt 0.979452074 0.710045695
v -96 -52 288
vn 0 0 1
vt 0.963796496 0.710045695
f 3096/3096/3096 3095/3095/3095 3094/3094/3094 3093/3093/3093
v 0 -148 288
vn 0 0 1
vt 0.392367899 0.226027369
v -96 -148 288
vn 0 0 1
vt 0.380626231 0.226027369
v -96 -52 288
vn 0 0 1
vt 0.380626231 0.253424644
v 32 -52 288
vn 0 0 1
vt 0.396281809 0.253424644
v 32 -148 288
vn 0 0 1
vt 0.396281809 0.226027369
f 3101/3101/3101 3100/3100/3100 3099/3099/3099 3098/3098/3098 3097/3097/3097
v 32 172 128
vn 0 0 1
vt 0.981409013 0.773972631
v -96 172 128
vn 0 0 1
vt 0.99706459 0.773972631
v -96 -52 128
vn 0 0 1
vt 0.99706459 0.710045695
v 32 -52 128
vn 0 0 1
vt 0.981409013 0.710045695
f 3105/3105/3105 3104/3104/3104 3103/3103/3103 3102/3102/3102
v 32 -52 128
vn 0 0 1
vt 0.398238748 0.253424644
v -96 -52 128
vn 0 0 1
vt 0.413894325 0.253424644
v -96 -148 128
vn 0 0 1
vt 0.413894325 0.226027369
v 32 -148 128
vn 0 0 1
vt 0.398238748 0.226027369
f 3109/3109/3109 3108/3108/3108 3107/3107/3107 3106/3106/3106
v 32 -52 224
vn 0 0 1
vt 0.928571403 0.471461177
v -64 -52 224
vn 0 0 1
vt 0.916829765 0.471461177
v -64 12 224
vn 0 0 1
vt 0.916829765 0.507990837
v 32 12 224
vn 0 0 1
vt 0.928571403 0.507990837
f 3113/3113/3113 3112/3112/3112 3111/3111/3111 3110/3110/3110
v 32 -84 256
vn 0 0 1
vt 0.415851265 0.226027369
v 32 12 256
vn 0 0 1
vt 0.415851265 0.253424644
v -96 -84 256
vn 0 0 1
vt 0.431506842 0.226027369
f 3116/3116/3116 3115/3115/3115 3114/3114/3114
v -96 140 256
vn 0 0 1
vt 0.0166340508 0.70091325
v -96 -84 256
vn 0 0 1
vt 0.0166340508 0.636986315
v 32 12 256
vn 0 0 1
vt 0.000978473574 0.664383531
v 32 108 256
vn 0 0 1
vt 0.000978473574 0.691780806
v 32 140 256
vn 0 0 1
vt 0.000978473574 0.70091325
f 3121/3121/3121 3120/3120/3120 3119/3119/3119 3118/3118/3118 3117/3117/3117
v 32 -116 256
vn 0 0 1
vt 0.638943255 0.157534242
v 32 -84 256
vn 0 0 1
vt 0.638943255 0.166666687
v -96 -84 256
vn 0 0 1
vt 0.654598832 0.166666687
v -96 -148 256
vn 0 0 1
vt 0.654598832 0.148401797
v 32 -148 256
vn 0 0 1
vt 0.638943255 0.148401797
f 3126/3126/3126 3125/3125/3125 3124/3124/3124 3123/3123/3123 3122/3122/3122
v 32 172 256
vn 0 1 0
vt 0.799412906 0.0388127565
v 32 172 288
vn 0 1 0
vt 0.799412906 0.0479452014
v -96 172 288
vn 0 1 0
vt 0.815068483 0.0479452014
v -96 172 256
vn 0 1 0
vt 0.815068483 0.0388127565
f 3130/3130/3130 3129/3129/3129 3128/3128/3128 3127/3127/3127
v 32 172 224
vn 0 1 0
vt 0.81833005 0.042047143
v 32 172 256
vn 0 1 0
vt 0.81833005 0.0463959575
v -96 172 256
vn 0 1 0
vt 0.844422698 0.0463959575
v -96 172 224
vn 0 1 0
vt 0.844422698 0.042047143
f 3134/3134/3134 3133/3133/3133 3132/3132/3132 3131/3131/3131
v 32 140 256
vn 0 1 0
vt 0.872472286 0.0463959575
v 32 140 224
vn 0 1 0
vt 0.872472286 0.042047143
v -96 140 224
vn 0 1 0
vt 0.846379638 0.042047143
v -96 140 256
vn 0 1 0
vt 0.846379638 0.0463959575
f 3138/3138/3138 3137/3137/3137 3136/3136/3136 3135/3135/3135
v 32 108 160
vn 0 0 1
vt 0.623287678 0.404109597
v 32 12 160
vn 0 0 1
vt 0.623287678 0.376712322
v -64 12 160
vn 0 0 1
vt 0.61154598 0.376712322
v -64 140 160
vn 0 0 1
vt 0.61154598 0.413241982
v 32 140 160
vn 0 0 1
vt 0.623287678 0.413241982
f 3143/3143/3143 3142/3142/3142 3141/3141/3141 3140/3140/3140 3139/3139/3139
v 32 -116 160
vn 0 0 1
vt 0.88747555 0.0479452014
v 32 -148 160
vn 0 0 1
vt 0.88747555 0.0388127565
v -64 -148 160
vn 0 0 1
vt 0.875733852 0.0388127565
f 3146/3146/3146 3145/3145/3145 3144/3144/3144
v -64 -84 160
vn 0 0 1
vt 0.433463782 0.244292259
v -64 -52 160
vn 0 0 1
vt 0.433463782 0.253424644
v 32 -52 160
vn 0 0 1
vt 0.44520548 0.253424644
v 32 -116 160
vn 0 0 1
vt 0.44520548 0.235159814
v -64 -148 160
vn 0 0 1
vt 0.433463782 0.226027369
f 3151/3151/3151 3150/3150/3150 3149/3149/3149 3148/3148/3148 3147/3147/3147
v -96 -84 160
vn 0 0 1
vt 0.88943249 0.0388127565
v -64 -52 160
vn 0 0 1
vt 0.893346369 0.0479452014
v -64 -84 160
vn 0 0 1
vt 0.893346369 0.0388127565
f 3154/3154/3154 3153/3153/3153 3152/3152/3152
v -64 12 160
vn 0 0 1
vt 0.0225048922 0.664383531
v -64 -52 160
vn 0 0 1
vt 0.0225048922 0.64611876
v -96 -84 160
vn 0 0 1
vt 0.0185909979 0.636986315
v -96 140 160
vn 0 0 1
vt 0.0185909979 0.70091325
v -64 140 160
vn 0 0 1
vt 0.0225048922 0.70091325
f 3159/3159/3159 3158/3158/3158 3157/3157/3157 3156/3156/3156 3155/3155/3155
v -96 -116 160
vn 0 0 1
vt 0.656555772 0.157534242
v -96 -84 160
vn 0 0 1
vt 0.656555772 0.166666687
v -64 -84 160
vn 0 0 1
vt 0.660469651 0.166666687
v -64 -148 160
vn 0 0 1
vt 0.660469651 0.148401797
v -96 -148 160
vn 0 0 1
vt 0.656555772 0.148401797
f 3164/3164/3164 3163/3163/3163 3162/3162/3162 3161/3161/3161 3160/3160/3160
v 32 172 160
vn 0 1 0
vt 0.121656887 0.069879353
v 32 172 224
vn 0 1 0
vt 0.121656887 0.0785768628
v -96 172 224
vn 0 1 0
vt 0.147749513 0.0785768628
v -96 172 160
vn 0 1 0
vt 0.147749513 0.069879353
f 3168/3168/3168 3167/3167/3167 3166/3166/3166 3165/3165/3165
v -64 140 160
vn 0 1 0
vt 0.156229615 0.069879353
v -96 140 160
vn 0 1 0
vt 0.149706453 0.069879353
v -96 140 224
vn 0 1 0
vt 0.149706453 0.0785768628
v 32 140 224
vn 0 1 0
vt 0.175799087 0.0785768628
v 32 140 160
vn 0 1 0
vt 0.175799087 0.069879353
f 3173/3173/3173 3172/3172/3172 3171/3171/3171 3170/3170/3170 3169/3169/3169
v -64 -52 224
vn 1 0 0
vt 0.670254409 0.166666687
v -64 -52 160
vn 1 0 0
vt 0.670254409 0.148401797
v -64 12 160
vn 1 0 0
vt 0.662426591 0.148401797
v -64 12 224
vn 1 0 0
vt 0.662426591 0.166666687
f 3177/3177/3177 3176/3176/3176 3175/3175/3175 3174/3174/3174
v 32 -52 160
vn 0 1 0
vt 0.683953047 0.148401797
v -64 -52 160
vn 0 1 0
vt 0.672211349 0.148401797
v -64 -52 224
vn 0 1 0
vt 0.672211349 0.166666687
v 32 -52 224
vn 0 1 0
vt 0.683953047 0.166666687
f 3181/3181/3181 3180/3180/3180 3179/3179/3179 3178/3178/3178
v -64 12 160
vn 0 1 0
vt 0.697651684 0.148401797
v 32 12 160
vn 0 1 0
vt 0.685909986 0.148401797
v 32 12 224
vn 0 1 0
vt 0.685909986 0.166666687
v -64 12 224
vn 0 1 0
vt 0.697651684 0.166666687
f 3185/3185/3185 3184/3184/3184 3183/3183/3183 3182/3182/3182
v 32 172 128
vn 0 1 0
vt 0.895303309 0.0388127565
v 32 172 160
vn 0 1 0
vt 0.895303309 0.0479452014
v -96 172 160
vn 0 1 0
vt 0.910958886 0.0479452014
v -96 172 128
vn 0 1 0
vt 0.910958886 0.0388127565
f 3189/3189/3189 3188/3188/3188 3187/3187/3187 3186/3186/3186
v -160 -148 224
vn 1 0 0
vt 0.703522503 0.166666687
v -160 -148 160
vn 1 0 0
vt 0.703522503 0.148401797
v -160 -116 160
vn 1 0 0
vt 0.699608624 0.148401797
v -160 -116 224
vn 1 0 0
vt 0.699608624 0.166666687
f 3193/3193/3193 3192/3192/3192 3191/3191/3191 3190/3190/3190
v -160 172 288
vn 0 0 1
vt 0.0244618393 0.70091325
v -96 172 288
vn 0 0 1
vt 0.0322896279 0.70091325
v -96 -52 288
vn 0 0 1
vt 0.0322896279 0.636986315
v -160 -52 288
vn 0 0 1
vt 0.0244618393 0.636986315
f 3197/3197/3197 3196/3196/3196 3195/3195/3195 3194/3194/3194
v -160 -52 288
vn 0 0 1
vt 0.44716242 0.253424644
v -96 -52 288
vn 0 0 1
vt 0.454990208 0.253424644
v -96 -148 288
vn 0 0 1
vt 0.454990208 0.226027369
v -160 -148 288
vn 0 0 1
vt 0.44716242 0.226027369
f 3201/3201/3201 3200/3200/3200 3199/3199/3199 3198/3198/3198
v -96 172 128
vn 0 0 1
vt 0.0342465751 0.70091325
v -160 172 128
vn 0 0 1
vt 0.0420743637 0.70091325
v -160 -52 128
vn 0 0 1
vt 0.0420743637 0.636986315
v -96 -52 128
vn 0 0 1
vt 0.0342465751 0.636986315
f 3205/3205/3205 3204/3204/3204 3203/3203/3203 3202/3202/3202
v -96 -52 128
vn 0 0 1
vt 0.456947148 0.253424644
v -160 -52 128
vn 0 0 1
vt 0.464774936 0.253424644
v -160 -148 128
vn 0 0 1
vt 0.464774936 0.226027369
v -96 -148 128
vn 0 0 1
vt 0.456947148 0.226027369
f 3209/3209/3209 3208/3208/3208 3207/3207/3207 3206/3206/3206
v -160 -116 224
vn 0 0 1
vt 0.496086091 0.220319629
v -96 -116 224
vn 0 0 1
vt 0.503913879 0.220319629
v -96 -148 224
vn 0 0 1
vt 0.503913879 0.202054799
v -160 -148 224
vn 0 0 1
vt 0.496086091 0.202054799
f 3213/3213/3213 3212/3212/3212 3211/3211/3211 3210/3210/3210
v -96 140 256
vn 0 0 1
vt 0.0440313108 0.70091325
v -160 140 256
vn 0 0 1
vt 0.0518590994 0.70091325
v -160 -84 256
vn 0 0 1
vt 0.0518590994 0.636986315
v -96 -84 256
vn 0 0 1
vt 0.0440313108 0.636986315
f 3217/3217/3217 3216/3216/3216 3215/3215/3215 3214/3214/3214
v -96 -84 256
vn 0 0 1
vt 0.705479443 0.166666687
v -160 -84 256
vn 0 0 1
vt 0.713307261 0.166666687
v -160 -148 256
vn 0 0 1
vt 0.713307261 0.148401797
v -96 -148 256
vn 0 0 1
vt 0.705479443 0.148401797
f 3221/3221/3221 3220/3220/3220 3219/3219/3219 3218/3218/3218
v -96 172 256
vn 0 1 0
vt 0.912915826 0.0388127565
v -96 172 288
vn 0 1 0
vt 0.912915826 0.0479452014
v -160 172 288
vn 0 1 0
vt 0.920743644 0.0479452014
v -160 172 256
vn 0 1 0
vt 0.920743644 0.0388127565
f 3225/3225/3225 3224/3224/3224 3223/3223/3223 3222/3222/3222
v -96 172 224
vn 0 1 0
vt 0.922700584 0.042047143
v -96 172 256
vn 0 1 0
vt 0.922700584 0.0463959575
v -160 172 256
vn 0 1 0
vt 0.935746908 0.0463959575
v -160 172 224
vn 0 1 0
vt 0.935746908 0.042047143
f 3229/3229/3229 3228/3228/3228 3227/3227/3227 3226/3226/3226
v -96 140 256
vn 0 1 0
vt 0.952054799 0.0463959575
v -96 140 224
vn 0 1 0
vt 0.952054799 0.042047143
v -160 140 224
vn 0 1 0
vt 0.939008474 0.042047143
v -160 140 256
vn 0 1 0
vt 0.939008474 0.0463959575
f 3233/3233/3233 3232/3232/3232 3231/3231/3231 3230/3230/3230
v -160 140 160
vn 0 0 1
vt 0.0538160466 0.70091325
v -96 140 160
vn 0 0 1
vt 0.0616438352 0.70091325
v -96 -84 160
vn 0 0 1
vt 0.0616438352 0.636986315
v -160 -84 160
vn 0 0 1
vt 0.0538160466 0.636986315
f 3237/3237/3237 3236/3236/3236 3235/3235/3235 3234/3234/3234
v -160 -84 160
vn 0 0 1
vt 0.954011738 0.0479452014
v -96 -84 160
vn 0 0 1
vt 0.961839557 0.0479452014
v -96 -116 160
vn 0 0 1
vt 0.961839557 0.0388127565
v -160 -116 160
vn 0 0 1
vt 0.954011738 0.0388127565
f 3241/3241/3241 3240/3240/3240 3239/3239/3239 3238/3238/3238
v -96 172 160
vn 0 1 0
vt 0.179060668 0.069879353
v -96 172 224
vn 0 1 0
vt 0.179060668 0.0785768628
v -160 172 224
vn 0 1 0
vt 0.192106977 0.0785768628
v -160 172 160
vn 0 1 0
vt 0.192106977 0.069879353
f 3245/3245/3245 3244/3244/3244 3243/3243/3243 3242/3242/3242
v -96 140 224
vn 0 1 0
vt 0.208414868 0.0785768628
v -96 140 160
vn 0 1 0
vt 0.208414868 0.069879353
v -160 140 160
vn 0 1 0
vt 0.195368558 0.069879353
v -160 140 224
vn 0 1 0
vt 0.195368558 0.0785768628
f 3249/3249/3249 3248/3248/3248 3247/3247/3247 3246/3246/3246
v -96 -116 160
vn 0 1 0
vt 0.715264201 0.148401797
v -96 -116 224
vn 0 1 0
vt 0.715264201 0.166666687
v -160 -116 224
vn 0 1 0
vt 0.72309196 0.166666687
v -160 -116 160
vn 0 1 0
vt 0.72309196 0.148401797
f 3253/3253/3253 3252/3252/3252 3251/3251/3251 3250/3250/3250
v -96 172 128
vn 0 1 0
vt 0.963796496 0.0388127565
v -96 172 160
vn 0 1 0
vt 0.963796496 0.0479452014
v -160 172 160
vn 0 1 0
vt 0.971624255 0.0479452014
v -160 172 128
vn 0 1 0
vt 0.971624255 0.0388127565
f 3257/3257/3257 3256/3256/3256 3255/3255/3255 3254/3254/3254
v -192 120.800003 256
vn 1 0 0
vt 0.754077017 0.148401797
v -192 120.800003 160
vn 1 0 0
vt 0.754077017 0.165525138
v -192 -13.5999966 160
vn 1 0 0
vt 0.726679742 0.165525138
v -192 -13.5999966 256
vn 1 0 0
vt 0.726679742 0.148401797
f 3261/3261/3261 3260/3260/3260 3259/3259/3259 3258/3258/3258
v -192 -84 160
vn 1 0 0
vt 0.771037161 0.165525138
v -192 -148 160
vn 1 0 0
vt 0.757990897 0.165525138
v -192 -148 256
vn 1 0 0
vt 0.757990897 0.148401797
v -192 -84 256
vn 1 0 0
vt 0.771037161 0.148401797
v -192 -13.5999966 256
vn 1 0 0
vt 0.785388172 0.148401797
v -192 -13.5999966 160
vn 1 0 0
vt 0.785388172 0.165525138
f 3267/3267/3267 3266/3266/3266 3265/3265/3265 3264/3264/3264 3263/3263/3263 3262/3262/3262
v -192 140 256
vn 1 0 0
vt 0.79321593 0.148401797
v -192 140 160
vn 1 0 0
vt 0.79321593 0.165525138
v -192 120.800003 160
vn 1 0 0
vt 0.789302051 0.165525138
v -192 120.800003 256
vn 1 0 0
vt 0.789302051 0.148401797
f 3271/3271/3271 3270/3270/3270 3269/3269/3269 3268/3268/3268
v -192 172 288
vn 0 0 1
vt 0.063600786 0.70091325
v -160 172 288
vn 0 0 1
vt 0.0675146803 0.70091325
v -160 -52 288
vn 0 0 1
vt 0.0675146803 0.636986315
v -192 -52 288
vn 0 0 1
vt 0.063600786 0.636986315
f 3275/3275/3275 3274/3274/3274 3273/3273/3273 3272/3272/3272
v -192 -52 288
vn 0 0 1
vt 0.466731906 0.253424644
v -160 -52 288
vn 0 0 1
vt 0.470645785 0.253424644
v -160 -148 288
vn 0 0 1
vt 0.470645785 0.226027369
v -192 -148 288
vn 0 0 1
vt 0.466731906 0.226027369
f 3279/3279/3279 3278/3278/3278 3277/3277/3277 3276/3276/3276
v -160 -52 128
vn 0 0 1
vt 0.0929549932 0.00228309631
v -192 -39.2000008 128
vn 0 0 1
vt 0.0968688875 0.00593608618
v -192 -52 128
vn 0 0 1
vt 0.0968688875 0.00228309631
f 3282/3282/3282 3281/3281/3281 3280/3280/3280
v -160 172 128
vn 0 0 1
vt 0.973581195 0.0479452014
v -192 172 128
vn 0 0 1
vt 0.977495134 0.0479452014
v -192 140 128
vn 0 0 1
vt 0.977495134 0.0388127565
f 3285/3285/3285 3284/3284/3284 3283/3283/3283
v -192 50.4000015 128
vn 0 0 1
vt 0.0733855218 0.666210055
v -192 -39.2000008 128
vn 0 0 1
vt 0.0733855218 0.640639305
v -160 -52 128
vn 0 0 1
vt 0.0694716275 0.636986315
v -160 172 128
vn 0 0 1
vt 0.0694716275 0.70091325
v -192 140 128
vn 0 0 1
vt 0.0733855218 0.691780806
f 3290/3290/3290 3289/3289/3289 3288/3288/3288 3287/3287/3287 3286/3286/3286
v -192 -128.800003 128
vn 0 0 1
vt 0.476516634 0.231506824
v -192 -148 128
vn 0 0 1
vt 0.476516634 0.226027369
v -160 -148 128
vn 0 0 1
vt 0.472602725 0.226027369
v -160 -52 128
vn 0 0 1
vt 0.472602725 0.253424644
v -192 -52 128
vn 0 0 1
vt 0.476516634 0.253424644
f 3295/3295/3295 3294/3294/3294 3293/3293/3293 3292/3292/3292 3291/3291/3291
v -160 172 128
vn 0 1 0
vt 0.979452074 0.0388127565
v -160 172 160
vn 0 1 0
vt 0.979452074 0.0479452014
v -192 172 160
vn 0 1 0
vt 0.983365953 0.0479452014
v -192 172 128
vn 0 1 0
vt 0.983365953 0.0388127565
f 3299/3299/3299 3298/3298/3298 3297/3297/3297 3296/3296/3296
v -160 172 224
vn 0 1 0
vt 0.796803653 0.160768628
v -160 172 256
vn 0 1 0
vt 0.796803653 0.165117443
v -192 172 256
vn 0 1 0
vt 0.803326786 0.165117443
v -192 172 160
vn 0 1 0
vt 0.803326786 0.152071118
v -160 172 160
vn 0 1 0
vt 0.796803653 0.152071118
f 3304/3304/3304 3303/3303/3303 3302/3302/3302 3301/3301/3301 3300/3300/3300
v -160 172 288
vn 0 1 0
vt 0.985322893 0.0479452014
v -192 172 288
vn 0 1 0
vt 0.989236772 0.0479452014
v -192 172 256
vn 0 1 0
vt 0.989236772 0.0388127565
v -160 172 256
vn 0 1 0
vt 0.985322893 0.0388127565
f 3308/3308/3308 3307/3307/3307 3306/3306/3306 3305/3305/3305
v -192 -84 160
vn 0 0 1
vt 0.505870819 0.198630154
v -192 -13.5999966 160
vn 0 0 1
vt 0.505870819 0.218721449
v -160 -84 160
vn 0 0 1
vt 0.509784758 0.198630154
f 3311/3311/3311 3310/3310/3310 3309/3309/3309
v -160 140 160
vn 0 0 1
vt 0.0792563632 0.70091325
v -160 -84 160
vn 0 0 1
vt 0.0792563632 0.636986315
v -192 -13.5999966 160
vn 0 0 1
vt 0.0753424689 0.65707767
v -192 120.800003 160
vn 0 0 1
vt 0.0753424689 0.695433795
v -192 140 160
vn 0 0 1
vt 0.0753424689 0.70091325
f 3316/3316/3316 3315/3315/3315 3314/3314/3314 3313/3313/3313 3312/3312/3312
v -160 -116 160
vn 0 0 1
vt 0.809197664 0.157534242
v -160 -148 160
vn 0 0 1
vt 0.809197664 0.148401797
v -192 -148 160
vn 0 0 1
vt 0.805283785 0.148401797
v -192 -84 160
vn 0 0 1
vt 0.805283785 0.166666687
v -160 -84 160
vn 0 0 1
vt 0.809197664 0.166666687
f 3321/3321/3321 3320/3320/3320 3319/3319/3319 3318/3318/3318 3317/3317/3317
v -160 140 256
vn 0 0 1
vt 0.991193712 0.0479452014
v -192 140 256
vn 0 0 1
vt 0.995107651 0.0479452014
v -192 120.800003 256
vn 0 0 1
vt 0.995107651 0.0424657464
f 3324/3324/3324 3323/3323/3323 3322/3322/3322
v -192 -13.5999966 256
vn 0 0 1
vt 0.0851272047 0.65707767
v -192 -84 256
vn 0 0 1
vt 0.0851272047 0.636986315
v -160 -84 256
vn 0 0 1
vt 0.0812133104 0.636986315
v -160 140 256
vn 0 0 1
vt 0.0812133104 0.70091325
v -192 120.800003 256
vn 0 0 1
vt 0.0851272047 0.695433795
f 3329/3329/3329 3328/3328/3328 3327/3327/3327 3326/3326/3326 3325/3325/3325
v -160 -84 256
vn 0 0 1
vt 0.811154604 0.166666687
v -192 -84 256
vn 0 0 1
vt 0.815068483 0.166666687
v -192 -148 256
vn 0 0 1
vt 0.815068483 0.148401797
v -160 -148 256
vn 0 0 1
vt 0.811154604 0.148401797
f 3333/3333/3333 3332/3332/3332 3331/3331/3331 3330/3330/3330
v -160 140 224
vn 0 1 0
vt 0.823548615 0.160768628
v -160 140 160
vn 0 1 0
vt 0.823548615 0.152071118
v -192 140 160
vn 0 1 0
vt 0.817025423 0.152071118
v -192 140 256
vn 0 1 0
vt 0.817025423 0.165117443
v -160 140 256
vn 0 1 0
vt 0.823548615 0.165117443
f 3338/3338/3338 3337/3337/3337 3336/3336/3336 3335/3335/3335 3334/3334/3334
v -217.600006 5.59999657 256
vn 1 0 0
vt 0.827136338 0.166666687
v -217.600006 -84 256
vn 1 0 0
vt 0.845401168 0.166666687
v -217.600006 5.59999657 160
vn 1 0 0
vt 0.827136338 0.149543405
f 3341/3341/3341 3340/3340/3340 3339/3339/3339
v -217.600006 -84 160
vn 1 0 0
vt 0.866927564 0.149543405
v -217.600006 5.59999657 160
vn 1 0 0
vt 0.848662734 0.149543405
v -217.600006 -84 256
vn 1 0 0
vt 0.866927564 0.166666687
v -217.600006 -128.800003 256
vn 1 0 0
vt 0.876060009 0.166666687
v -217.600006 -128.800003 160
vn 1 0 0
vt 0.876060009 0.149543405
f 3346/3346/3346 3345/3345/3345 3344/3344/3344 3343/3343/3343 3342/3342/3342
v -217.600006 140 256
vn 1 0 0
vt 0.879973888 0.166666687
v -217.600006 5.59999657 256
vn 1 0 0
vt 0.907371163 0.166666687
v -217.600006 5.59999657 160
vn 1 0 0
vt 0.907371163 0.149543405
v -217.600006 140 160
vn 1 0 0
vt 0.879973888 0.149543405
f 3350/3350/3350 3349/3349/3349 3348/3348/3348 3347/3347/3347
v -217.600006 -148 256
vn 1 0 0
vt 0.915198922 0.166666687
v -217.600006 -148 160
vn 1 0 0
vt 0.915198922 0.149543405
v -217.600006 -128.800003 160
vn 1 0 0
vt 0.911285043 0.149543405
v -217.600006 -128.800003 256
vn 1 0 0
vt 0.911285043 0.166666687
f 3354/3354/3354 3353/3353/3353 3352/3352/3352 3351/3351/3351
v -217.600006 172 288
vn 0 0 1
vt 0.0878669322 0.70091325
v -192 172 288
vn 0 0 1
vt 0.0909980461 0.70091325
v -192 -52 288
vn 0 0 1
vt 0.0909980461 0.636986315
v -217.600006 -52 288
vn 0 0 1
vt 0.0878669322 0.636986315
f 3358/3358/3358 3357/3357/3357 3356/3356/3356 3355/3355/3355
v -217.600006 -52 288
vn 0 0 1
vt 0.479256362 0.253424644
v -192 -52 288
vn 0 0 1
vt 0.482387483 0.253424644
v -192 -148 288
vn 0 0 1
vt 0.482387483 0.226027369
v -217.600006 -148 288
vn 0 0 1
vt 0.479256362 0.226027369
f 3362/3362/3362 3361/3361/3361 3360/3360/3360 3359/3359/3359
v -192 -128.800003 128
vn 0 0 1
vt 0.130136982 0.573630095
v -192 -52 128
vn 0 0 1
vt 0.130136982 0.628424644
v -217.600006 -128.800003 128
vn 0 0 1
vt 0.136660144 0.573630095
f 3365/3365/3365 3364/3364/3364 3363/3363/3363
v -217.600006 -52 128
vn 0 0 1
vt 0.400848001 0.906963468
v -217.600006 -128.800003 128
vn 0 0 1
vt 0.400848001 0.852168918
v -192 -52 128
vn 0 0 1
vt 0.394324839 0.906963468
v -192 -39.2000008 128
vn 0 0 1
vt 0.394324839 0.916095912
v -217.600006 -39.2000008 128
vn 0 0 1
vt 0.400848001 0.916095912
f 3370/3370/3370 3369/3369/3369 3368/3368/3368 3367/3367/3367 3366/3366/3366
v -192 50.4000015 128
vn 0 0 1
vt 0.404109597 0.916095912
v -217.600006 50.4000015 128
vn 0 0 1
vt 0.41063273 0.916095912
v -217.600006 -39.2000008 128
vn 0 0 1
vt 0.41063273 0.852168918
v -192 -39.2000008 128
vn 0 0 1
vt 0.404109597 0.852168918
f 3374/3374/3374 3373/3373/3373 3372/3372/3372 3371/3371/3371
v -192 140 128
vn 0 0 1
vt 0.413894325 0.916095912
v -217.600006 140 128
vn 0 0 1
vt 0.420417458 0.916095912
v -217.600006 50.4000015 128
vn 0 0 1
vt 0.420417458 0.852168918
v -192 50.4000015 128
vn 0 0 1
vt 0.413894325 0.852168918
f 3378/3378/3378 3377/3377/3377 3376/3376/3376 3375/3375/3375
v -192 -128.800003 128
vn 0 0 1
vt 0.918786705 0.162671208
v -217.600006 -128.800003 128
vn 0 0 1
vt 0.925309896 0.162671208
v -217.600006 -148 128
vn 0 0 1
vt 0.925309896 0.148972631
v -192 -148 128
vn 0 0 1
vt 0.918786705 0.148972631
f 3382/3382/3382 3381/3381/3381 3380/3380/3380 3379/3379/3379
v -192 172 128
vn 0 0 1
vt 0.000978473574 0.0342465639
v -217.600006 172 128
vn 0 0 1
vt 0.00410958985 0.0342465639
v -217.600006 140 128
vn 0 0 1
vt 0.00410958985 0.0251141787
v -192 140 128
vn 0 0 1
vt 0.000978473574 0.0251141787
f 3386/3386/3386 3385/3385/3385 3384/3384/3384 3383/3383/3383
v -192 172 128
vn 0 1 0
vt 0.00684931502 0.0251141787
v -192 172 160
vn 0 1 0
vt 0.00684931502 0.0342465639
v -217.600006 172 160
vn 0 1 0
vt 0.00998043083 0.0342465639
v -217.600006 172 128
vn 0 1 0
vt 0.00998043083 0.0251141787
f 3390/3390/3390 3389/3389/3389 3388/3388/3388 3387/3387/3387
v -192 172 256
vn 0 1 0
vt 0.928571403 0.165117443
v -217.600006 172 256
vn 0 1 0
vt 0.933789909 0.165117443
v -217.600006 172 160
vn 0 1 0
vt 0.933789909 0.152071118
v -192 172 160
vn 0 1 0
vt 0.928571403 0.152071118
f 3394/3394/3394 3393/3393/3393 3392/3392/3392 3391/3391/3391
v -192 172 288
vn 0 1 0
vt 0.0127201565 0.0342465639
v -217.600006 172 288
vn 0 1 0
vt 0.0158512723 0.0342465639
v -217.600006 172 256
vn 0 1 0
vt 0.0158512723 0.0251141787
v -192 172 256
vn 0 1 0
vt 0.0127201565 0.0251141787
f 3398/3398/3398 3397/3397/3397 3396/3396/3396 3395/3395/3395
v -217.600006 -52 288
vn 0 0 1
vt 0.0937377736 0.636986315
v -224 -52 288
vn 0 0 1
vt 0.0929549932 0.636986315
v -224 172 288
vn 0 0 1
vt 0.0929549932 0.70091325
v -217.600006 172 288
vn 0 0 1
vt 0.0937377736 0.70091325
f 3402/3402/3402 3401/3401/3401 3400/3400/3400 3399/3399/3399
v -217.600006 -148 288
vn 0 0 1
vt 0.485127181 0.226027369
v -224 -148 288
vn 0 0 1
vt 0.484344423 0.226027369
v -224 -52 288
vn 0 0 1
vt 0.484344423 0.253424644
v -217.600006 -52 288
vn 0 0 1
vt 0.485127181 0.253424644
f 3406/3406/3406 3405/3405/3405 3404/3404/3404 3403/3403/3403
v -224 172 128
vn 0 0 1
vt 0.0205479451 0.0342465639
v -217.600006 140 128
vn 0 0 1
vt 0.0197651666 0.0251141787
v -217.600006 172 128
vn 0 0 1
vt 0.0197651666 0.0342465639
f 3409/3409/3409 3408/3408/3408 3407/3407/3407
v -224 -52 128
vn 0 0 1
vt 0.100782782 0.00228309631
v -217.600006 -52 128
vn 0 0 1
vt 0.099999994 0.00228309631
v -217.600006 -39.2000008 128
vn 0 0 1
vt 0.099999994 0.00593608618
f 3412/3412/3412 3411/3411/3411 3410/3410/3410
v -217.600006 50.4000015 128
vn 0 0 1
vt 0.0980430469 0.666210055
v -217.600006 140 128
vn 0 0 1
vt 0.0980430469 0.691780806
v -224 172 128
vn 0 0 1
vt 0.0988258347 0.70091325
v -224 -52 128
vn 0 0 1
vt 0.0988258347 0.636986315
v -217.600006 -39.2000008 128
vn 0 0 1
vt 0.0980430469 0.640639305
f 3417/3417/3417 3416/3416/3416 3415/3415/3415 3414/3414/3414 3413/3413/3413
v -217.600006 -128.800003 128
vn 0 0 1
vt 0.489432484 0.231506824
v -217.600006 -52 128
vn 0 0 1
vt 0.489432484 0.253424644
v -224 -52 128
vn 0 0 1
vt 0.490215272 0.253424644
v -224 -148 128
vn 0 0 1
vt 0.490215272 0.226027369
v -217.600006 -148 128
vn 0 0 1
vt 0.489432484 0.226027369
f 3422/3422/3422 3421/3421/3421 3420/3420/3420 3419/3419/3419 3418/3418/3418
v -217.600006 172 128
vn 0 1 0
vt 0.0236790609 0.0251141787
v -217.600006 172 160
vn 0 1 0
vt 0.0236790609 0.0342465639
v -224 172 160
vn 0 1 0
vt 0.0244618393 0.0342465639
v -224 172 128
vn 0 1 0
vt 0.0244618393 0.0251141787
f 3426/3426/3426 3425/3425/3425 3424/3424/3424 3423/3423/3423
v -217.600006 172 256
vn 0 1 0
vt 0.937703848 0.165117443
v -224 172 256
vn 0 1 0
vt 0.939008474 0.165117443
v -224 172 160
vn 0 1 0
vt 0.939008474 0.152071118
v -217.600006 172 160
vn 0 1 0
vt 0.937703848 0.152071118
f 3430/3430/3430 3429/3429/3429 3428/3428/3428 3427/3427/3427
v -217.600006 172 288
vn 0 1 0
vt 0.0275929552 0.0342465639
v -224 172 288
vn 0 1 0
vt 0.0283757336 0.0342465639
v -224 172 256
vn 0 1 0
vt 0.0283757336 0.0251141787
v -217.600006 172 256
vn 0 1 0
vt 0.0275929552 0.0251141787
f 3434/3434/3434 3433/3433/3433 3432/3432/3432 3431/3431/3431
v -224 140 160
vn 1 0 0
vt 0.0342465751 0.0342465639
v -224 -52 160
vn 1 0 0
vt 0.0577299409 0.0342465639
v -224 -52 128
vn 1 0 0
vt 0.0577299409 0.0251141787
v -224 172 128
vn 1 0 0
vt 0.0303326808 0.0251141787
v -224 172 160
vn 1 0 0
vt 0.0303326808 0.0342465639
f 3439/3439/3439 3438/3438/3438 3437/3437/3437 3436/3436/3436 3435/3435/3435
v -224 -84 160
vn 1 0 0
vt 0.063600786 0.0342465639
v -224 -148 160
vn 1 0 0
vt 0.0714285746 0.0342465639
v -224 -148 128
vn 1 0 0
vt 0.0714285746 0.0251141787
v -224 -52 128
vn 1 0 0
vt 0.059686888 0.0251141787
v -224 -52 160
vn 1 0 0
vt 0.059686888 0.0342465639
f 3444/3444/3444 3443/3443/3443 3442/3442/3442 3441/3441/3441 3440/3440/3440
v -224 140 160
vn 1 0 0
vt 0.950423956 0.152071118
v -224 172 160
vn 1 0 0
vt 0.943900883 0.152071118
v -224 172 256
vn 1 0 0
vt 0.943900883 0.165117443
v -224 140 256
vn 1 0 0
vt 0.950423956 0.165117443
f 3448/3448/3448 3447/3447/3447 3446/3446/3446 3445/3445/3445
v -224 140 256
vn 1 0 0
vt 0.0772994161 0.0251141787
v -224 172 256
vn 1 0 0
vt 0.0733855218 0.0251141787
v -224 172 288
vn 1 0 0
vt 0.0733855218 0.0342465639
v -224 -52 288
vn 1 0 0
vt 0.100782782 0.0342465639
v -224 -52 256
vn 1 0 0
vt 0.100782782 0.0251141787
f 3453/3453/3453 3452/3452/3452 3451/3451/3451 3450/3450/3450 3449/3449/3449
v -224 -84 256
vn 1 0 0
vt 0.106653623 0.0251141787
v -224 -52 256
vn 1 0 0
vt 0.102739729 0.0251141787
v -224 -52 288
vn 1 0 0
vt 0.102739729 0.0342465639
v -224 -148 288
vn 1 0 0
vt 0.114481412 0.0342465639
v -224 -148 256
vn 1 0 0
vt 0.114481412 0.0251141787
f 3458/3458/3458 3457/3457/3457 3456/3456/3456 3455/3455/3455 3454/3454/3454
v -224 -84 160
vn 0 0 1
vt 0.116438359 0.0251141787
v -224 -52 160
vn 0 0 1
vt 0.116438359 0.0342465639
v -217.600006 -84 160
vn 0 0 1
vt 0.117221139 0.0251141787
f 3461/3461/3461 3460/3460/3460 3459/3459/3459
v -217.600006 5.59999657 160
vn 0 0 1
vt 0.101565562 0.662557065
v -217.600006 -84 160
vn 0 0 1
vt 0.101565562 0.636986315
v -224 -52 160
vn 0 0 1
vt 0.100782782 0.64611876
v -224 140 160
vn 0 0 1
vt 0.100782782 0.70091325
v -217.600006 140 160
vn 0 0 1
vt 0.101565562 0.70091325
f 3466/3466/3466 3465/3465/3465 3464/3464/3464 3463/3463/3463 3462/3462/3462
v -217.600006 -128.800003 160
vn 0 0 1
vt 0.954794526 0.153881252
v -217.600006 -148 160
vn 0 0 1
vt 0.954794526 0.148401797
v -224 -148 160
vn 0 0 1
vt 0.954011738 0.148401797
v -224 -84 160
vn 0 0 1
vt 0.954011738 0.166666687
v -217.600006 -84 160
vn 0 0 1
vt 0.954794526 0.166666687
f 3471/3471/3471 3470/3470/3470 3469/3469/3469 3468/3468/3468 3467/3467/3467
v -217.600006 5.59999657 256
vn 0 0 1
vt 0.931702554 0.47077626
v -217.600006 140 256
vn 0 0 1
vt 0.931702554 0.509132385
v -224 140 256
vn 0 0 1
vt 0.932485342 0.509132385
f 3474/3474/3474 3473/3473/3473 3472/3472/3472
v -224 -52 256
vn 0 0 1
vt 0.106653623 0.64611876
v -224 -84 256
vn 0 0 1
vt 0.106653623 0.636986315
v -217.600006 -84 256
vn 0 0 1
vt 0.105870835 0.636986315
v -217.600006 5.59999657 256
vn 0 0 1
vt 0.105870835 0.662557065
v -224 140 256
vn 0 0 1
vt 0.106653623 0.70091325
f 3479/3479/3479 3478/3478/3478 3477/3477/3477 3476/3476/3476 3475/3475/3475
v -217.600006 -128.800003 256
vn 0 0 1
vt 0.959099829 0.153881252
v -217.600006 -84 256
vn 0 0 1
vt 0.959099829 0.166666687
v -224 -84 256
vn 0 0 1
vt 0.959882557 0.166666687
v -224 -148 256
vn 0 0 1
vt 0.959882557 0.148401797
v -217.600006 -148 256
vn 0 0 1
vt 0.959099829 0.148401797
f 3484/3484/3484 3483/3483/3483 3482/3482/3482 3481/3481/3481 3480/3480/3480
v -217.600006 140 256
vn 0 1 0
vt 0.96444881 0.165117443
v -217.600006 140 160
vn 0 1 0
vt 0.96444881 0.152071118
v -224 140 160
vn 0 1 0
vt 0.963144124 0.152071118
v -224 140 256
vn 0 1 0
vt 0.963144124 0.165117443
f 3488/3488/3488 3487/3487/3487 3486/3486/3486 3485/3485/3485
v 1136.07812 -724 640
vn 0 1 0
vt 0.97943294 0.162752748
v 1136.07812 -724 608
vn 0 1 0
vt 0.97943294 0.149706483
v 1179.8136 -724 608
vn 0 1 0
vt 0.968734443 0.149706483
v 1179.8136 -724 640
vn 0 1 0
vt 0.968734443 0.162752748
f 3492/3492/3492 3491/3491/3491 3490/3490/3490 3489/3489/3489
v 1252 -724 608
vn 0 1 0
vt 0.00195694715 0.12687546
v 1252.1864 -724 608
vn 0 1 0
vt 0.00191134994 0.12687546
v 1252.1864 -724 640
vn 0 1 0
vt 0.00191134994 0.139921725
v 1252 -724 640
vn 0 1 0
vt 0.00195694715 0.139921725
v 1179.8136 -724 640
vn 0 1 0
vt 0.019615069 0.139921725
v 1179.8136 -724 608
vn 0 1 0
vt 0.019615069 0.12687546
f 3498/3498/3498 3497/3497/3497 3496/3496/3496 3495/3495/3495 3494/3494/3494 3493/3493/3493
v 1440 -436 160
vn 0 1 0
vt 0.134050876 0.46347034
v 1600 -436 160
vn 0 1 0
vt 0.114481412 0.46347034
v 1600 -436 224
vn 0 1 0
vt 0.114481412 0.509132385
v 1440 -436 224
vn 0 1 0
vt 0.134050876 0.509132385
f 3502/3502/3502 3501/3501/3501 3500/3500/3500 3499/3499/3499
v 768 -436 221.333328
vn 0 1 0
vt 0.952426493 0.481395423
v 873.142883 -436 160
vn 0 1 0
vt 0.94149977 0.468892694
v 928 -436 352
vn 0 1 0
vt 0.935798824 0.508031607
v 728.369263 -436 352
vn 0 1 0
vt 0.956545055 0.508031607
v 728.369263 -436 244.451279
vn 0 1 0
vt 0.956545055 0.486108005
f 3507/3507/3507 3506/3506/3506 3505/3505/3505 3504/3504/3504 3503/3503/3503
v 992 -436 160
vn 0 1 0
vt 0.345977545 0.528253436
v 992 -436 352
vn 0 1 0
vt 0.345977545 0.567392349
v 928 -436 352
vn 0 1 0
vt 0.352628618 0.567392349
v 873.142883 -436 160
vn 0 1 0
vt 0.358329505 0.528253436
v 928 -436 128
vn 0 1 0
vt 0.352628618 0.521730244
v 992 -436 128
vn 0 1 0
vt 0.345977545 0.521730244
f 3513/3513/3513 3512/3512/3512 3511/3511/3511 3510/3510/3510 3509/3509/3509 3508/3508/3508
v 686.769226 -436 352
vn 0 1 0
vt 0.497071773 0.252323866
v 544 -436 352
vn 0 1 0
vt 0.51190877 0.252323866
v 728.369263 -436 244.451279
vn 0 1 0
vt 0.492748588 0.230400205
v 728.369263 -436 352
vn 0 1 0
vt 0.492748588 0.252323866
f 3517/3517/3517 3516/3516/3516 3515/3515/3515 3514/3514/3514
v 686.769226 -436 459.076904
vn 0 1 0
vt 0.631290197 0.377005041
v 686.769226 -436 352
vn 0 1 0
vt 0.631290197 0.410958886
v 728.369263 -436 352
vn 0 1 0
vt 0.626565516 0.410958886
f 3520/3520/3520 3519/3519/3519 3518/3518/3518
v 736 -436 496
vn 0 1 0
vt 0.445659786 0.87214613
v 686.769226 -436 459.076904
vn 0 1 0
vt 0.45125106 0.88385433
v 728.369263 -436 352
vn 0 1 0
vt 0.446526438 0.917808235
v 928 -436 352
vn 0 1 0
vt 0.423853815 0.917808235
v 928 -436 553.599976
vn 0 1 0
vt 0.423853815 0.853881299
v 812.799988 -436 553.599976
vn 0 1 0
vt 0.436937392 0.853881299
f 3526/3526/3526 3525/3525/3525 3524/3524/3524 3523/3523/3523 3522/3522/3522 3521/3521/3521
v 686.769226 -436 459.076904
vn 0 1 0
vt 0.635204077 0.377005041
v 544 -436 352
vn 0 1 0
vt 0.651418805 0.410958886
v 686.769226 -436 352
vn 0 1 0
vt 0.635204077 0.410958886
f 3529/3529/3529 3528/3528/3528 3527/3527/3527
v 928 -436 628.148132
vn 0 1 0
vt 0.0442060493 0.300561845
v 928 -436 640
vn 0 1 0
vt 0.0442060493 0.296803653
v 812.799988 -436 553.599976
vn 0 1 0
vt 0.0572896376 0.324200928
v 928 -436 553.599976
vn 0 1 0
vt 0.0442060493 0.324200928
f 3533/3533/3533 3532/3532/3532 3531/3531/3531 3530/3530/3530
v 448 -436 128
vn 0 1 0
vt 0.146151498 0.466935754
v 544 -436 128
vn 0 1 0
vt 0.136174902 0.466935754
v 544 -436 320
vn 0 1 0
vt 0.136174902 0.506074667
v 448 -436 320
vn 0 1 0
vt 0.146151498 0.506074667
f 3537/3537/3537 3536/3536/3536 3535/3535/3535 3534/3534/3534
v 1016 -436 640
vn 0 1 0
vt 0.214122623 0.0662100315
v 992 -436 640
vn 0 1 0
vt 0.211676449 0.0662100315
v 992 -436 736
vn 0 1 0
vt 0.211676449 0.079908669
v 1024 -436 736
vn 0 1 0
vt 0.214938015 0.079908669
v 1024 -436 640
vn 0 1 0
vt 0.214938015 0.0662100315
f 3542/3542/3542 3541/3541/3541 3540/3540/3540 3539/3539/3539 3538/3538/3538
v 768 -432 639.353516
vn 1 0 0
vt 0.10958904 0.00679165125
v 768 -432 628.148132
vn 1 0 0
vt 0.10958904 0.00579231977
v 768 -372 628.148132
vn 1 0 0
vt 0.104278244 0.00579231977
v 768 -372 639.353516
vn 1 0 0
vt 0.104278244 0.00679165125
f 3546/3546/3546 3545/3545/3545 3544/3544/3544 3543/3543/3543
v 768 -308 628.148132
vn 1 0 0
vt 0.127967611 0.00579231977
v 768 -148 628.148132
vn 1 0 0
vt 0.113805488 0.00579231977
v 768 -148 639.353516
vn 1 0 0
vt 0.113805488 0.00679165125
v 768 -308 639.353516
vn 1 0 0
vt 0.127967611 0.00679165125
v 768 -372 639.353516
vn 1 0 0
vt 0.133632451 0.00679165125
v 768 -372 628.148132
vn 1 0 0
vt 0.133632451 0.00579231977
f 3552/3552/3552 3551/3551/3551 3550/3550/3550 3549/3549/3549 3548/3548/3548 3547/3547/3547
v 1664 -436 384
vn 0 0 1
vt 0.0499021523 0.129773796
v 1440 -436 384
vn 0 0 1
vt 0.0225048922 0.129773796
v 1440 -372 384
vn 0 0 1
vt 0.0225048922 0.142227054
f 3555/3555/3555 3554/3554/3554 3553/3553/3553
v 1440 -308 384
vn 0 0 1
vt 0.10861057 0.666095853
v 1440 -148 384
vn 0 0 1
vt 0.10861057 0.697229147
v 1600 -148 384
vn 0 0 1
vt 0.128180042 0.697229147
v 1664 -148 384
vn 0 0 1
vt 0.136007831 0.697229147
v 1664 -436 384
vn 0 0 1
vt 0.136007831 0.641189337
v 1440 -372 384
vn 0 0 1
vt 0.10861057 0.653642595
f 3561/3561/3561 3560/3560/3560 3559/3559/3559 3558/3558/3558 3557/3557/3557 3556/3556/3556
v 1824 -308 384
vn 0 0 1
vt 0.157534242 0.666095853
v 1824 -436 384
vn 0 0 1
vt 0.157534242 0.641189337
v 1664 -436 384
vn 0 0 1
vt 0.13796477 0.641189337
v 1664 -148 384
vn 0 0 1
vt 0.13796477 0.697229147
v 1824 -148 384
vn 0 0 1
vt 0.157534242 0.697229147
f 3566/3566/3566 3565/3565/3565 3564/3564/3564 3563/3563/3563 3562/3562/3562
v 1088 -436 640
vn 0 0 1
vt 0.525440335 0.230466783
v 1024 -436 640
vn 0 0 1
vt 0.515655577 0.230466783
v 1024 -372 640
vn 0 0 1
vt 0.515655577 0.250761032
v 1120 -372 640
vn 0 0 1
vt 0.530332685 0.250761032
v 1120 -436 640
vn 0 0 1
vt 0.530332685 0.230466783
f 3571/3571/3571 3570/3570/3570 3569/3569/3569 3568/3568/3568 3567/3567/3567
v 992 -436 640
vn 0 0 1
vt 0.0675146803 0.295977533
v 928 -436 640
vn 0 0 1
vt 0.059686888 0.295977533
v 928 -432 640
vn 0 0 1
vt 0.059686888 0.296803653
v 928 -372 640
vn 0 0 1
vt 0.059686888 0.309195518
v 992 -308 640
vn 0 0 1
vt 0.0675146803 0.322413504
f 3576/3576/3576 3575/3575/3575 3574/3574/3574 3573/3573/3573 3572/3572/3572
v 928 -308 640
vn 0 0 1
vt 0.361056745 0.53245914
v 928 -148 640
vn 0 0 1
vt 0.361056745 0.565504074
v 992 -148 640
vn 0 0 1
vt 0.368884534 0.565504074
v 992 -308 640
vn 0 0 1
vt 0.368884534 0.53245914
v 928 -372 640
vn 0 0 1
vt 0.361056745 0.519241154
f 3581/3581/3581 3580/3580/3580 3579/3579/3579 3578/3578/3578 3577/3577/3577
v 992 -308 768
vn 0 0 1
vt 0.149706453 0.46347034
v 992 -148 768
vn 0 0 1
vt 0.149706453 0.509132385
v 896 -148 768
vn 0 0 1
vt 0.161448136 0.509132385
f 3584/3584/3584 3583/3583/3583 3582/3582/3582
v 768 -372 768
vn 0 0 1
vt 0.186888456 0.636986315
v 992 -372 768
vn 0 0 1
vt 0.159491196 0.636986315
v 992 -308 768
vn 0 0 1
vt 0.159491196 0.655251145
v 896 -148 768
vn 0 0 1
vt 0.171232879 0.70091325
v 768 -148 768
vn 0 0 1
vt 0.186888456 0.70091325
f 3589/3589/3589 3588/3588/3588 3587/3587/3587 3586/3586/3586 3585/3585/3585
v 992 -436 768
vn 0 0 1
vt 0.0518590994 0.125570774
v 992 -372 768
vn 0 0 1
vt 0.0518590994 0.143835604
v 768 -372 768
vn 0 0 1
vt 0.0792563632 0.143835604
v 768 -436 768
vn 0 0 1
vt 0.0792563632 0.125570774
f 3593/3593/3593 3592/3592/3592 3591/3591/3591 3590/3590/3590
v 1408 -308 768
vn 1 0 0
vt 0.139921725 0.0272770524
v 1408 -148 768
vn 1 0 0
vt 0.120352253 0.0272770524
v 1408 -148 864
vn 1 0 0
vt 0.120352253 0.0320836306
v 1408 -308 864
vn 1 0 0
vt 0.139921725 0.0320836306
f 3597/3597/3597 3596/3596/3596 3595/3595/3595 3594/3594/3594
v 1440 -308 768
vn 1 0 0
vt 0.511741698 0.20007211
v 1440 -308 896
vn 1 0 0
vt 0.511741698 0.219298244
v 1440 -282.399994 896
vn 1 0 0
vt 0.514872789 0.219298244
f 3600/3600/3600 3599/3599/3599 3598/3598/3598
v 1440 -215.199997 896
vn 1 0 0
vt 0.528962791 0.219298244
v 1440 -148 896
vn 1 0 0
vt 0.537181973 0.219298244
v 1440 -148 768
vn 1 0 0
vt 0.537181973 0.20007211
v 1440 -308 768
vn 1 0 0
vt 0.517612517 0.20007211
v 1440 -282.399994 896
vn 1 0 0
vt 0.520743668 0.219298244
f 3605/3605/3605 3604/3604/3604 3603/3603/3603 3602/3602/3602 3601/3601/3601
v 1408 -215.199997 896
vn 0 0 1
vt 0.454990208 0.917427719
v 1440 -215.199997 896
vn 0 0 1
vt 0.458904117 0.917427719
v 1440 -282.399994 896
vn 0 0 1
vt 0.458904117 0.853500783
v 1408 -282.399994 896
vn 0 0 1
vt 0.454990208 0.853500783
f 3609/3609/3609 3608/3608/3608 3607/3607/3607 3606/3606/3606
v 1408 -148 896
vn 0 0 1
vt 0.460861057 0.917427719
v 1440 -148 896
vn 0 0 1
vt 0.464774936 0.917427719
v 1440 -215.199997 896
vn 0 0 1
vt 0.464774936 0.853500783
v 1408 -215.199997 896
vn 0 0 1
vt 0.460861057 0.853500783
f 3613/3613/3613 3612/3612/3612 3611/3611/3611 3610/3610/3610
v 1408 -282.399994 896
vn 0 0 1
vt 0.533268094 0.250761032
v 1440 -282.399994 896
vn 0 0 1
vt 0.537181973 0.250761032
v 1440 -308 896
vn 0 0 1
vt 0.537181973 0.226407945
v 1408 -308 896
vn 0 0 1
vt 0.533268094 0.226407945
f 3617/3617/3617 3616/3616/3616 3615/3615/3615 3614/3614/3614
v 1024 -148 768
vn 1 0 0
vt 0.161448136 0.0251141787
v 1024 -308 768
vn 1 0 0
vt 0.141878664 0.0251141787
v 1024 -308 800
vn 1 0 0
vt 0.141878664 0.0342465639
v 1024 -148 800
vn 1 0 0
vt 0.161448136 0.0342465639
f 3621/3621/3621 3620/3620/3620 3619/3619/3619 3618/3618/3618
v 1024 -148 800
vn 1 0 0
vt 0.237769082 0.0693492889
v 1024 -308 800
vn 1 0 0
vt 0.218199611 0.0693492889
v 1024 -308 864
vn 1 0 0
vt 0.218199611 0.0754375458
v 1024 -148 864
vn 1 0 0
vt 0.237769082 0.0754375458
f 3625/3625/3625 3624/3624/3624 3623/3623/3623 3622/3622/3622
v 1408 -308 864
vn 0 0 1
vt 0.163405091 0.46347034
v 1408 -148 864
vn 0 0 1
vt 0.163405091 0.509132385
v 1344 -148 864
vn 0 0 1
vt 0.171232879 0.509132385
f 3628/3628/3628 3627/3627/3627 3626/3626/3626
v 1328 -148 864
vn 0 0 1
vt 0.182974562 0.509132385
v 1184 -148 864
vn 0 0 1
vt 0.200587079 0.509132385
v 1184 -308 864
vn 0 0 1
vt 0.200587079 0.46347034
v 1408 -308 864
vn 0 0 1
vt 0.173189819 0.46347034
v 1344 -148 864
vn 0 0 1
vt 0.181017607 0.509132385
f 3633/3633/3633 3632/3632/3632 3631/3631/3631 3630/3630/3630 3629/3629/3629
v 1184 -148 864
vn 0 0 1
vt 0.202544034 0.509132385
v 1104 -148 864
vn 0 0 1
vt 0.212328762 0.509132385
v 1184 -308 864
vn 0 0 1
vt 0.202544034 0.46347034
f 3636/3636/3636 3635/3635/3635 3634/3634/3634
v 1024 -308 864
vn 0 0 1
vt 0.233855188 0.46347034
v 1184 -308 864
vn 0 0 1
vt 0.214285716 0.46347034
v 1104 -148 864
vn 0 0 1
vt 0.224070445 0.509132385
v 1086.08069 -148 864
vn 0 0 1
vt 0.226262152 0.509132385
v 1024 -148 864
vn 0 0 1
vt 0.233855188 0.509132385
f 3641/3641/3641 3640/3640/3640 3639/3639/3639 3638/3638/3638 3637/3637/3637
v 1024 -148 896
vn 0 0 1
vt 0.235812128 0.509132385
v 1248 -148 896
vn 0 0 1
vt 0.263209403 0.509132385
v 1248 -308 896
vn 0 0 1
vt 0.263209403 0.46347034
v 1024 -308 896
vn 0 0 1
vt 0.235812128 0.46347034
f 3645/3645/3645 3644/3644/3644 3643/3643/3643 3642/3642/3642
v 1408 -282.399994 896
vn 0 0 1
vt 0.182974562 0.0324200988
v 1408 -308 896
vn 0 0 1
vt 0.182974562 0.0251141787
v 1248 -308 896
vn 0 0 1
vt 0.163405091 0.0251141787
f 3648/3648/3648 3647/3647/3647 3646/3646/3646
v 1344 -148 896
vn 0 0 1
vt 0.539138973 0.221461177
v 1408 -148 896
vn 0 0 1
vt 0.546966732 0.221461177
v 1408 -215.199997 896
vn 0 0 1
vt 0.546966732 0.202283144
f 3651/3651/3651 3650/3650/3650 3649/3649/3649
v 1328 -148 896
vn 0 0 1
vt 0.274951071 0.509132385
v 1344 -148 896
vn 0 0 1
vt 0.27690801 0.509132385
v 1408 -215.199997 896
vn 0 0 1
vt 0.284735799 0.489954352
v 1408 -282.399994 896
vn 0 0 1
vt 0.284735799 0.47077626
v 1248 -308 896
vn 0 0 1
vt 0.265166342 0.46347034
v 1248 -148 896
vn 0 0 1
vt 0.265166342 0.509132385
f 3657/3657/3657 3656/3656/3656 3655/3655/3655 3654/3654/3654 3653/3653/3653 3652/3652/3652
v 1408 -436 768
vn 1 0 0
vt 0.200587079 0.0253044367
v 1408 -308 768
vn 1 0 0
vt 0.184931502 0.0253044367
v 1408 -308 864
vn 1 0 0
vt 0.184931502 0.0310121775
v 1408 -436 864
vn 1 0 0
vt 0.200587079 0.0310121775
f 3661/3661/3661 3660/3660/3660 3659/3659/3659 3658/3658/3658
v 1440 -308 768
vn 1 0 0
vt 0.0924657509 0.294710815
v 1440 -436 768
vn 1 0 0
vt 0.0701006353 0.294710815
v 1440 -436 896
vn 1 0 0
vt 0.0701006353 0.325152159
v 1440 -308 896
vn 1 0 0
vt 0.0924657509 0.325152159
f 3665/3665/3665 3664/3664/3664 3663/3663/3663 3662/3662/3662
v 1024 -308 768
vn 1 0 0
vt 0.218199611 0.0251141787
v 1024 -436 768
vn 1 0 0
vt 0.202544034 0.0251141787
v 1024 -436 800
vn 1 0 0
vt 0.202544034 0.0342465639
v 1024 -308 800
vn 1 0 0
vt 0.218199611 0.0342465639
f 3669/3669/3669 3668/3668/3668 3667/3667/3667 3666/3666/3666
v 1024 -308 800
vn 1 0 0
vt 0.255381614 0.0693492889
v 1024 -436 800
vn 1 0 0
vt 0.239726022 0.0693492889
v 1024 -436 864
vn 1 0 0
vt 0.239726022 0.0754375458
v 1024 -308 864
vn 1 0 0
vt 0.255381614 0.0754375458
f 3673/3673/3673 3672/3672/3672 3671/3671/3671 3670/3670/3670
v 1408 -436 864
vn 0 0 1
vt 0.654598832 0.376712322
v 1408 -308 864
vn 0 0 1
vt 0.654598832 0.413241982
v 1344 -436 864
vn 0 0 1
vt 0.662426591 0.376712322
f 3676/3676/3676 3675/3675/3675 3674/3674/3674
v 1184 -308 864
vn 0 0 1
vt 0.672211349 0.413241982
v 1184 -436 864
vn 0 0 1
vt 0.672211349 0.376712322
v 1243.41931 -436 864
vn 0 0 1
vt 0.664943814 0.376712322
f 3679/3679/3679 3678/3678/3678 3677/3677/3677
v 1328 -436 864
vn 0 0 1
vt 0.683953047 0.376712322
v 1344 -436 864
vn 0 0 1
vt 0.681996107 0.376712322
v 1408 -308 864
vn 0 0 1
vt 0.674168289 0.413241982
v 1184 -308 864
vn 0 0 1
vt 0.701565564 0.413241982
v 1243.41931 -436 864
vn 0 0 1
vt 0.694298029 0.376712322
f 3684/3684/3684 3683/3683/3683 3682/3682/3682 3681/3681/3681 3680/3680/3680
v 1088 -436 864
vn 0 0 1
vt 0.715264201 0.376712322
v 1184 -436 864
vn 0 0 1
vt 0.703522503 0.376712322
v 1184 -308 864
vn 0 0 1
vt 0.703522503 0.413241982
v 1024 -308 864
vn 0 0 1
vt 0.72309196 0.413241982
v 1024 -436 864
vn 0 0 1
vt 0.72309196 0.376712322
f 3689/3689/3689 3688/3688/3688 3687/3687/3687 3686/3686/3686 3685/3685/3685
v 1024 -308 896
vn 0 0 1
vt 0.7250489 0.413241982
v 1248 -308 896
vn 0 0 1
vt 0.752446175 0.413241982
v 1248 -436 896
vn 0 0 1
vt 0.752446175 0.376712322
v 1024 -436 896
vn 0 0 1
vt 0.7250489 0.376712322
f 3693/3693/3693 3692/3692/3692 3691/3691/3691 3690/3690/3690
v 1328 -436 896
vn 0 0 1
vt 0.764187872 0.376712322
v 1248 -436 896
vn 0 0 1
vt 0.754403114 0.376712322
v 1248 -308 896
vn 0 0 1
vt 0.754403114 0.413241982
v 1408 -308 896
vn 0 0 1
vt 0.773972631 0.413241982
v 1408 -436 896
vn 0 0 1
vt 0.773972631 0.376712322
f 3698/3698/3698 3697/3697/3697 3696/3696/3696 3695/3695/3695 3694/3694/3694
v 1408 -308 768
vn 1 0 0
vt 0.239726022 0.0318433046
v 1408 -308 640
vn 1 0 0
vt 0.239726022 0.0254346132
v 1408 -148 640
vn 1 0 0
vt 0.22015655 0.0254346132
v 1408 -148 768
vn 1 0 0
vt 0.22015655 0.0318433046
f 3702/3702/3702 3701/3701/3701 3700/3700/3700 3699/3699/3699
v 1440 -308 640
vn 1 0 0
vt 0.548923671 0.199110746
v 1440 -308 768
vn 1 0 0
vt 0.548923671 0.21833694
v 1440 -148 768
vn 1 0 0
vt 0.568493128 0.21833694
v 1440 -148 640
vn 1 0 0
vt 0.568493128 0.199110746
f 3706/3706/3706 3705/3705/3705 3704/3704/3704 3703/3703/3703
v 992 -308 768
vn 1 0 0
vt 0.0984181315 0.143835604
v 992 -308 640
vn 1 0 0
vt 0.0984181315 0.125570774
v 992 -148 640
vn 1 0 0
vt 0.0821102411 0.125570774
v 992 -148 768
vn 1 0 0
vt 0.0821102411 0.143835604
f 3710/3710/3710 3709/3709/3709 3708/3708/3708 3707/3707/3707
v 1024 -308 640
vn 1 0 0
vt 0.101190478 0.125570774
v 1024 -308 768
vn 1 0 0
vt 0.101190478 0.143835604
v 1024 -148 768
vn 1 0 0
vt 0.117498368 0.143835604
v 1024 -148 640
vn 1 0 0
vt 0.117498368 0.125570774
f 3714/3714/3714 3713/3713/3713 3712/3712/3712 3711/3711/3711
v 1408 -372 640
vn 1 0 0
vt 0.265166342 0.0679223537
v 1408 -308 640
vn 1 0 0
vt 0.257338554 0.0679223537
v 1408 -308 768
vn 1 0 0
vt 0.257338554 0.0755327344
v 1408 -436 768
vn 1 0 0
vt 0.272994131 0.0755327344
v 1408 -436 640
vn 1 0 0
vt 0.272994131 0.0679223537
f 3719/3719/3719 3718/3718/3718 3717/3717/3717 3716/3716/3716 3715/3715/3715
v 1440 -372 640
vn 1 0 0
vt 0.787741125 0.378424644
v 1440 -436 640
vn 1 0 0
vt 0.776558518 0.378424644
v 1440 -436 768
vn 1 0 0
vt 0.776558518 0.408866107
v 1440 -308 768
vn 1 0 0
vt 0.798923671 0.408866107
v 1440 -308 640
vn 1 0 0
vt 0.798923671 0.378424644
f 3724/3724/3724 3723/3723/3723 3722/3722/3722 3721/3721/3721 3720/3720/3720
v 992 -372 768
vn 1 0 0
vt 0.128424659 0.143835604
v 992 -436 768
vn 1 0 0
vt 0.134947807 0.143835604
v 992 -436 736
vn 1 0 0
vt 0.134947807 0.139269412
v 992 -436 640
vn 1 0 0
vt 0.134947807 0.125570774
v 992 -308 640
vn 1 0 0
vt 0.121901497 0.125570774
v 992 -308 768
vn 1 0 0
vt 0.121901497 0.143835604
f 3730/3730/3730 3729/3729/3729 3728/3728/3728 3727/3727/3727 3726/3726/3726 3725/3725/3725
v 1024 -308 768
vn 1 0 0
vt 0.146200269 0.143835604
v 1024 -308 640
vn 1 0 0
vt 0.146200269 0.125570774
v 1024 -372 640
vn 1 0 0
vt 0.139677107 0.125570774
f 3733/3733/3733 3732/3732/3732 3731/3731/3731
v 1024 -436 736
vn 1 0 0
vt 0.150766477 0.139269412
v 1024 -436 768
vn 1 0 0
vt 0.150766477 0.143835604
v 1024 -308 768
vn 1 0 0
vt 0.163812786 0.143835604
v 1024 -372 640
vn 1 0 0
vt 0.157289624 0.125570774
v 1024 -436 640
vn 1 0 0
vt 0.150766477 0.125570774
f 3738/3738/3738 3737/3737/3737 3736/3736/3736 3735/3735/3735 3734/3734/3734
v 1408 -308 640
vn 1 0 0
vt 0.186888456 0.139589846
v 1408 -308 384
vn 1 0 0
vt 0.186888456 0.126772404
v 1408 -148 384
vn 1 0 0
vt 0.167318985 0.126772404
v 1408 -148 640
vn 1 0 0
vt 0.167318985 0.139589846
f 3742/3742/3742 3741/3741/3741 3740/3740/3740 3739/3739/3739
v 1440 -148 470.400024
vn 1 0 0
vt 0.306262225 0.479572237
v 1440 -148 384
vn 1 0 0
vt 0.306262225 0.466594577
v 1440 -308 384
vn 1 0 0
vt 0.286692768 0.466594577
v 1440 -308 640
vn 1 0 0
vt 0.286692768 0.505046844
v 1440 -148 640
vn 1 0 0
vt 0.306262225 0.505046844
f 3747/3747/3747 3746/3746/3746 3745/3745/3745 3744/3744/3744 3743/3743/3743
v 1024 -308 384
vn 1 0 0
vt 0.801723182 0.376712322
v 1024 -308 640
vn 1 0 0
vt 0.801723182 0.413241982
v 1024 -148 640
vn 1 0 0
vt 0.812595129 0.413241982
v 1024 -148 384
vn 1 0 0
vt 0.812595129 0.376712322
f 3751/3751/3751 3750/3750/3750 3749/3749/3749 3748/3748/3748
v 992 -308 628.148132
vn 0 0 1
vt 0.815068483 0.377207994
v 992 -148 628.148132
vn 0 0 1
vt 0.815068483 0.410252988
v 936 -148 628.148132
vn 0 0 1
vt 0.821917832 0.410252988
f 3754/3754/3754 3753/3753/3753 3752/3752/3752
v 896 -148 628.148132
vn 0 0 1
vt 0.836594939 0.410252988
v 768 -148 628.148132
vn 0 0 1
vt 0.852250516 0.410252988
v 768 -308 628.148132
vn 0 0 1
vt 0.852250516 0.377207994
v 992 -308 628.148132
vn 0 0 1
vt 0.824853241 0.377207994
v 936 -148 628.148132
vn 0 0 1
vt 0.83170253 0.410252988
f 3759/3759/3759 3758/3758/3758 3757/3757/3757 3756/3756/3756 3755/3755/3755
v 928 -148 640
vn 1 0 0
vt 0.137288854 0.00456619263
v 928 -308 640
vn 1 0 0
vt 0.151450977 0.00456619263
v 928 -308 639.353516
vn 1 0 0
vt 0.151450977 0.00452005863
v 928 -148 639.353516
vn 1 0 0
vt 0.137288854 0.00452005863
f 3763/3763/3763 3762/3762/3762 3761/3761/3761 3760/3760/3760
v 896 -148 639.353516
vn 0 0 1
vt 0.869863033 0.410252988
v 928 -148 639.353516
vn 0 0 1
vt 0.873776913 0.410252988
v 928 -308 639.353516
vn 0 0 1
vt 0.873776913 0.377207994
v 768 -308 639.353516
vn 0 0 1
vt 0.854207456 0.377207994
v 768 -148 639.353516
vn 0 0 1
vt 0.854207456 0.410252988
f 3768/3768/3768 3767/3767/3767 3766/3766/3766 3765/3765/3765 3764/3764/3764
v 992 -148 480
vn 1 0 0
vt 0.876250267 0.39041096
v 992 -148 628.148132
vn 1 0 0
vt 0.876250267 0.41155082
v 992 -308 628.148132
vn 1 0 0
vt 0.887122214 0.41155082
v 992 -308 384
vn 1 0 0
vt 0.887122214 0.376712322
v 992 -148 384
vn 1 0 0
vt 0.876250267 0.376712322
f 3773/3773/3773 3772/3772/3772 3771/3771/3771 3770/3770/3770 3769/3769/3769
v 1120 -372 640
vn 0 1 0
vt 0.241682976 0.0342465639
v 1024 -372 640
vn 0 1 0
vt 0.253424644 0.0342465639
v 1024 -372 608
vn 0 1 0
vt 0.253424644 0.0251141787
v 1120 -372 608
vn 0 1 0
vt 0.241682976 0.0251141787
f 3777/3777/3777 3776/3776/3776 3775/3775/3775 3774/3774/3774
v 1408 -372 384
vn 1 0 0
vt 0.196673185 0.125761032
v 1408 -308 384
vn 1 0 0
vt 0.188845396 0.125761032
v 1408 -308 640
vn 1 0 0
vt 0.188845396 0.140981734
v 1408 -372 640
vn 1 0 0
vt 0.196673185 0.140981734
f 3781/3781/3781 3780/3780/3780 3779/3779/3779 3778/3778/3778
v 1440 -308 384
vn 1 0 0
vt 0.200097844 0.637176573
v 1440 -372 384
vn 1 0 0
vt 0.188915297 0.637176573
v 1440 -372 640
vn 1 0 0
vt 0.188915297 0.69805932
v 1440 -308 640
vn 1 0 0
vt 0.200097844 0.69805932
f 3785/3785/3785 3784/3784/3784 3783/3783/3783 3782/3782/3782
v 1024 -372 608
vn 1 0 0
vt 0.89130789 0.40867579
v 1024 -372 640
vn 1 0 0
vt 0.89130789 0.413241982
v 1024 -308 640
vn 1 0 0
vt 0.895656645 0.413241982
v 1024 -308 384
vn 1 0 0
vt 0.895656645 0.376712322
v 1024 -372 384
vn 1 0 0
vt 0.89130789 0.376712322
f 3790/3790/3790 3789/3789/3789 3788/3788/3788 3787/3787/3787 3786/3786/3786
v 928 -372 628.148132
vn 0 0 1
vt 0.206457928 0.126547158
v 992 -372 628.148132
vn 0 0 1
vt 0.198630139 0.126547158
v 992 -308 628.148132
vn 0 0 1
vt 0.198630139 0.139765084
v 768 -308 628.148132
vn 0 0 1
vt 0.226027399 0.139765084
v 768 -372 628.148132
vn 0 0 1
vt 0.226027399 0.126547158
f 3795/3795/3795 3794/3794/3794 3793/3793/3793 3792/3792/3792 3791/3791/3791
v 928 -372 639.353516
vn 1 0 0
vt 0.161029711 0.00452005863
v 928 -308 639.353516
vn 1 0 0
vt 0.155364871 0.00452005863
v 928 -308 640
vn 1 0 0
vt 0.155364871 0.00456619263
v 928 -372 640
vn 1 0 0
vt 0.161029711 0.00456619263
f 3799/3799/3799 3798/3798/3798 3797/3797/3797 3796/3796/3796
v 928 -308 639.353516
vn 0 0 1
vt 0.24755381 0.139765084
v 928 -372 639.353516
vn 0 0 1
vt 0.24755381 0.126547158
v 768 -372 639.353516
vn 0 0 1
vt 0.227984339 0.126547158
v 768 -308 639.353516
vn 0 0 1
vt 0.227984339 0.139765084
f 3803/3803/3803 3802/3802/3802 3801/3801/3801 3800/3800/3800
v 992 -308 628.148132
vn 1 0 0
vt 0.900820851 0.41155082
v 992 -372 628.148132
vn 1 0 0
vt 0.905169606 0.41155082
v 992 -372 384
vn 1 0 0
vt 0.905169606 0.376712322
v 992 -308 384
vn 1 0 0
vt 0.900820851 0.376712322
f 3807/3807/3807 3806/3806/3806 3805/3805/3805 3804/3804/3804
v 1408 -436 384
vn 1 0 0
vt 0.257338554 0.125761032
v 1408 -372 384
vn 1 0 0
vt 0.249510765 0.125761032
v 1408 -372 640
vn 1 0 0
vt 0.249510765 0.140981734
v 1408 -436 640
vn 1 0 0
vt 0.257338554 0.140981734
f 3811/3811/3811 3810/3810/3810 3809/3809/3809 3808/3808/3808
v 1440 -436 627.200012
vn 1 0 0
vt 0.203173041 0.695015192
v 1440 -436 640
vn 1 0 0
vt 0.203173041 0.69805932
v 1440 -372 640
vn 1 0 0
vt 0.214355603 0.69805932
v 1440 -372 384
vn 1 0 0
vt 0.214355603 0.637176573
v 1440 -436 384
vn 1 0 0
vt 0.203173041 0.637176573
f 3816/3816/3816 3815/3815/3815 3814/3814/3814 3813/3813/3813 3812/3812/3812
v 1024 -372 384
vn 1 0 0
vt 0.100701235 0.294520557
v 1024 -436 384
vn 1 0 0
vt 0.0963524655 0.294520557
v 1024 -436 608
vn 1 0 0
vt 0.0963524655 0.326484025
v 1024 -372 608
vn 1 0 0
vt 0.100701235 0.326484025
f 3820/3820/3820 3819/3819/3819 3818/3818/3818 3817/3817/3817
v 1120 -372 608
vn 1 0 0
vt 0.263209403 0.0251141787
v 1120 -436 608
vn 1 0 0
vt 0.255381614 0.0251141787
v 1120 -436 640
vn 1 0 0
vt 0.255381614 0.0342465639
v 1120 -372 640
vn 1 0 0
vt 0.263209403 0.0342465639
f 3824/3824/3824 3823/3823/3823 3822/3822/3822 3821/3821/3821
v 1088 -436 608
vn 0 0 1
vt 0.263209403 0.125570774
v 1120 -436 608
vn 0 0 1
vt 0.259295493 0.125570774
v 1120 -372 608
vn 0 0 1
vt 0.259295493 0.143835604
v 1024 -372 608
vn 0 0 1
vt 0.271037191 0.143835604
v 1024 -436 608
vn 0 0 1
vt 0.271037191 0.125570774
f 3829/3829/3829 3828/3828/3828 3827/3827/3827 3826/3826/3826 3825/3825/3825
v 928 -372 628.148132
vn 0 0 1
vt 0.272994131 0.140245736
v 768 -372 628.148132
vn 0 0 1
vt 0.292563587 0.140245736
v 768 -432 628.148132
vn 0 0 1
vt 0.292563587 0.12785387
v 928 -432 628.148132
vn 0 0 1
vt 0.272994131 0.12785387
f 3833/3833/3833 3832/3832/3832 3831/3831/3831 3830/3830/3830
v 928 -432 628.148132
vn 0 0 1
vt 0.302348346 0.12785387
v 928 -436 628.148132
vn 0 0 1
vt 0.302348346 0.12702775
v 992 -436 628.148132
vn 0 0 1
vt 0.294520557 0.12702775
v 992 -372 628.148132
vn 0 0 1
vt 0.294520557 0.140245736
v 928 -372 628.148132
vn 0 0 1
vt 0.302348346 0.140245736
f 3838/3838/3838 3837/3837/3837 3836/3836/3836 3835/3835/3835 3834/3834/3834
v 928 -432 639.353516
vn 0 1 0
vt 0.182974562 0.00452005863
v 928 -432 628.148132
vn 0 1 0
vt 0.182974562 0.00372064114
v 768 -432 628.148132
vn 0 1 0
vt 0.163405091 0.00372064114
v 768 -432 639.353516
vn 0 1 0
vt 0.163405091 0.00452005863
f 3842/3842/3842 3841/3841/3841 3840/3840/3840 3839/3839/3839
v 928 -432 639.353516
vn 1 0 0
vt 0.19178082 0.00452005863
v 928 -372 639.353516
vn 1 0 0
vt 0.186470017 0.00452005863
v 928 -372 640
vn 1 0 0
vt 0.186470017 0.00456619263
v 928 -432 640
vn 1 0 0
vt 0.19178082 0.00456619263
f 3846/3846/3846 3845/3845/3845 3844/3844/3844 3843/3843/3843
v 928 -372 639.353516
vn 0 0 1
vt 0.323874742 0.140245736
v 928 -432 639.353516
vn 0 0 1
vt 0.323874742 0.12785387
v 768 -432 639.353516
vn 0 0 1
vt 0.304305285 0.12785387
v 768 -372 639.353516
vn 0 0 1
vt 0.304305285 0.140245736
f 3850/3850/3850 3849/3849/3849 3848/3848/3848 3847/3847/3847
v 928 -432 639.353516
vn 1 0 0
vt 0.195694715 0.00452005863
v 928 -432 640
vn 1 0 0
vt 0.195694715 0.00456619263
v 928 -436 640
vn 1 0 0
vt 0.196048781 0.00456619263
v 928 -436 628.148132
vn 1 0 0
vt 0.196048781 0.00372064114
v 928 -432 628.148132
vn 1 0 0
vt 0.195694715 0.00372064114
f 3855/3855/3855 3854/3854/3854 3853/3853/3853 3852/3852/3852 3851/3851/3851
v 992 -372 384
vn 1 0 0
vt 0.909083486 0.376712322
v 992 -372 628.148132
vn 1 0 0
vt 0.909083486 0.41155082
v 992 -436 628.148132
vn 1 0 0
vt 0.91343224 0.41155082
v 992 -436 384
vn 1 0 0
vt 0.91343224 0.376712322
f 3859/3859/3859 3858/3858/3858 3857/3857/3857 3856/3856/3856
v 1664 -383.78949 160
vn 0 0 1
vt 0.57162869 0.214611888
v 1664 -372 160
vn 0 0 1
vt 0.57162869 0.217808187
v 1792 -372 160
vn 0 0 1
vt 0.585861027 0.217808187
v 1792 -436 160
vn 0 0 1
vt 0.585861027 0.200456619
v 1664 -436 160
vn 0 0 1
vt 0.57162869 0.200456619
f 3864/3864/3864 3863/3863/3863 3862/3862/3862 3861/3861/3861 3860/3860/3860
v 1664 -372 160
vn 0 0 1
vt 0.614681542 0.20410955
v 1664 -383.78949 160
vn 0 0 1
vt 0.614681542 0.20091325
v 1440 -383.78949 160
vn 0 0 1
vt 0.589774966 0.20091325
v 1440 -308 160
vn 0 0 1
vt 0.589774966 0.221461177
f 3868/3868/3868 3867/3867/3867 3866/3866/3866 3865/3865/3865
v 1440 -308 160
vn 0 0 1
vt 0.309931517 0.46347034
v 1440 -148 160
vn 0 0 1
vt 0.309931517 0.506849289
v 1536 -148 160
vn 0 0 1
vt 0.320605755 0.506849289
f 3871/3871/3871 3870/3870/3870 3869/3869/3869
v 1664 -308 160
vn 0 0 1
vt 0.244818538 0.655251145
v 1664 -372 160
vn 0 0 1
vt 0.244818538 0.637899518
v 1440 -308 160
vn 0 0 1
vt 0.219911933 0.655251145
v 1536 -148 160
vn 0 0 1
vt 0.230586186 0.698630095
v 1600 -148 160
vn 0 0 1
vt 0.23770237 0.698630095
v 1632 -148 160
vn 0 0 1
vt 0.241260439 0.698630095
v 1664 -148 160
vn 0 0 1
vt 0.244818538 0.698630095
f 3878/3878/3878 3877/3877/3877 3876/3876/3876 3875/3875/3875 3874/3874/3874 3873/3873/3873 3872/3872/3872
v 1600 -436 160
vn 0 0 1
vt 0.34533447 0.127397239
v 1440 -436 160
vn 0 0 1
vt 0.327544034 0.127397239
v 1440 -383.78949 160
vn 0 0 1
vt 0.327544034 0.141552508
v 1664 -383.78949 160
vn 0 0 1
vt 0.352450609 0.141552508
v 1664 -436 160
vn 0 0 1
vt 0.352450609 0.127397239
f 3883/3883/3883 3882/3882/3882 3881/3881/3881 3880/3880/3880 3879/3879/3879
v 1440 -308 160
vn 0 1 0
vt 0.355185896 0.126522064
v 1440 -308 288
vn 0 1 0
vt 0.355185896 0.141742766
v 1408 -308 288
vn 0 1 0
vt 0.359099805 0.141742766
v 1408 -308 160
vn 0 1 0
vt 0.359099805 0.126522064
f 3887/3887/3887 3886/3886/3886 3885/3885/3885 3884/3884/3884
v 1408 -282.399994 288
vn 0 0 1
vt 0.470645785 0.853500783
v 1440 -282.399994 288
vn 0 0 1
vt 0.466731906 0.853500783
v 1440 -215.199997 288
vn 0 0 1
vt 0.466731906 0.917427719
v 1408 -215.199997 288
vn 0 0 1
vt 0.470645785 0.917427719
f 3891/3891/3891 3890/3890/3890 3889/3889/3889 3888/3888/3888
v 1408 -148 288
vn 0 0 1
vt 0.476516634 0.917427719
v 1408 -215.199997 288
vn 0 0 1
vt 0.476516634 0.853500783
v 1440 -215.199997 288
vn 0 0 1
vt 0.472602725 0.853500783
v 1440 -148 288
vn 0 0 1
vt 0.472602725 0.917427719
f 3895/3895/3895 3894/3894/3894 3893/3893/3893 3892/3892/3892
v 1408 -308 288
vn 0 0 1
vt 0.543052852 0.226407945
v 1440 -308 288
vn 0 0 1
vt 0.539138973 0.226407945
v 1440 -282.399994 288
vn 0 0 1
vt 0.539138973 0.250761032
v 1408 -282.399994 288
vn 0 0 1
vt 0.543052852 0.250761032
f 3899/3899/3899 3898/3898/3898 3897/3897/3897 3896/3896/3896
v 1600 -148 339.200012
vn 0 0 1
vt 0.940313101 0.409557879
v 1568 -148 339.200012
vn 0 0 1
vt 0.94422698 0.409557879
v 1568 -308 339.200012
vn 0 0 1
vt 0.94422698 0.378424644
v 1792 -308 339.200012
vn 0 0 1
vt 0.916829765 0.378424644
v 1792 -148 339.200012
vn 0 0 1
vt 0.916829765 0.409557879
f 3904/3904/3904 3903/3903/3903 3902/3902/3902 3901/3901/3901 3900/3900/3900
v 1440 -148 339.200012
vn 0 0 1
vt 0.961839557 0.409557879
v 1440 -308 339.200012
vn 0 0 1
vt 0.961839557 0.378424644
v 1568 -308 339.200012
vn 0 0 1
vt 0.94618398 0.378424644
v 1568 -148 339.200012
vn 0 0 1
vt 0.94618398 0.409557879
f 3908/3908/3908 3907/3907/3907 3906/3906/3906 3905/3905/3905
v 1408 -308 384
vn 1 0 0
vt 0.284735799 0.0308820009
v 1408 -308 339.200012
vn 1 0 0
vt 0.284735799 0.0286389589
v 1408 -148 339.200012
vn 1 0 0
vt 0.265166342 0.0286389589
v 1408 -148 384
vn 1 0 0
vt 0.265166342 0.0308820009
f 3912/3912/3912 3911/3911/3911 3910/3910/3910 3909/3909/3909
v 1824 -148 384
vn 1 0 0
vt 0.28902775 0.0759132504
v 1824 -148 339.200012
vn 1 0 0
vt 0.28902775 0.0667808056
v 1824 -308 339.200012
vn 1 0 0
vt 0.275684923 0.0667808056
v 1824 -308 384
vn 1 0 0
vt 0.275684923 0.0759132504
f 3916/3916/3916 3915/3915/3915 3914/3914/3914 3913/3913/3913
v 992 -308 384
vn 1 0 0
vt 0.2980811 0.0342465639
v 992 -308 339.200012
vn 1 0 0
vt 0.2980811 0.0278539062
v 992 -148 339.200012
vn 1 0 0
vt 0.287209183 0.0278539062
v 992 -148 384
vn 1 0 0
vt 0.287209183 0.0342465639
f 3920/3920/3920 3919/3919/3919 3918/3918/3918 3917/3917/3917
v 1024 -308 339.200012
vn 1 0 0
vt 0.300744742 0.0278539062
v 1024 -308 384
vn 1 0 0
vt 0.300744742 0.0342465639
v 1024 -148 384
vn 1 0 0
vt 0.311616659 0.0342465639
v 1024 -148 339.200012
vn 1 0 0
vt 0.311616659 0.0278539062
f 3924/3924/3924 3923/3923/3923 3922/3922/3922 3921/3921/3921
v 1408 -308 339.200012
vn 1 0 0
vt 0.202544034 0.00580787659
v 1408 -308 288
vn 1 0 0
vt 0.202544034 0.00324440002
v 1408 -282.399994 288
vn 1 0 0
vt 0.199412912 0.00324440002
f 3927/3927/3927 3926/3926/3926 3925/3925/3925
v 1408 -215.199997 288
vn 1 0 0
vt 0.212720156 0.00324440002
v 1408 -148 288
vn 1 0 0
vt 0.204500973 0.00324440002
v 1408 -148 339.200012
vn 1 0 0
vt 0.204500973 0.00580787659
v 1408 -308 339.200012
vn 1 0 0
vt 0.224070445 0.00580787659
v 1408 -282.399994 288
vn 1 0 0
vt 0.220939338 0.00324440002
f 3932/3932/3932 3931/3931/3931 3930/3930/3930 3929/3929/3929 3928/3928/3928
v 1440 -148 288
vn 1 0 0
vt 0.302348346 0.0686133504
v 1440 -215.199997 288
vn 1 0 0
vt 0.294129163 0.0686133504
v 1440 -148 339.200012
vn 1 0 0
vt 0.302348346 0.0763037801
f 3935/3935/3935 3934/3934/3934 3933/3933/3933
v 1440 -308 339.200012
vn 1 0 0
vt 0.304305285 0.0763037801
v 1440 -148 339.200012
vn 1 0 0
vt 0.323874742 0.0763037801
v 1440 -215.199997 288
vn 1 0 0
vt 0.315655589 0.0686133504
v 1440 -282.399994 288
vn 1 0 0
vt 0.307436407 0.0686133504
v 1440 -308 288
vn 1 0 0
vt 0.304305285 0.0686133504
f 3940/3940/3940 3939/3939/3939 3938/3938/3938 3937/3937/3937 3936/3936/3936
v 1792 -308 339.200012
vn 1 0 0
vt 0.380626231 0.140125573
v 1792 -308 288
vn 1 0 0
vt 0.380626231 0.129688561
v 1792 -148 288
vn 1 0 0
vt 0.361056745 0.129688561
v 1792 -148 339.200012
vn 1 0 0
vt 0.361056745 0.140125573
f 3944/3944/3944 3943/3943/3943 3942/3942/3942 3941/3941/3941
v 992 -308 339.200012
vn 1 0 0
vt 0.325478375 0.0324200988
v 992 -308 288
vn 1 0 0
vt 0.325478375 0.0251141787
v 992 -148 288
vn 1 0 0
vt 0.314606428 0.0251141787
v 992 -148 339.200012
vn 1 0 0
vt 0.314606428 0.0324200988
f 3948/3948/3948 3947/3947/3947 3946/3946/3946 3945/3945/3945
v 1024 -308 288
vn 1 0 0
vt 0.328141987 0.0251141787
v 1024 -308 339.200012
vn 1 0 0
vt 0.328141987 0.0324200988
v 1024 -148 339.200012
vn 1 0 0
vt 0.339013934 0.0324200988
v 1024 -148 288
vn 1 0 0
vt 0.339013934 0.0251141787
f 3952/3952/3952 3951/3951/3951 3950/3950/3950 3949/3949/3949
v 1024 -148 192
vn 1 0 0
vt 0.393808454 0.130136967
v 1024 -148 160
vn 1 0 0
vt 0.393808454 0.125570774
v 1024 -308 160
vn 1 0 0
vt 0.382936507 0.125570774
v 1024 -308 288
vn 1 0 0
vt 0.382936507 0.143835604
v 1024 -148 288
vn 1 0 0
vt 0.393808454 0.143835604
f 3957/3957/3957 3956/3956/3956 3955/3955/3955 3954/3954/3954 3953/3953/3953
v 1792 -148 256
vn 1 0 0
vt 0.545009792 0.246453047
v 1792 -148 288
vn 1 0 0
vt 0.545009792 0.252976239
v 1792 -308 288
vn 1 0 0
vt 0.564579248 0.252976239
v 1792 -308 169.142853
vn 1 0 0
vt 0.564579248 0.228747308
v 1792 -148 192
vn 1 0 0
vt 0.545009792 0.233406723
f 3962/3962/3962 3961/3961/3961 3960/3960/3960 3959/3959/3959 3958/3958/3958
v 1664 -308 169.142853
vn 1 0 0
vt 0.345401168 0.071754694
v 1664 -308 160
vn 1 0 0
vt 0.345401168 0.0684931278
v 1664 -148 160
vn 1 0 0
vt 0.325831711 0.0684931278
v 1664 -148 192
vn 1 0 0
vt 0.325831711 0.079908669
f 3966/3966/3966 3965/3965/3965 3964/3964/3964 3963/3963/3963
v 1664 -148 192
vn 0 -0.141421363 0.989949465
vt 0.139921725 0.574486315
v 1792 -148 192
vn 0 -0.141421363 0.989949465
vt 0.155577302 0.574486315
v 1792 -308 169.142853
vn 0 -0.141421363 0.989949465
vt 0.155577302 0.631563902
v 1664 -308 169.142853
vn 0 -0.141421363 0.989949465
vt 0.139921725 0.631563902
f 3970/3970/3970 3969/3969/3969 3968/3968/3968 3967/3967/3967
v 992 -308 288
vn 1 0 0
vt 0.40767014 0.143835604
v 992 -308 160
vn 1 0 0
vt 0.40767014 0.125570774
v 992 -148 160
vn 1 0 0
vt 0.396798223 0.125570774
v 992 -148 288
vn 1 0 0
vt 0.396798223 0.143835604
f 3974/3974/3974 3973/3973/3973 3972/3972/3972 3971/3971/3971
v 1408 -308 339.200012
vn 1 0 0
vt 0.341487288 0.0272069573
v 1408 -308 384
vn 1 0 0
vt 0.341487288 0.0298706293
v 1408 -372 384
vn 1 0 0
vt 0.349315077 0.0298706293
f 3977/3977/3977 3976/3976/3976 3975/3975/3975
v 1408 -308 288
vn 1 0 0
vt 0.409980416 0.133751929
v 1408 -308 339.200012
vn 1 0 0
vt 0.409980416 0.136795998
v 1408 -372 384
vn 1 0 0
vt 0.417808205 0.13945967
v 1408 -436 384
vn 1 0 0
vt 0.425635993 0.13945967
v 1408 -436 160
vn 1 0 0
vt 0.425635993 0.126141548
v 1408 -308 160
vn 1 0 0
vt 0.409980416 0.126141548
f 3983/3983/3983 3982/3982/3982 3981/3981/3981 3980/3980/3980 3979/3979/3979 3978/3978/3978
v 1440 -308 339.200012
vn 1 0 0
vt 0.370352238 0.0785768628
v 1440 -308 288
vn 1 0 0
vt 0.370352238 0.0664003491
v 1440 -436 339.200012
vn 1 0 0
vt 0.347987145 0.0785768628
f 3986/3986/3986 3985/3985/3985 3984/3984/3984
v 1440 -436 224
vn 1 0 0
vt 0.324503779 0.480403304
v 1440 -436 339.200012
vn 1 0 0
vt 0.324503779 0.507800579
v 1440 -308 288
vn 1 0 0
vt 0.346868873 0.495624065
v 1440 -308 160
vn 1 0 0
vt 0.346868873 0.465182662
v 1440 -383.78949 160
vn 1 0 0
vt 0.33362639 0.465182662
v 1440 -436 160
vn 1 0 0
vt 0.324503779 0.465182662
f 3992/3992/3992 3991/3991/3991 3990/3990/3990 3989/3989/3989 3988/3988/3988 3987/3987/3987
v 1824 -308 384
vn 1 0 0
vt 0.385273963 0.0759132504
v 1824 -308 339.200012
vn 1 0 0
vt 0.385273963 0.0667808056
v 1824 -436 339.200012
vn 1 0 0
vt 0.374599725 0.0667808056
v 1824 -436 384
vn 1 0 0
vt 0.374599725 0.0759132504
f 3996/3996/3996 3995/3995/3995 3994/3994/3994 3993/3993/3993
v 1792 -436 160
vn 1 0 0
vt 0.241682976 0.00313925743
v 1792 -372 160
vn 1 0 0
vt 0.233855188 0.00313925743
v 1792 -308 169.142853
vn 1 0 0
vt 0.226027399 0.00500297546
f 3999/3999/3999 3998/3998/3998 3997/3997/3997
v 1792 -308 288
vn 1 0 0
vt 0.959882557 0.494985342
v 1792 -308 339.200012
vn 1 0 0
vt 0.959882557 0.505422354
v 1792 -436 339.200012
vn 1 0 0
vt 0.975538135 0.505422354
v 1792 -436 160
vn 1 0 0
vt 0.975538135 0.468892694
v 1792 -308 169.142853
vn 1 0 0
vt 0.959882557 0.470756471
f 4004/4004/4004 4003/4003/4003 4002/4002/4002 4001/4001/4001 4000/4000/4000
v 1792 -436 339.200012
vn 0 0 1
vt 0.102739729 0.298723519
v 1792 -308 339.200012
vn 0 0 1
vt 0.102739729 0.323630154
v 1568 -308 339.200012
vn 0 0 1
vt 0.130136982 0.323630154
v 1568 -436 339.200012
vn 0 0 1
vt 0.130136982 0.298723519
f 4008/4008/4008 4007/4007/4007 4006/4006/4006 4005/4005/4005
v 1440 -436 339.200012
vn 0 0 1
vt 0.147749513 0.298723519
v 1568 -436 339.200012
vn 0 0 1
vt 0.132093936 0.298723519
v 1568 -308 339.200012
vn 0 0 1
vt 0.132093936 0.323630154
v 1440 -308 339.200012
vn 0 0 1
vt 0.147749513 0.323630154
f 4012/4012/4012 4011/4011/4011 4010/4010/4010 4009/4009/4009
v 1664 -372 160
vn 1 0 0
vt 0.359099805 0.027397275
v 1664 -308 160
vn 1 0 0
vt 0.351272017 0.027397275
v 1664 -308 169.142853
vn 1 0 0
vt 0.351272017 0.0306587815
f 4015/4015/4015 4014/4014/4014 4013/4013/4013
v 1664 -308 169.142853
vn 0 -0.141421363 0.989949465
vt 0.566536188 0.229737461
v 1792 -308 169.142853
vn 0 -0.141421363 0.989949465
vt 0.582191765 0.229737461
v 1792 -372 160
vn 0 -0.141421363 0.989949465
vt 0.582191765 0.252568483
v 1664 -372 160
vn 0 -0.141421363 0.989949465
vt 0.566536188 0.252568483
f 4019/4019/4019 4018/4018/4018 4017/4017/4017 4016/4016/4016
v 992 -436 160
vn 1 0 0
vt 0.594449878 0.226027369
v 992 -308 160
vn 1 0 0
vt 0.585752368 0.226027369
v 992 -308 288
vn 1 0 0
vt 0.585752368 0.244292259
v 992 -436 352
vn 1 0 0
vt 0.594449878 0.253424644
f 4023/4023/4023 4022/4022/4022 4021/4021/4021 4020/4020/4020
v 992 -372 384
vn 1 0 0
vt 0.394406408 0.079908669
v 992 -436 384
vn 1 0 0
vt 0.398755163 0.079908669
v 992 -436 352
vn 1 0 0
vt 0.398755163 0.0753424764
v 992 -308 288
vn 1 0 0
vt 0.390057623 0.0662100315
v 992 -308 339.200012
vn 1 0 0
vt 0.390057623 0.0735160112
v 992 -308 384
vn 1 0 0
vt 0.390057623 0.079908669
f 4029/4029/4029 4028/4028/4028 4027/4027/4027 4026/4026/4026 4025/4025/4025 4024/4024/4024
v 1024 -308 384
vn 1 0 0
vt 0.36728093 0.0342465639
v 1024 -308 339.200012
vn 1 0 0
vt 0.36728093 0.0278539062
v 1024 -372 384
vn 1 0 0
vt 0.362932146 0.0342465639
f 4032/4032/4032 4031/4031/4031 4030/4030/4030
v 1024 -308 288
vn 1 0 0
vt 0.159844533 0.312785387
v 1024 -308 160
vn 1 0 0
vt 0.159844533 0.294520557
v 1024 -436 160
vn 1 0 0
vt 0.151146993 0.294520557
v 1024 -436 384
vn 1 0 0
vt 0.151146993 0.326484025
v 1024 -372 384
vn 1 0 0
vt 0.155495763 0.326484025
v 1024 -308 339.200012
vn 1 0 0
vt 0.159844533 0.320091367
f 4038/4038/4038 4037/4037/4037 4036/4036/4036 4035/4035/4035 4034/4034/4034 4033/4033/4033
v 768 -340 160
vn 0 1 0
vt 0.413812786 0.0790525079
v 873.142883 -340 160
vn 0 1 0
vt 0.403096169 0.0790525079
v 768 -340 221.333328
vn 0 1 0
vt 0.413812786 0.066549778
f 4041/4041/4041 4040/4040/4040 4039/4039/4039
v 768 -340 221.333328
vn 0.503871024 0 0.863778889
vt 0.60958904 0.226217687
v 873.142883 -340 160
vn 0.503871024 0 0.863778889
vt 0.60958904 0.251223087
v 873.142883 -436 160
vn 0.503871024 0 0.863778889
vt 0.597847342 0.251223087
v 768 -436 221.333328
vn 0.503871024 0 0.863778889
vt 0.597847342 0.226217687
f 4045/4045/4045 4044/4044/4044 4043/4043/4043 4042/4042/4042
v 1440 -308 160
vn 0 1 0
vt 0.370841473 0.0306316614
v 1408 -308 160
vn 0 1 0
vt 0.374755383 0.0306316614
v 1408 -308 149.333328
vn 0 1 0
vt 0.374755383 0.0293632746
f 4048/4048/4048 4047/4047/4047 4046/4046/4046
v 1440 -308 160
vn 0 1 0
vt 0.243639916 0.00323438644
v 1438.28577 -308 158.285721
vn 0 1 0
vt 0.24384959 0.00303059816
v 1440 -308 159.199997
vn 0 1 0
vt 0.243639916 0.00313925743
f 4051/4051/4051 4050/4050/4050 4049/4049/4049
v 1440 -308 128
vn 0 1 0
vt 0.376712322 0.0268265009
v 1440 -308 159.199997
vn 0 1 0
vt 0.376712322 0.0305365324
v 1438.28577 -308 158.285721
vn 0 1 0
vt 0.376922011 0.0304278135
v 1408 -308 142.133331
vn 0 1 0
vt 0.380626231 0.0285071135
v 1408 -308 128
vn 0 1 0
vt 0.380626231 0.0268265009
f 4056/4056/4056 4055/4055/4055 4054/4054/4054 4053/4053/4053 4052/4052/4052
v 1440 -308 122.947365
vn 1 0 0
vt 0.61248368 0.251662254
v 1440 -148 122.947365
vn 1 0 0
vt 0.634227514 0.251662254
v 1440 -148 96
vn 1 0 0
vt 0.634227514 0.226027369
v 1440 -308 96
vn 1 0 0
vt 0.61248368 0.226027369
f 4060/4060/4060 4059/4059/4059 4058/4058/4058 4057/4057/4057
v 1440 -308 159.199997
vn 1 0 0
vt 0.435420752 0.0782845616
v 1440 -308 128
vn 1 0 0
vt 0.435420752 0.0705946088
v 1440 -148 128
vn 1 0 0
vt 0.416829735 0.0705946088
v 1440 -148 160
vn 1 0 0
vt 0.416829735 0.0784817338
v 1440 -308 160
vn 1 0 0
vt 0.435420752 0.0784817338
f 4065/4065/4065 4064/4064/4064 4063/4063/4063 4062/4062/4062 4061/4061/4061
v 1792 -308 128
vn 1 0 0
vt 0.24755381 0.00666767359
v 1792 -148 128
vn 1 0 0
vt 0.266144812 0.00666767359
v 1792 -148 122.947365
vn 1 0 0
vt 0.266144812 0.00542235374
v 1792 -308 122.947365
vn 1 0 0
vt 0.24755381 0.00542235374
f 4069/4069/4069 4068/4068/4068 4067/4067/4067 4066/4066/4066
v 1600 -148 122.947365
vn 0 0 1
vt 0.370908201 0.506849289
v 1545.59998 -148 122.947365
vn 0 0 1
vt 0.37695694 0.506849289
v 1545.59998 -308 122.947365
vn 0 0 1
vt 0.37695694 0.46347034
v 1792 -308 122.947365
vn 0 0 1
vt 0.349559695 0.46347034
v 1792 -148 122.947365
vn 0 0 1
vt 0.349559695 0.506849289
f 4074/4074/4074 4073/4073/4073 4072/4072/4072 4071/4071/4071 4070/4070/4070
v 1440 -148 122.947365
vn 0 0 1
vt 0.392612517 0.506849289
v 1440 -308 122.947365
vn 0 0 1
vt 0.392612517 0.46347034
v 1545.59998 -308 122.947365
vn 0 0 1
vt 0.380870849 0.46347034
v 1545.59998 -148 122.947365
vn 0 0 1
vt 0.380870849 0.506849289
f 4078/4078/4078 4077/4077/4077 4076/4076/4076 4075/4075/4075
v 992 -148 160
vn 1 0 0
vt 0.269596636 0.00684928894
v 992 -308 160
vn 1 0 0
vt 0.280468583 0.00684928894
v 992 -308 128
vn 1 0 0
vt 0.280468583 0.00228309631
v 992 -148 128
vn 1 0 0
vt 0.269596636 0.00228309631
f 4082/4082/4082 4081/4081/4081 4080/4080/4080 4079/4079/4079
v 1024 -148 128
vn 0 0 1
vt 0.97892791 0.504640222
v 1086.08069 -148 128
vn 0 0 1
vt 0.984351456 0.504640222
v 1024 -308 128
vn 0 0 1
vt 0.97892791 0.470816433
f 4085/4085/4085 4084/4084/4084 4083/4083/4083
v 1344 -308 128
vn 0 0 1
vt 0.0303676259 0.420588076
v 1024 -308 128
vn 0 0 1
vt 0.00241123955 0.420588076
v 1086.08069 -148 128
vn 0 0 1
vt 0.00783483591 0.454411924
v 1328 -148 128
vn 0 0 1
vt 0.0289698113 0.454411924
v 1344 -148 128
vn 0 0 1
vt 0.0303676259 0.454411924
f 4090/4090/4090 4089/4089/4089 4088/4088/4088 4087/4087/4087 4086/4086/4086
v 1408 -308 128
vn 0 0 1
vt 0.0379158519 0.420588076
v 1381.5 -308 128
vn 0 0 1
vt 0.0356007181 0.420588076
v 1401.5 -148 128
vn 0 0 1
vt 0.037347991 0.454411924
v 1408 -148 128
vn 0 0 1
vt 0.0379158519 0.454411924
v 1440 -148 128
vn 0 0 1
vt 0.0407114886 0.454411924
v 1440 -308 128
vn 0 0 1
vt 0.0407114886 0.420588076
f 4096/4096/4096 4095/4095/4095 4094/4094/4094 4093/4093/4093 4092/4092/4092 4091/4091/4091
v 1024 -308 128
vn 1 0 0
vt 0.283132195 0.00228309631
v 1024 -308 160
vn 1 0 0
vt 0.283132195 0.00684928894
v 1024 -148 160
vn 1 0 0
vt 0.294004142 0.00684928894
v 1024 -148 128
vn 1 0 0
vt 0.294004142 0.00228309631
f 4100/4100/4100 4099/4099/4099 4098/4098/4098 4097/4097/4097
v 1408 -308 149.333328
vn -0.316227764 0 0.948683321
vt 0.653375745 0.235159814
v 1344 -308 128
vn -0.316227764 0 0.948683321
vt 0.653375745 0.253424644
v 1344 -148 128
vn -0.316227764 0 0.948683321
vt 0.637067795 0.253424644
v 1408 -148 149.333328
vn -0.316227764 0 0.948683321
vt 0.637067795 0.235159814
v 1440 -148 160
vn -0.316227764 0 0.948683321
vt 0.637067795 0.226027369
v 1440 -308 160
vn -0.316227764 0 0.948683321
vt 0.653375745 0.226027369
f 4106/4106/4106 4105/4105/4105 4104/4104/4104 4103/4103/4103 4102/4102/4102 4101/4101/4101
v 1408 -308 142.133331
vn -0.469776183 0.0587220229 0.880830348
vt 0.618639946 0.21128422
v 1438.28577 -308 158.285721
vn -0.469776183 0.0587220229 0.880830348
vt 0.618639946 0.20264101
v 1415.42859 -148 135.428574
vn -0.469776183 0.0587220229 0.880830348
vt 0.634947836 0.209164143
v 1408 -148 131.46666
vn -0.469776183 0.0587220229 0.880830348
vt 0.634947836 0.21128422
v 1401.5 -148 128
vn -0.469776183 0.0587220229 0.880830348
vt 0.634947836 0.213139236
v 1381.5 -308 128
vn -0.469776183 0.0587220229 0.880830348
vt 0.618639946 0.218846977
f 4112/4112/4112 4111/4111/4111 4110/4110/4110 4109/4109/4109 4108/4108/4108 4107/4107/4107
v 1438.28577 -308 158.285721
vn 0.707106769 0 -0.707106769
vt 0.383806258 0.033757329
v 1440 -308 160
vn 0.707106769 0 -0.707106769
vt 0.383806258 0.0342465639
v 1440 -148 160
vn 0.707106769 0 -0.707106769
vt 0.400114149 0.0342465639
v 1415.42859 -148 135.428574
vn 0.707106769 0 -0.707106769
vt 0.400114149 0.0272341371
f 4116/4116/4116 4115/4115/4115 4114/4114/4114 4113/4113/4113
v 1024 -282.399994 0
vn 0 0 1
vt 0.479053408 0.916095912
v 992 -282.399994 0
vn 0 0 1
vt 0.480502993 0.916095912
v 992 -297.333344 0
vn 0 0 1
vt 0.480502993 0.852168918
v 1024 -297.333344 0
vn 0 0 1
vt 0.479053408 0.852168918
f 4120/4120/4120 4119/4119/4119 4118/4118/4118 4117/4117/4117
v 1024 -267.466675 0
vn 0 0 1
vt 0.484924257 0.916095912
v 992 -267.466675 0
vn 0 0 1
vt 0.486373842 0.916095912
v 992 -282.399994 0
vn 0 0 1
vt 0.486373842 0.852168918
v 1024 -282.399994 0
vn 0 0 1
vt 0.484924257 0.852168918
f 4124/4124/4124 4123/4123/4123 4122/4122/4122 4121/4121/4121
v 1024 -252.53334 0
vn 0 0 1
vt 0.490795106 0.916095912
v 992 -252.53334 0
vn 0 0 1
vt 0.492244691 0.916095912
v 992 -267.466675 0
vn 0 0 1
vt 0.492244691 0.852168918
v 1024 -267.466675 0
vn 0 0 1
vt 0.490795106 0.852168918
f 4128/4128/4128 4127/4127/4127 4126/4126/4126 4125/4125/4125
v 1024 -237.600006 0
vn 0 0 1
vt 0.496665925 0.916095912
v 992 -237.600006 0
vn 0 0 1
vt 0.49811551 0.916095912
v 992 -252.53334 0
vn 0 0 1
vt 0.49811551 0.852168918
v 1024 -252.53334 0
vn 0 0 1
vt 0.496665925 0.852168918
f 4132/4132/4132 4131/4131/4131 4130/4130/4130 4129/4129/4129
v 1024 -222.666672 0
vn 0 0 1
vt 0.502536774 0.916095912
v 992 -222.666672 0
vn 0 0 1
vt 0.503986418 0.916095912
v 992 -237.600006 0
vn 0 0 1
vt 0.503986418 0.852168918
v 1024 -237.600006 0
vn 0 0 1
vt 0.502536774 0.852168918
f 4136/4136/4136 4135/4135/4135 4134/4134/4134 4133/4133/4133
v 1024 -207.733337 0
vn 0 0 1
vt 0.508407652 0.916095912
v 992 -207.733337 0
vn 0 0 1
vt 0.509857237 0.916095912
v 992 -222.666672 0
vn 0 0 1
vt 0.509857237 0.852168918
v 1024 -222.666672 0
vn 0 0 1
vt 0.508407652 0.852168918
f 4140/4140/4140 4139/4139/4139 4138/4138/4138 4137/4137/4137
v 1024 -192.800003 0
vn 0 0 1
vt 0.514278471 0.916095912
v 992 -192.800003 0
vn 0 0 1
vt 0.515728056 0.916095912
v 992 -207.733337 0
vn 0 0 1
vt 0.515728056 0.852168918
v 1024 -207.733337 0
vn 0 0 1
vt 0.514278471 0.852168918
f 4144/4144/4144 4143/4143/4143 4142/4142/4142 4141/4141/4141
v 1024 -177.866669 0
vn 0 0 1
vt 0.520149291 0.916095912
v 992 -177.866669 0
vn 0 0 1
vt 0.521598935 0.916095912
v 992 -192.800003 0
vn 0 0 1
vt 0.521598935 0.852168918
v 1024 -192.800003 0
vn 0 0 1
vt 0.520149291 0.852168918
f 4148/4148/4148 4147/4147/4147 4146/4146/4146 4145/4145/4145
v 1024 -162.933334 0
vn 0 0 1
vt 0.526020169 0.916095912
v 992 -162.933334 0
vn 0 0 1
vt 0.527469754 0.916095912
v 992 -177.866669 0
vn 0 0 1
vt 0.527469754 0.852168918
v 1024 -177.866669 0
vn 0 0 1
vt 0.526020169 0.852168918
f 4152/4152/4152 4151/4151/4151 4150/4150/4150 4149/4149/4149
v 1024 -148 -0
vn 0 0 1
vt 0.531890988 0.916095912
v 992 -148 0
vn 0 0 1
vt 0.533340633 0.916095912
v 992 -162.933334 0
vn 0 0 1
vt 0.533340633 0.852168918
v 1024 -162.933334 0
vn 0 0 1
vt 0.531890988 0.852168918
f 4156/4156/4156 4155/4155/4155 4154/4154/4154 4153/4153/4153
v 1024 -297.333344 0
vn 0 0 1
vt 0.371421307 0.564497709
v 992 -297.333344 0
vn 0 0 1
vt 0.372870892 0.564497709
v 992 -308 0
vn 0 0 1
vt 0.372870892 0.518835604
v 1024 -308 0
vn 0 0 1
vt 0.371421307 0.518835604
f 4160/4160/4160 4159/4159/4159 4158/4158/4158 4157/4157/4157
v 1024 -148 96
vn 1 0 0
vt 0.442732126 0.079908669
v 1024 -148 -0
vn 1 0 0
vt 0.442732126 0.0662100315
v 1024 -162.933334 0
vn 1 0 0
vt 0.441717386 0.0662100315
v 1024 -177.866669 0
vn 1 0 0
vt 0.440702677 0.0662100315
v 1024 -192.800003 0
vn 1 0 0
vt 0.439687967 0.0662100315
v 1024 -207.733337 0
vn 1 0 0
vt 0.438673258 0.0662100315
v 1024 -222.666672 0
vn 1 0 0
vt 0.437658548 0.0662100315
f 4167/4167/4167 4166/4166/4166 4165/4165/4165 4164/4164/4164 4163/4163/4163 4162/4162/4162 4161/4161/4161
v 1024 -308 96
vn 1 0 0
vt 0.445558816 0.079908669
v 1024 -148 96
vn 1 0 0
vt 0.456430763 0.079908669
v 1024 -222.666672 0
vn 1 0 0
vt 0.451357186 0.0662100315
v 1024 -237.600006 0
vn 1 0 0
vt 0.450342476 0.0662100315
v 1024 -252.53334 0
vn 1 0 0
vt 0.449327737 0.0662100315
v 1024 -267.466675 0
vn 1 0 0
vt 0.448313057 0.0662100315
v 1024 -282.399994 0
vn 1 0 0
vt 0.447298318 0.0662100315
v 1024 -297.333344 0
vn 1 0 0
vt 0.446283609 0.0662100315
v 1024 -308 0
vn 1 0 0
vt 0.445558816 0.0662100315
f 4176/4176/4176 4175/4175/4175 4174/4174/4174 4173/4173/4173 4172/4172/4172 4171/4171/4171 4170/4170/4170 4169/4169/4169 4168/4168/4168
v 1328 -148 96
vn 0 0 1
vt 0.0453941822 0.454411924
v 1126.40002 -148 96
vn 0 0 1
vt 0.0630067065 0.454411924
v 1126.40002 -308 96
vn 0 0 1
vt 0.0630067065 0.420588076
f 4179/4179/4179 4178/4178/4178 4177/4177/4177
v 1408 -308 96
vn 0 0 1
vt 0.0697162375 0.420588076
v 1440 -308 96
vn 0 0 1
vt 0.0669206008 0.420588076
v 1440 -148 96
vn 0 0 1
vt 0.0669206008 0.454411924
v 1328 -148 96
vn 0 0 1
vt 0.0767053291 0.454411924
v 1126.40002 -308 96
vn 0 0 1
vt 0.0943178535 0.420588076
f 4184/4184/4184 4183/4183/4183 4182/4182/4182 4181/4181/4181 4180/4180/4180
v 1094.40002 -308 96
vn 0 0 1
vt 0.101027399 0.420588076
v 1126.40002 -308 96
vn 0 0 1
vt 0.0982317552 0.420588076
v 1126.40002 -148 96
vn 0 0 1
vt 0.0982317552 0.454411924
v 1024 -148 96
vn 0 0 1
vt 0.107177801 0.454411924
v 1024 -308 96
vn 0 0 1
vt 0.107177801 0.420588076
f 4189/4189/4189 4188/4188/4188 4187/4187/4187 4186/4186/4186 4185/4185/4185
v 896 -148 0
vn 0 0 1
vt 0.171232879 0.323948145
v 768 -148 0
vn 0 0 1
vt 0.181017607 0.323948145
v 768 -308 0
vn 0 0 1
vt 0.181017607 0.295508027
v 992 -308 0
vn 0 0 1
vt 0.163894325 0.295508027
v 992 -297.333344 0
vn 0 0 1
vt 0.163894325 0.297404051
v 992 -282.399994 0
vn 0 0 1
vt 0.163894325 0.300058424
v 992 -267.466675 0
vn 0 0 1
vt 0.163894325 0.302712858
v 992 -252.53334 0
vn 0 0 1
vt 0.163894325 0.305367231
v 992 -237.600006 0
vn 0 0 1
vt 0.163894325 0.308021665
v 992 -222.666672 0
vn 0 0 1
vt 0.163894325 0.310676038
v 992 -207.733337 0
vn 0 0 1
vt 0.163894325 0.313330531
v 992 -192.800003 0
vn 0 0 1
vt 0.163894325 0.315984905
v 992 -177.866669 0
vn 0 0 1
vt 0.163894325 0.318639338
v 992 -162.933334 0
vn 0 0 1
vt 0.163894325 0.321293712
v 992 -148 0
vn 0 0 1
vt 0.163894325 0.323948145
f 4204/4204/4204 4203/4203/4203 4202/4202/4202 4201/4201/4201 4200/4200/4200 4199/4199/4199 4198/4198/4198 4197/4197/4197 4196/4196/4196 4195/4195/4195 4194/4194/4194 4193/4193/4193 4192/4192/4192 4191/4191/4191 4190/4190/4190
v 896 -148 128
vn 0 0 1
vt 0.19275929 0.323948145
v 992 -148 128
vn 0 0 1
vt 0.200097844 0.323948145
v 992 -308 128
vn 0 0 1
vt 0.200097844 0.295508027
v 768 -308 128
vn 0 0 1
vt 0.182974562 0.295508027
v 768 -148 128
vn 0 0 1
vt 0.182974562 0.323948145
f 4209/4209/4209 4208/4208/4208 4207/4207/4207 4206/4206/4206 4205/4205/4205
v 1408 -320 149.333328
vn 1 0 0
vt 0.403620362 0.0296169519
v 1408 -308 149.333328
vn 1 0 0
vt 0.402152628 0.0296169519
v 1408 -308 160
vn 1 0 0
vt 0.402152628 0.0302511454
v 1408 -436 160
vn 1 0 0
vt 0.417808205 0.0302511454
v 1408 -436 149.333328
vn 1 0 0
vt 0.417808205 0.0296169519
f 4214/4214/4214 4213/4213/4213 4212/4212/4212 4211/4211/4211 4210/4210/4210
v 1408 -436 149.333328
vn 1 0 0
vt 0.312133074 0.0067859292
v 1408 -436 128
vn 1 0 0
vt 0.312133074 0.00551748276
v 1408 -384 128
vn 1 0 0
vt 0.30577299 0.00551748276
v 1408 -336 144
vn 1 0 0
vt 0.299902141 0.00646883249
v 1408 -320 149.333328
vn 1 0 0
vt 0.297945201 0.0067859292
f 4219/4219/4219 4218/4218/4218 4217/4217/4217 4216/4216/4216 4215/4215/4215
v 1408 -336 144
vn 1 0 0
vt 0.317514688 0.00646883249
v 1408 -384 128
vn 1 0 0
vt 0.323385507 0.00551748276
v 1408 -308 128
vn 1 0 0
vt 0.314090014 0.00551748276
v 1408 -308 142.133331
vn 1 0 0
vt 0.314090014 0.00635784864
f 4223/4223/4223 4222/4222/4222 4221/4221/4221 4220/4220/4220
v 1440 -308 96
vn 1 0 0
vt 0.675105989 0.226027369
v 1440 -436 96
vn 1 0 0
vt 0.65771091 0.226027369
v 1440 -436 122.947365
vn 1 0 0
vt 0.65771091 0.251662254
v 1440 -308 122.947365
vn 1 0 0
vt 0.675105989 0.251662254
f 4227/4227/4227 4226/4226/4226 4225/4225/4225 4224/4224/4224
v 1792 -308 122.947365
vn 1 0 0
vt 0.341487288 0.00542235374
v 1792 -436 122.947365
vn 1 0 0
vt 0.326614469 0.00542235374
v 1792 -436 128
vn 1 0 0
vt 0.326614469 0.00666767359
v 1792 -308 128
vn 1 0 0
vt 0.341487288 0.00666767359
f 4231/4231/4231 4230/4230/4230 4229/4229/4229 4228/4228/4228
v 1792 -308 122.947365
vn 0 0 1
vt 0.964041114 0.413241982
v 1545.59998 -308 122.947365
vn 0 0 1
vt 0.991438329 0.413241982
v 1545.59998 -436 122.947365
vn 0 0 1
vt 0.991438329 0.378538787
v 1792 -436 122.947365
vn 0 0 1
vt 0.964041114 0.378538787
f 4235/4235/4235 4234/4234/4234 4233/4233/4233 4232/4232/4232
v 1440 -308 122.947365
vn 0 0 1
vt 0.0129647749 0.367579937
v 1440 -436 122.947365
vn 0 0 1
vt 0.0129647749 0.332876682
v 1545.59998 -436 122.947365
vn 0 0 1
vt 0.00122309197 0.332876682
v 1545.59998 -308 122.947365
vn 0 0 1
vt 0.00122309197 0.367579937
f 4239/4239/4239 4238/4238/4238 4237/4237/4237 4236/4236/4236
v 1440 -308 96
vn 0 0 1
vt 0.203906894 0.324697673
v 1408 -308 96
vn 0 0 1
vt 0.206702545 0.324697673
v 1408 -436 96
vn 0 0 1
vt 0.206702545 0.297638714
v 1440 -436 96
vn 0 0 1
vt 0.203906894 0.297638714
f 4243/4243/4243 4242/4242/4242 4241/4241/4241 4240/4240/4240
v 992 -340 128
vn 1 0 0
vt 0.347222239 0.00228309631
v 992 -308 128
vn 1 0 0
vt 0.345047832 0.00228309631
v 992 -308 160
vn 1 0 0
vt 0.345047832 0.00684928894
v 992 -436 160
vn 1 0 0
vt 0.353745371 0.00684928894
v 992 -436 128
vn 1 0 0
vt 0.353745371 0.00228309631
f 4248/4248/4248 4247/4247/4247 4246/4246/4246 4245/4245/4245 4244/4244/4244
v 1344 -320 128
vn 0 0 1
vt 0.212363705 0.3221609
v 1344 -436 128
vn 0 0 1
vt 0.212363705 0.297638714
v 1328 -436 128
vn 0 0 1
vt 0.210965902 0.297638714
v 1344 -308 128
vn 0 0 1
vt 0.212363705 0.324697673
f 4252/4252/4252 4251/4251/4251 4250/4250/4250 4249/4249/4249
v 1024 -308 128
vn 0 0 1
vt 0.217675433 0.324697673
v 1088 -436 128
vn 0 0 1
vt 0.223266706 0.297638714
v 1024 -436 128
vn 0 0 1
vt 0.217675433 0.297638714
f 4255/4255/4255 4254/4254/4254 4253/4253/4253
v 1243.41931 -436 128
vn 0 0 1
vt 0.246629447 0.297638714
v 1088 -436 128
vn 0 0 1
vt 0.233051449 0.297638714
v 1024 -308 128
vn 0 0 1
vt 0.227460176 0.324697673
v 1344 -308 128
vn 0 0 1
vt 0.255416542 0.324697673
v 1328 -436 128
vn 0 0 1
vt 0.254018724 0.297638714
f 4260/4260/4260 4259/4259/4259 4258/4258/4258 4257/4257/4257 4256/4256/4256
v 1344 -436 128
vn 0 0 1
vt 0.259330422 0.297638714
v 1344 -320 128
vn 0 0 1
vt 0.259330422 0.3221609
v 1376 -352 128
vn 0 0 1
vt 0.262126088 0.31539619
v 1408 -384 128
vn 0 0 1
vt 0.264921725 0.308631361
v 1408 -436 128
vn 0 0 1
vt 0.264921725 0.297638714
f 4265/4265/4265 4264/4264/4264 4263/4263/4263 4262/4262/4262 4261/4261/4261
v 1408 -308 128
vn 0 0 1
vt 0.431262225 0.142049313
v 1408 -384 128
vn 0 0 1
vt 0.431262225 0.125983
v 1376 -352 128
vn 0 0 1
vt 0.428466588 0.132747769
v 1381.5 -308 128
vn 0 0 1
vt 0.428947091 0.142049313
f 4269/4269/4269 4268/4268/4268 4267/4267/4267 4266/4266/4266
v 1024 -308 128
vn 1 0 0
vt 0.36728093 0.00228309631
v 1024 -436 128
vn 1 0 0
vt 0.358583391 0.00228309631
v 1024 -436 160
vn 1 0 0
vt 0.358583391 0.00684928894
v 1024 -308 160
vn 1 0 0
vt 0.36728093 0.00684928894
f 4273/4273/4273 4272/4272/4272 4271/4271/4271 4270/4270/4270
v 1344 -308 128
vn -0.316227764 0 0.948683321
vt 0.434197664 0.143835604
v 1408 -308 149.333328
vn -0.316227764 0 0.948683321
vt 0.434197664 0.125570774
v 1408 -320 149.333328
vn -0.316227764 0 0.948683321
vt 0.435420752 0.125570774
v 1344 -320 128
vn -0.316227764 0 0.948683321
vt 0.435420752 0.143835604
f 4277/4277/4277 4276/4276/4276 4275/4275/4275 4274/4274/4274
v 1376 -352 128
vn -0.301511347 -0.301511347 0.904534042
vt 0.466731906 0.0756468773
v 1344 -320 128
vn -0.301511347 -0.301511347 0.904534042
vt 0.458904117 0.0665144324
v 1408 -320 149.333328
vn -0.301511347 -0.301511347 0.904534042
vt 0.474559695 0.0665144324
v 1408 -336 144
vn -0.301511347 -0.301511347 0.904534042
vt 0.474559695 0.0710806847
f 4281/4281/4281 4280/4280/4280 4279/4279/4279 4278/4278/4278
v 1381.5 -308 128
vn -0.469776183 0.0587220229 0.880830348
vt 0.481653631 0.0772944689
v 1376 -352 128
vn -0.469776183 0.0587220229 0.880830348
vt 0.477168977 0.0788640976
v 1408 -336 144
vn -0.469776183 0.0587220229 0.880830348
vt 0.47879976 0.0697317123
v 1408 -308 142.133331
vn -0.469776183 0.0587220229 0.880830348
vt 0.481653631 0.0697317123
f 4285/4285/4285 4284/4284/4284 4283/4283/4283 4282/4282/4282
v 1024 -412.533325 0
vn 0 0 1
vt 0.537761807 0.916095912
v 992 -412.533325 0
vn 0 0 1
vt 0.539211452 0.916095912
v 992 -427.466675 0
vn 0 0 1
vt 0.539211452 0.852168918
v 1024 -427.466675 0
vn 0 0 1
vt 0.537761807 0.852168918
f 4289/4289/4289 4288/4288/4288 4287/4287/4287 4286/4286/4286
v 1024 -397.600006 0
vn 0 0 1
vt 0.543632686 0.916095912
v 992 -397.600006 0
vn 0 0 1
vt 0.545082271 0.916095912
v 992 -412.533325 0
vn 0 0 1
vt 0.545082271 0.852168918
v 1024 -412.533325 0
vn 0 0 1
vt 0.543632686 0.852168918
f 4293/4293/4293 4292/4292/4292 4291/4291/4291 4290/4290/4290
v 1024 -382.666656 0
vn 0 0 1
vt 0.549503505 0.916095912
v 992 -382.666656 0
vn 0 0 1
vt 0.55095315 0.916095912
v 992 -397.600006 0
vn 0 0 1
vt 0.55095315 0.852168918
v 1024 -397.600006 0
vn 0 0 1
vt 0.549503505 0.852168918
f 4297/4297/4297 4296/4296/4296 4295/4295/4295 4294/4294/4294
v 1024 -367.733337 0
vn 0 0 1
vt 0.555374384 0.916095912
v 992 -367.733337 0
vn 0 0 1
vt 0.556823969 0.916095912
v 992 -382.666656 0
vn 0 0 1
vt 0.556823969 0.852168918
v 1024 -382.666656 0
vn 0 0 1
vt 0.555374384 0.852168918
f 4301/4301/4301 4300/4300/4300 4299/4299/4299 4298/4298/4298
v 1024 -352.799988 0
vn 0 0 1
vt 0.561245203 0.916095912
v 992 -352.799988 0
vn 0 0 1
vt 0.562694788 0.916095912
v 992 -367.733337 0
vn 0 0 1
vt 0.562694788 0.852168918
v 1024 -367.733337 0
vn 0 0 1
vt 0.561245203 0.852168918
f 4305/4305/4305 4304/4304/4304 4303/4303/4303 4302/4302/4302
v 1024 -337.866669 0
vn 0 0 1
vt 0.567116022 0.916095912
v 992 -337.866669 0
vn 0 0 1
vt 0.568565667 0.916095912
v 992 -352.799988 0
vn 0 0 1
vt 0.568565667 0.852168918
v 1024 -352.799988 0
vn 0 0 1
vt 0.567116022 0.852168918
f 4309/4309/4309 4308/4308/4308 4307/4307/4307 4306/4306/4306
v 1024 -322.933319 0
vn 0 0 1
vt 0.572986901 0.916095912
v 992 -322.933319 0
vn 0 0 1
vt 0.574436486 0.916095912
v 992 -337.866669 0
vn 0 0 1
vt 0.574436486 0.852168918
v 1024 -337.866669 0
vn 0 0 1
vt 0.572986901 0.852168918
f 4313/4313/4313 4312/4312/4312 4311/4311/4311 4310/4310/4310
v 1024 -308 0
vn 0 0 1
vt 0.57885772 0.916095912
v 992 -308 0
vn 0 0 1
vt 0.580307364 0.916095912
v 992 -322.933319 0
vn 0 0 1
vt 0.580307364 0.852168918
v 1024 -322.933319 0
vn 0 0 1
vt 0.57885772 0.852168918
f 4317/4317/4317 4316/4316/4316 4315/4315/4315 4314/4314/4314
v 1024 -427.466675 0
vn 0 0 1
vt 0.111147352 0.454908669
v 992 -427.466675 0
vn 0 0 1
vt 0.112596944 0.454908669
v 992 -436 0
vn 0 0 1
vt 0.112596944 0.418379009
v 1024 -436 0
vn 0 0 1
vt 0.111147352 0.418379009
f 4321/4321/4321 4320/4320/4320 4319/4319/4319 4318/4318/4318
v 1024 -308 96
vn 1 0 0
vt 0.488611668 0.079908669
v 1024 -308 0
vn 1 0 0
vt 0.488611668 0.0662100315
v 1024 -322.933319 0
vn 1 0 0
vt 0.487596929 0.0662100315
v 1024 -337.866669 0
vn 1 0 0
vt 0.486582249 0.0662100315
v 1024 -352.799988 0
vn 1 0 0
vt 0.48556751 0.0662100315
v 1024 -367.733337 0
vn 1 0 0
vt 0.484552801 0.0662100315
f 4327/4327/4327 4326/4326/4326 4325/4325/4325 4324/4324/4324 4323/4323/4323 4322/4322/4322
v 1024 -436 96
vn 1 0 0
vt 0.493612736 0.079908669
v 1024 -308 96
vn 1 0 0
vt 0.502310276 0.079908669
v 1024 -367.733337 0
vn 1 0 0
vt 0.498251408 0.0662100315
v 1024 -382.666656 0
vn 1 0 0
vt 0.497236729 0.0662100315
v 1024 -397.600006 0
vn 1 0 0
vt 0.496221989 0.0662100315
v 1024 -412.533325 0
vn 1 0 0
vt 0.49520728 0.0662100315
v 1024 -427.466675 0
vn 1 0 0
vt 0.49419257 0.0662100315
v 1024 -436 0
vn 1 0 0
vt 0.493612736 0.0662100315
f 4335/4335/4335 4334/4334/4334 4333/4333/4333 4332/4332/4332 4331/4331/4331 4330/4330/4330 4329/4329/4329 4328/4328/4328
v 1126.40002 -308 96
vn 0 0 1
vt 0.268486172 0.324697673
v 1094.40002 -308 96
vn 0 0 1
vt 0.271281809 0.324697673
v 1094.40002 -436 96
vn 0 0 1
vt 0.271281809 0.297638714
f 4338/4338/4338 4337/4337/4337 4336/4336/4336
v 1328 -436 96
vn 0 0 1
vt 0.28218478 0.297638714
v 1408 -436 96
vn 0 0 1
vt 0.275195688 0.297638714
v 1408 -308 96
vn 0 0 1
vt 0.275195688 0.324697673
v 1126.40002 -308 96
vn 0 0 1
vt 0.299797326 0.324697673
v 1094.40002 -436 96
vn 0 0 1
vt 0.302592963 0.297638714
f 4343/4343/4343 4342/4342/4342 4341/4341/4341 4340/4340/4340 4339/4339/4339
v 1024 -308 96
vn 0 0 1
vt 0.312657237 0.324697673
v 1024 -436 96
vn 0 0 1
vt 0.312657237 0.297638714
v 1094.40002 -436 96
vn 0 0 1
vt 0.306506842 0.297638714
v 1094.40002 -308 96
vn 0 0 1
vt 0.306506842 0.324697673
f 4347/4347/4347 4346/4346/4346 4345/4345/4345 4344/4344/4344
v 928 -340 128
vn 0 0 1
vt 0.518101752 0.0706419349
v 768 -340 128
vn 0 0 1
vt 0.505870819 0.0706419349
v 768 -308 128
vn 0 0 1
vt 0.505870819 0.0763299465
v 992 -308 128
vn 0 0 1
vt 0.522994101 0.0763299465
v 992 -340 128
vn 0 0 1
vt 0.522994101 0.0706419349
f 4352/4352/4352 4351/4351/4351 4350/4350/4350 4349/4349/4349 4348/4348/4348
v 992 -340 128
vn 0 0 1
vt 0.442759305 0.143701255
v 992 -436 128
vn 0 0 1
vt 0.442759305 0.12663728
v 928 -436 128
vn 0 0 1
vt 0.437866926 0.12663728
v 928 -340 128
vn 0 0 1
vt 0.437866926 0.143701255
f 4356/4356/4356 4355/4355/4355 4354/4354/4354 4353/4353/4353
v 768 -340 128
vn 0 1 0
vt 0.542971313 0.0764432549
v 928 -340 128
vn 0 1 0
vt 0.526663423 0.0764432549
v 873.142883 -340 160
vn 0 1 0
vt 0.532254696 0.069920063
v 768 -340 160
vn 0 1 0
vt 0.542971313 0.069920063
f 4360/4360/4360 4359/4359/4359 4358/4358/4358 4357/4357/4357
v 873.142883 -340 160
vn 0.503871024 0 0.863778889
vt 0.456947148 0.12793541
v 928 -340 128
vn 0.503871024 0 0.863778889
vt 0.456947148 0.140981734
v 928 -436 128
vn 0.503871024 0 0.863778889
vt 0.44520548 0.140981734
v 873.142883 -436 160
vn 0.503871024 0 0.863778889
vt 0.44520548 0.12793541
f 4364/4364/4364 4363/4363/4363 4362/4362/4362 4361/4361/4361
v 768 -308 0
vn 0 0 1
vt 0.476516634 0.140256882
v 992 -367.733337 0
vn 0 0 1
vt 0.459393352 0.129639328
v 992 -352.799988 0
vn 0 0 1
vt 0.459393352 0.132293701
v 992 -337.866669 0
vn 0 0 1
vt 0.459393352 0.134948075
v 992 -322.933319 0
vn 0 0 1
vt 0.459393352 0.137602508
v 992 -308 0
vn 0 0 1
vt 0.459393352 0.140256882
f 4370/4370/4370 4369/4369/4369 4368/4368/4368 4367/4367/4367 4366/4366/4366 4365/4365/4365
v 768 -436 0
vn 0 0 1
vt 0.695694745 0.227093935
v 992 -436 0
vn 0 0 1
vt 0.678571403 0.227093935
v 992 -427.466675 0
vn 0 0 1
vt 0.678571403 0.228610754
v 992 -412.533325 0
vn 0 0 1
vt 0.678571403 0.231265128
v 992 -397.600006 0
vn 0 0 1
vt 0.678571403 0.233919561
v 992 -382.666656 0
vn 0 0 1
vt 0.678571403 0.236573935
v 992 -367.733337 0
vn 0 0 1
vt 0.678571403 0.239228368
v 768 -308 0
vn 0 0 1
vt 0.695694745 0.249845922
f 4378/4378/4378 4377/4377/4377 4376/4376/4376 4375/4375/4375 4374/4374/4374 4373/4373/4373 4372/4372/4372 4371/4371/4371
v 64 -340 160
vn 1 0 0
vt 0.699475169 0.227739751
v 64 -340 256
vn 1 0 0
vt 0.699475169 0.250570774
v 64 -212 256
vn 1 0 0
vt 0.713707566 0.250570774
v 64 -212 160
vn 1 0 0
vt 0.713707566 0.227739751
f 4382/4382/4382 4381/4381/4381 4380/4380/4380 4379/4379/4379
v 64 -212 256
vn 1 0 0
vt 0.435420752 0.0251141787
v 64 -340 256
vn 1 0 0
vt 0.419765174 0.0251141787
v 64 -340 288
vn 1 0 0
vt 0.419765174 0.0342465639
v 64 -148 288
vn 1 0 0
vt 0.44324854 0.0342465639
v 64 -148 256
vn 1 0 0
vt 0.44324854 0.0251141787
f 4387/4387/4387 4386/4386/4386 4385/4385/4385 4384/4384/4384 4383/4383/4383
v 64 -253.600006 352
vn 1 0 0
vt 0.45152238 0.0342465639
v 64 -148 352
vn 1 0 0
vt 0.459119946 0.0342465639
v 64 -148 288
vn 1 0 0
vt 0.459119946 0.0251141787
v 64 -340 288
vn 1 0 0
vt 0.445306212 0.0251141787
v 64 -340 352
vn 1 0 0
vt 0.445306212 0.0342465639
f 4392/4392/4392 4391/4391/4391 4390/4390/4390 4389/4389/4389 4388/4388/4388
v 64 -372 640
vn 1 0 0
vt 0.319304824 0.32589215
v 64 -372 384
vn 1 0 0
vt 0.319304824 0.298833072
v 64 -359.200012 640
vn 1 0 0
vt 0.317881614 0.32589215
f 4395/4395/4395 4394/4394/4394 4393/4393/4393
v 64 -253.600006 640
vn 1 0 0
vt 0.335494131 0.32589215
v 64 -359.200012 640
vn 1 0 0
vt 0.347235799 0.32589215
v 64 -372 384
vn 1 0 0
vt 0.348659068 0.298833072
v 64 -148 384
vn 1 0 0
vt 0.323752433 0.298833072
v 64 -148 640
vn 1 0 0
vt 0.323752433 0.32589215
f 4400/4400/4400 4399/4399/4399 4398/4398/4398 4397/4397/4397 4396/4396/4396
v 64 -436 195.199997
vn 1 0 0
vt 0.7250489 0.228188217
v 64 -372 195.199997
vn 1 0 0
vt 0.717221141 0.228188217
v 64 -372 256
vn 1 0 0
vt 0.717221141 0.252976239
f 4403/4403/4403 4402/4402/4402 4401/4401/4401
v 64 -372 288
vn 1 0 0
vt 0.584148705 0.891593277
v 64 -372 352
vn 1 0 0
vt 0.584148705 0.917685926
v 64 -436 352
vn 1 0 0
vt 0.591976523 0.917685926
v 64 -436 195.199997
vn 1 0 0
vt 0.591976523 0.853758931
v 64 -372 256
vn 1 0 0
vt 0.584148705 0.878546953
f 4408/4408/4408 4407/4407/4407 4406/4406/4406 4405/4405/4405 4404/4404/4404
v 64 -436 195.199997
vn 1 0 0
vt 0.355185896 0.324078619
v 64 -436 128
vn 1 0 0
vt 0.355185896 0.296681345
v 64 -416.799988 128
vn 1 0 0
vt 0.352837592 0.296681345
f 4411/4411/4411 4410/4410/4410 4409/4409/4409
v 64 -372 160
vn 1 0 0
vt 0.357142866 0.309727609
v 64 -372 195.199997
vn 1 0 0
vt 0.357142866 0.324078619
v 64 -436 195.199997
vn 1 0 0
vt 0.364970654 0.324078619
v 64 -416.799988 128
vn 1 0 0
vt 0.362622321 0.296681345
v 64 -394.399994 128
vn 1 0 0
vt 0.359882563 0.296681345
v 64 -372 128
vn 1 0 0
vt 0.357142866 0.296681345
f 4417/4417/4417 4416/4416/4416 4415/4415/4415 4414/4414/4414 4413/4413/4413 4412/4412/4412
v 64 -372 384
vn 1 0 0
vt 0.368228495 0.298833072
v 64 -372 640
vn 1 0 0
vt 0.368228495 0.32589215
v 64 -436 640
vn 1 0 0
vt 0.375344694 0.32589215
v 64 -436 352
vn 1 0 0
vt 0.375344694 0.295450687
v 64 -372 352
vn 1 0 0
vt 0.368228495 0.295450687
f 4422/4422/4422 4421/4421/4421 4420/4420/4420 4419/4419/4419 4418/4418/4418
v 768 -308 128
vn 0 0 1
vt 0.120352253 0.42792815
v 768 -340 128
vn 0 0 1
vt 0.120352253 0.422240138
v 736 -340 128
vn 0 0 1
vt 0.117906064 0.422240138
v 736 -148 128
vn 0 0 1
vt 0.117906064 0.456368208
v 768 -148 128
vn 0 0 1
vt 0.120352253 0.456368208
f 4427/4427/4427 4426/4426/4426 4425/4425/4425 4424/4424/4424 4423/4423/4423
v 544 -340 128
vn 0 0 1
vt 0.0252935439 0.334682465
v 448 -340 128
vn 0 0 1
vt 0.0182485338 0.334682465
v 448 -148 128
vn 0 0 1
vt 0.0182485338 0.365815699
v 736 -148 128
vn 0 0 1
vt 0.0393835604 0.365815699
v 736 -340 128
vn 0 0 1
vt 0.0393835604 0.334682465
f 4432/4432/4432 4431/4431/4431 4430/4430/4430 4429/4429/4429 4428/4428/4428
v 544 -436 128
vn 0 0 1
vt 0.487133086 0.127335012
v 448 -436 128
vn 0 0 1
vt 0.480088055 0.127335012
v 448 -340 128
vn 0 0 1
vt 0.480088055 0.142901599
v 544 -340 128
vn 0 0 1
vt 0.487133086 0.142901599
f 4436/4436/4436 4435/4435/4435 4434/4434/4434 4433/4433/4433
v 96 -394.399994 128
vn 0 0 1
vt 0.593933463 0.918949783
v 64 -394.399994 128
vn 0 0 1
vt 0.597847342 0.918949783
v 64 -416.799988 128
vn 0 0 1
vt 0.597847342 0.855022848
v 96 -416.799988 128
vn 0 0 1
vt 0.593933463 0.855022848
f 4440/4440/4440 4439/4439/4439 4438/4438/4438 4437/4437/4437
v 96 -372 128
vn 0 0 1
vt 0.599804282 0.918949783
v 64 -372 128
vn 0 0 1
vt 0.603718221 0.918949783
v 64 -394.399994 128
vn 0 0 1
vt 0.603718221 0.855022848
v 96 -394.399994 128
vn 0 0 1
vt 0.599804282 0.855022848
f 4444/4444/4444 4443/4443/4443 4442/4442/4442 4441/4441/4441
v 96 -416.799988 128
vn 0 0 1
vt 0.157534242 0.631278515
v 64 -416.799988 128
vn 0 0 1
vt 0.161448136 0.631278515
v 64 -436 128
vn 0 0 1
vt 0.161448136 0.576484025
v 96 -436 128
vn 0 0 1
vt 0.157534242 0.576484025
f 4448/4448/4448 4447/4447/4447 4446/4446/4446 4445/4445/4445
v 96 -148 128
vn 0 0 1
vt 0.24755381 0.70091325
v 64 -148 128
vn 0 0 1
vt 0.251467705 0.70091325
v 64 -372 128
vn 0 0 1
vt 0.251467705 0.636986315
v 96 -372 128
vn 0 0 1
vt 0.24755381 0.636986315
f 4452/4452/4452 4451/4451/4451 4450/4450/4450 4449/4449/4449
v 169.600006 -148 128
vn 0 0 1
vt 0.254225224 0.70091325
v 96 -148 128
vn 0 0 1
vt 0.262408823 0.70091325
v 96 -372 128
vn 0 0 1
vt 0.262408823 0.636986315
v 169.600006 -372 128
vn 0 0 1
vt 0.254225224 0.636986315
f 4456/4456/4456 4455/4455/4455 4454/4454/4454 4453/4453/4453
v 256 -148 128
vn 0 0 1
vt 0.283757329 0.70091325
v 169.600006 -148 128
vn 0 0 1
vt 0.293364167 0.70091325
v 169.600006 -372 128
vn 0 0 1
vt 0.293364167 0.636986315
v 416 -372 128
vn 0 0 1
vt 0.265966892 0.636986315
v 416 -148 128
vn 0 0 1
vt 0.265966892 0.70091325
f 4461/4461/4461 4460/4460/4460 4459/4459/4459 4458/4458/4458 4457/4457/4457
v 416 -436 128
vn 0 0 1
vt 0.491015822 0.125570774
v 416 -372 128
vn 0 0 1
vt 0.491015822 0.143835604
v 169.600006 -372 128
vn 0 0 1
vt 0.518413067 0.143835604
v 169.600006 -436 128
vn 0 0 1
vt 0.518413067 0.125570774
f 4465/4465/4465 4464/4464/4464 4463/4463/4463 4462/4462/4462
v 96 -436 128
vn 0 0 1
vt 0.471802175 0.0251141787
v 169.600006 -436 128
vn 0 0 1
vt 0.463618577 0.0251141787
v 96 -416.799988 128
vn 0 0 1
vt 0.471802175 0.030593574
f 4468/4468/4468 4467/4467/4467 4466/4466/4466
v 96 -394.399994 128
vn 0 0 1
vt 0.530510604 0.137442946
v 96 -416.799988 128
vn 0 0 1
vt 0.530510604 0.131050229
v 169.600006 -436 128
vn 0 0 1
vt 0.522327006 0.125570774
v 169.600006 -372 128
vn 0 0 1
vt 0.522327006 0.143835604
v 96 -372 128
vn 0 0 1
vt 0.530510604 0.143835604
f 4473/4473/4473 4472/4472/4472 4471/4471/4471 4470/4470/4470 4469/4469/4469
v 448 -340 352
vn 1 0 0
vt 0.384173185 0.295450687
v 448 -436 352
vn 1 0 0
vt 0.378836036 0.295450687
v 448 -436 640
vn 1 0 0
vt 0.378836036 0.32589215
v 448 -148 640
vn 1 0 0
vt 0.394847453 0.32589215
v 448 -148 352
vn 1 0 0
vt 0.394847453 0.295450687
f 4478/4478/4478 4477/4477/4477 4476/4476/4476 4475/4475/4475 4474/4474/4474
v 448 -436 640
vn 1 0 0
vt 0.53380394 0.125570774
v 448 -436 768
vn 1 0 0
vt 0.53380394 0.143835604
v 448 -372 768
vn 1 0 0
vt 0.537531435 0.143835604
f 4481/4481/4481 4480/4480/4480 4479/4479/4479
v 448 -260 768
vn 1 0 0
vt 0.551882386 0.143835604
v 448 -148 768
vn 1 0 0
vt 0.558405578 0.143835604
v 448 -148 640
vn 1 0 0
vt 0.558405578 0.125570774
v 448 -436 640
vn 1 0 0
vt 0.541631699 0.125570774
v 448 -372 768
vn 1 0 0
vt 0.545359194 0.143835604
f 4486/4486/4486 4485/4485/4485 4484/4484/4484 4483/4483/4483 4482/4482/4482
v 448 -148 160
vn 1 0 0
vt 0.555870831 0.0761986375
v 448 -148 128
vn 1 0 0
vt 0.555870831 0.0696754456
v 448 -340 128
vn 1 0 0
vt 0.546477497 0.0696754456
f 4489/4489/4489 4488/4488/4488 4487/4487/4487
v 448 -340 320
vn 1 0 0
vt 0.378180027 0.560869217
v 448 -340 352
vn 1 0 0
vt 0.378180027 0.567392349
v 448 -148 352
vn 1 0 0
vt 0.387573391 0.567392349
v 448 -148 160
vn 1 0 0
vt 0.387573391 0.528253436
v 448 -340 128
vn 1 0 0
vt 0.378180027 0.521730244
f 4494/4494/4494 4493/4493/4493 4492/4492/4492 4491/4491/4491 4490/4490/4490
v 448 -340 320
vn 1 0 0
vt 0.401663393 0.506074667
v 448 -340 128
vn 1 0 0
vt 0.401663393 0.466935754
v 448 -436 128
vn 1 0 0
vt 0.396966755 0.466935754
v 448 -436 320
vn 1 0 0
vt 0.396966755 0.506074667
f 4498/4498/4498 4497/4497/4497 4496/4496/4496 4495/4495/4495
v 768 -148 768
vn 0 0 1
vt 0.296477497 0.70091325
v 544 -148 768
vn 0 0 1
vt 0.323874742 0.70091325
v 544 -372 768
vn 0 0 1
vt 0.323874742 0.636986315
v 768 -372 768
vn 0 0 1
vt 0.296477497 0.636986315
f 4502/4502/4502 4501/4501/4501 4500/4500/4500 4499/4499/4499
v 736 -436 768
vn 0 0 1
vt 0.564579248 0.125570774
v 768 -436 768
vn 0 0 1
vt 0.560665369 0.125570774
v 768 -372 768
vn 0 0 1
vt 0.560665369 0.143835604
v 544 -372 768
vn 0 0 1
vt 0.588062644 0.143835604
v 544 -436 768
vn 0 0 1
vt 0.588062644 0.125570774
f 4507/4507/4507 4506/4506/4506 4505/4505/4505 4504/4504/4504 4503/4503/4503
v 736 -340 128
vn 0 1 0
vt 0.563845396 0.0764432549
v 768 -340 128
vn 0 1 0
vt 0.56058383 0.0764432549
v 768 -340 160
vn 0 1 0
vt 0.56058383 0.069920063
f 4510/4510/4510 4509/4509/4509 4508/4508/4508
v 768 -340 221.333328
vn 0 1 0
vt 0.39228636 0.546001792
v 544 -340 352
vn 0 1 0
vt 0.415117413 0.519365668
v 544 -340 320
vn 0 1 0
vt 0.415117413 0.525888801
v 544 -340 128
vn 0 1 0
vt 0.415117413 0.565027714
v 736 -340 128
vn 0 1 0
vt 0.395547956 0.565027714
v 768 -340 160
vn 0 1 0
vt 0.39228636 0.558504581
f 4516/4516/4516 4515/4515/4515 4514/4514/4514 4513/4513/4513 4512/4512/4512 4511/4511/4511
v 728.369263 -436 244.451279
vn 0.503871024 0 0.863778889
vt 0.163405091 0.618619025
v 544 -436 352
vn 0.503871024 0 0.863778889
vt 0.163405091 0.574771702
v 544 -340 352
vn 0.503871024 0 0.863778889
vt 0.175146773 0.574771702
v 768 -340 221.333328
vn 0.503871024 0 0.863778889
vt 0.175146773 0.628044128
v 768 -436 221.333328
vn 0.503871024 0 0.863778889
vt 0.163405091 0.628044128
f 4521/4521/4521 4520/4520/4520 4519/4519/4519 4518/4518/4518 4517/4517/4517
v 448 -340 352
vn 0 0 1
vt 0.727005899 0.253424644
v 544 -340 352
vn 0 0 1
vt 0.738747537 0.253424644
v 544 -436 352
vn 0 0 1
vt 0.738747537 0.226027369
v 448 -436 352
vn 0 0 1
vt 0.727005899 0.226027369
f 4525/4525/4525 4524/4524/4524 4523/4523/4523 4522/4522/4522
v 448 -260 768
vn 0 0 1
vt 0.337573379 0.668949783
v 448 -372 768
vn 0 0 1
vt 0.337573379 0.636986315
v 544 -372 768
vn 0 0 1
vt 0.325831711 0.636986315
v 544 -148 768
vn 0 0 1
vt 0.325831711 0.70091325
v 448 -148 768
vn 0 0 1
vt 0.337573379 0.70091325
f 4530/4530/4530 4529/4529/4529 4528/4528/4528 4527/4527/4527 4526/4526/4526
v 512 -436 768
vn 0 0 1
vt 0.593933463 0.125570774
v 544 -436 768
vn 0 0 1
vt 0.590019584 0.125570774
v 544 -372 768
vn 0 0 1
vt 0.590019584 0.143835604
v 448 -372 768
vn 0 0 1
vt 0.601761281 0.143835604
v 448 -436 768
vn 0 0 1
vt 0.601761281 0.125570774
f 4535/4535/4535 4534/4534/4534 4533/4533/4533 4532/4532/4532 4531/4531/4531
v 544 -340 352
vn 0 1 0
vt 0.474559695 0.0342465639
v 448 -340 352
vn 0 1 0
vt 0.486301363 0.0342465639
v 448 -340 320
vn 0 1 0
vt 0.486301363 0.0251141787
v 544 -340 320
vn 0 1 0
vt 0.474559695 0.0251141787
f 4539/4539/4539 4538/4538/4538 4537/4537/4537 4536/4536/4536
v 544 -340 320
vn 0 0 1
vt 0.740704477 0.253424644
v 448 -340 320
vn 0 0 1
vt 0.752446175 0.253424644
v 448 -436 320
vn 0 0 1
vt 0.752446175 0.226027369
v 544 -436 320
vn 0 0 1
vt 0.740704477 0.226027369
f 4543/4543/4543 4542/4542/4542 4541/4541/4541 4540/4540/4540
v 288 -340 352
vn 0 0 1
vt 0.629717648 0.867104292
v 288 -359.200012 352
vn 0 0 1
vt 0.629717648 0.855481207
v 416 -359.200012 352
vn 0 0 1
vt 0.607352555 0.855481207
v 416 -253.600006 352
vn 0 0 1
vt 0.607352555 0.919408143
v 288 -253.600006 352
vn 0 0 1
vt 0.629717648 0.919408143
f 4548/4548/4548 4547/4547/4547 4546/4546/4546 4545/4545/4545 4544/4544/4544
v 288 -253.600006 352
vn 0 0 1
vt 0.657114863 0.855481207
v 416 -253.600006 352
vn 0 0 1
vt 0.63474977 0.855481207
v 416 -148 352
vn 0 0 1
vt 0.63474977 0.919408143
v 288 -148 352
vn 0 0 1
vt 0.657114863 0.919408143
f 4552/4552/4552 4551/4551/4551 4550/4550/4550 4549/4549/4549
v 288 -372 352
vn 0 0 1
vt 0.441850692 0.560061216
v 288 -436 352
vn 0 0 1
vt 0.441850692 0.521317601
v 416 -436 352
vn 0 0 1
vt 0.419485599 0.521317601
v 416 -359.200012 352
vn 0 0 1
vt 0.419485599 0.567809939
v 288 -359.200012 352
vn 0 0 1
vt 0.441850692 0.567809939
f 4557/4557/4557 4556/4556/4556 4555/4555/4555 4554/4554/4554 4553/4553/4553
v 99.2000046 -148 352
vn 0 0 1
vt 0.666620076 0.919408143
v 64 -148 352
vn 0 0 1
vt 0.672770441 0.919408143
v 64 -253.600006 352
vn 0 0 1
vt 0.672770441 0.855481207
v 131.199997 -253.600006 352
vn 0 0 1
vt 0.661028802 0.855481207
v 131.199997 -148 352
vn 0 0 1
vt 0.661028802 0.919408143
f 4562/4562/4562 4561/4561/4561 4560/4560/4560 4559/4559/4559 4558/4558/4558
v 256 -148 352
vn 0 0 1
vt 0.682275653 0.919408143
v 131.199997 -148 352
vn 0 0 1
vt 0.704081595 0.919408143
v 131.199997 -253.600006 352
vn 0 0 1
vt 0.704081595 0.855481207
v 288 -253.600006 352
vn 0 0 1
vt 0.67668438 0.855481207
v 288 -148 352
vn 0 0 1
vt 0.67668438 0.919408143
f 4567/4567/4567 4566/4566/4566 4565/4565/4565 4564/4564/4564 4563/4563/4563
v 288 -253.600006 352
vn 0 0 1
vt 0.737349689 0.631736875
v 131.199997 -253.600006 352
vn 0 0 1
vt 0.764746964 0.631736875
v 131.199997 -340 352
vn 0 0 1
vt 0.764746964 0.579433084
v 288 -340 352
vn 0 0 1
vt 0.737349689 0.579433084
f 4571/4571/4571 4570/4570/4570 4569/4569/4569 4568/4568/4568
v 64 -340 352
vn 0 0 1
vt 0.780402541 0.579433084
v 131.199997 -340 352
vn 0 0 1
vt 0.768660843 0.579433084
v 131.199997 -253.600006 352
vn 0 0 1
vt 0.768660843 0.631736875
v 64 -253.600006 352
vn 0 0 1
vt 0.780402541 0.631736875
f 4575/4575/4575 4574/4574/4574 4573/4573/4573 4572/4572/4572
v 259.200012 -436 352
vn 0 0 1
vt 0.409700871 0.466523111
v 288 -436 352
vn 0 0 1
vt 0.404668689 0.466523111
v 288 -372 352
vn 0 0 1
vt 0.404668689 0.505266726
v 131.199997 -372 352
vn 0 0 1
vt 0.432065994 0.505266726
v 131.199997 -436 352
vn 0 0 1
vt 0.432065994 0.466523111
f 4580/4580/4580 4579/4579/4579 4578/4578/4578 4577/4577/4577 4576/4576/4576
v 131.199997 -436 352
vn 0 0 1
vt 0.435979873 0.466523111
v 131.199997 -372 352
vn 0 0 1
vt 0.435979873 0.505266726
v 96 -372 352
vn 0 0 1
vt 0.442130268 0.505266726
v 96 -436 352
vn 0 0 1
vt 0.442130268 0.466523111
f 4584/4584/4584 4583/4583/4583 4582/4582/4582 4581/4581/4581
v 416 -359.200012 640
vn 0 0 1
vt 0.715543747 0.855481207
v 377.600006 -359.200012 640
vn 0 0 1
vt 0.708834231 0.855481207
v 377.600006 -253.600006 640
vn 0 0 1
vt 0.708834231 0.919408143
v 416 -253.600006 640
vn 0 0 1
vt 0.715543747 0.919408143
f 4588/4588/4588 4587/4587/4587 4586/4586/4586 4585/4585/4585
v 64 -253.600006 640
vn 0 0 1
vt 0.720575929 0.919408143
v 220.800003 -253.600006 640
vn 0 0 1
vt 0.747973204 0.919408143
v 220.800003 -359.200012 640
vn 0 0 1
vt 0.747973204 0.855481207
v 64 -359.200012 640
vn 0 0 1
vt 0.720575929 0.855481207
f 4592/4592/4592 4591/4591/4591 4590/4590/4590 4589/4589/4589
v 377.600006 -359.200012 640
vn 0 0 1
vt 0.779284358 0.855481207
v 220.800003 -359.200012 640
vn 0 0 1
vt 0.751887083 0.855481207
v 220.800003 -253.600006 640
vn 0 0 1
vt 0.751887083 0.919408143
v 377.600006 -253.600006 640
vn 0 0 1
vt 0.779284358 0.919408143
f 4596/4596/4596 4595/4595/4595 4594/4594/4594 4593/4593/4593
v 416 -148 640
vn 0 0 1
vt 0.789907753 0.919408143
v 416 -253.600006 640
vn 0 0 1
vt 0.789907753 0.855481207
v 377.600006 -253.600006 640
vn 0 0 1
vt 0.783198237 0.855481207
v 377.600006 -148 640
vn 0 0 1
vt 0.783198237 0.919408143
f 4600/4600/4600 4599/4599/4599 4598/4598/4598 4597/4597/4597
v 64 -148 640
vn 0 0 1
vt 0.794939935 0.919408143
v 220.800003 -148 640
vn 0 0 1
vt 0.822337151 0.919408143
v 220.800003 -253.600006 640
vn 0 0 1
vt 0.822337151 0.855481207
v 64 -253.600006 640
vn 0 0 1
vt 0.794939935 0.855481207
f 4604/4604/4604 4603/4603/4603 4602/4602/4602 4601/4601/4601
v 256 -148 640
vn 0 0 1
vt 0.832401454 0.919408143
v 377.600006 -148 640
vn 0 0 1
vt 0.853648305 0.919408143
v 377.600006 -253.600006 640
vn 0 0 1
vt 0.853648305 0.855481207
v 220.800003 -253.600006 640
vn 0 0 1
vt 0.82625109 0.855481207
v 220.800003 -148 640
vn 0 0 1
vt 0.82625109 0.919408143
f 4609/4609/4609 4608/4608/4608 4607/4607/4607 4606/4606/4606 4605/4605/4605
v 377.600006 -436 640
vn 0 0 1
vt 0.474000573 0.521317601
v 220.800003 -436 640
vn 0 0 1
vt 0.446603328 0.521317601
v 220.800003 -359.200012 640
vn 0 0 1
vt 0.446603328 0.567809939
v 377.600006 -359.200012 640
vn 0 0 1
vt 0.474000573 0.567809939
f 4613/4613/4613 4612/4612/4612 4611/4611/4611 4610/4610/4610
v 64 -372 640
vn 0 0 1
vt 0.477914453 0.560061216
v 64 -359.200012 640
vn 0 0 1
vt 0.477914453 0.567809939
v 220.800003 -359.200012 640
vn 0 0 1
vt 0.505311728 0.567809939
v 220.800003 -436 640
vn 0 0 1
vt 0.505311728 0.521317601
v 64 -436 640
vn 0 0 1
vt 0.477914453 0.521317601
f 4618/4618/4618 4617/4617/4617 4616/4616/4616 4615/4615/4615 4614/4614/4614
v 416 -436 640
vn 0 0 1
vt 0.515935123 0.521317601
v 377.600006 -436 640
vn 0 0 1
vt 0.509225607 0.521317601
v 377.600006 -359.200012 640
vn 0 0 1
vt 0.509225607 0.567809939
v 416 -359.200012 640
vn 0 0 1
vt 0.515935123 0.567809939
f 4622/4622/4622 4621/4621/4621 4620/4620/4620 4619/4619/4619
v 416 -253.600006 640
vn 1 0 0
vt 0.610171437 0.125570774
v 416 -148 640
vn 1 0 0
vt 0.604021072 0.125570774
v 416 -148 768
vn 1 0 0
vt 0.604021072 0.143835604
v 416 -260 768
vn 1 0 0
vt 0.610544205 0.143835604
v 416 -359.200012 640
vn 1 0 0
vt 0.616321921 0.125570774
f 4627/4627/4627 4626/4626/4626 4625/4625/4625 4624/4624/4624 4623/4623/4623
v 416 -372 768
vn 1 0 0
vt 0.626852155 0.143835604
v 416 -436 768
vn 1 0 0
vt 0.63057965 0.143835604
v 416 -436 640
vn 1 0 0
vt 0.63057965 0.125570774
v 416 -359.200012 640
vn 1 0 0
vt 0.62610662 0.125570774
v 416 -260 768
vn 1 0 0
vt 0.620328963 0.143835604
f 4632/4632/4632 4631/4631/4631 4630/4630/4630 4629/4629/4629 4628/4628/4628
v 416 -260 768
vn 0 0 1
vt 0.856909871 0.918949783
v 448 -260 768
vn 0 0 1
vt 0.858773649 0.918949783
v 448 -372 768
vn 0 0 1
vt 0.858773649 0.855022848
v 416 -372 768
vn 0 0 1
vt 0.856909871 0.855022848
f 4636/4636/4636 4635/4635/4635 4634/4634/4634 4633/4633/4633
v 416 -148 768
vn 0 0 1
vt 0.86278075 0.918949783
v 448 -148 768
vn 0 0 1
vt 0.864644527 0.918949783
v 448 -260 768
vn 0 0 1
vt 0.864644527 0.855022848
v 416 -260 768
vn 0 0 1
vt 0.86278075 0.855022848
f 4640/4640/4640 4639/4639/4639 4638/4638/4638 4637/4637/4637
v 416 -372 768
vn 0 0 1
vt 0.123054698 0.457762539
v 448 -372 768
vn 0 0 1
vt 0.124918461 0.457762539
v 448 -436 768
vn 0 0 1
vt 0.124918461 0.421232879
v 416 -436 768
vn 0 0 1
vt 0.123054698 0.421232879
f 4644/4644/4644 4643/4643/4643 4642/4642/4642 4641/4641/4641
v 416 -148 160
vn 0 0 1
vt 0.344600618 0.70091325
v 416 -372 160
vn 0 0 1
vt 0.344600618 0.636986315
v 378 -372 160
vn 0 0 1
vt 0.340375394 0.636986315
v 378 -148 160
vn 0 0 1
vt 0.340375394 0.70091325
f 4648/4648/4648 4647/4647/4647 4646/4646/4646 4645/4645/4645
v 378 -430 160
vn 0 0 1
vt 0.633917451 0.127283096
v 378 -372 160
vn 0 0 1
vt 0.633917451 0.143835604
v 416 -372 160
vn 0 0 1
vt 0.638142705 0.143835604
v 416 -436 160
vn 0 0 1
vt 0.638142705 0.125570774
v 378 -436 160
vn 0 0 1
vt 0.633917451 0.125570774
f 4653/4653/4653 4652/4652/4652 4651/4651/4651 4650/4650/4650 4649/4649/4649
v 378 -148 160
vn 0 0 1
vt 0.352117062 0.70091325
v 378 -372 160
vn 0 0 1
vt 0.352117062 0.636986315
v 350 -372 160
vn 0 0 1
vt 0.349003732 0.636986315
v 350 -148 160
vn 0 0 1
vt 0.349003732 0.70091325
f 4657/4657/4657 4656/4656/4656 4655/4655/4655 4654/4654/4654
v 378 -430 160
vn 0 0 1
vt 0.645659149 0.127283096
v 350 -430 160
vn 0 0 1
vt 0.642545819 0.127283096
v 350 -372 160
vn 0 0 1
vt 0.642545819 0.143835604
v 378 -372 160
vn 0 0 1
vt 0.645659149 0.143835604
f 4661/4661/4661 4660/4660/4660 4659/4659/4659 4658/4658/4658
v 288 -340 160
vn 0 0 1
vt 0.355808556 0.64611876
v 288 -148 160
vn 0 0 1
vt 0.355808556 0.70091325
v 350 -148 160
vn 0 0 1
vt 0.36270237 0.70091325
v 350 -372 160
vn 0 0 1
vt 0.36270237 0.636986315
v 288 -372 160
vn 0 0 1
vt 0.355808556 0.636986315
f 4666/4666/4666 4665/4665/4665 4664/4664/4664 4663/4663/4663 4662/4662/4662
v 350 -430 160
vn 0 0 1
vt 0.656244457 0.127283096
v 350 -436 160
vn 0 0 1
vt 0.656244457 0.125570774
v 288 -436 160
vn 0 0 1
vt 0.649350643 0.125570774
v 288 -372 160
vn 0 0 1
vt 0.649350643 0.143835604
v 350 -372 160
vn 0 0 1
vt 0.656244457 0.143835604
f 4671/4671/4671 4670/4670/4670 4669/4669/4669 4668/4668/4668 4667/4667/4667
v 64 -212 160
vn 0 0 1
vt 0.783757329 0.614155293
v 64 -148 160
vn 0 0 1
vt 0.783757329 0.632420063
v 96 -148 160
vn 0 0 1
vt 0.787671208 0.632420063
v 96 -340 160
vn 0 0 1
vt 0.787671208 0.577625573
v 64 -340 160
vn 0 0 1
vt 0.783757329 0.577625573
f 4676/4676/4676 4675/4675/4675 4674/4674/4674 4673/4673/4673 4672/4672/4672
v 256 -148 160
vn 0 0 1
vt 0.808219194 0.632420063
v 288 -148 160
vn 0 0 1
vt 0.811777234 0.632420063
v 288 -340 160
vn 0 0 1
vt 0.811777234 0.577625573
v 96 -340 160
vn 0 0 1
vt 0.790428758 0.577625573
v 96 -148 160
vn 0 0 1
vt 0.790428758 0.632420063
f 4681/4681/4681 4680/4680/4680 4679/4679/4679 4678/4678/4678 4677/4677/4677
v 288 -372 160
vn 0 0 1
vt 0.680661798 0.143835604
v 288 -436 160
vn 0 0 1
vt 0.680661798 0.125570774
v 96 -436 160
vn 0 0 1
vt 0.659313262 0.125570774
v 96 -372 160
vn 0 0 1
vt 0.659313262 0.143835604
f 4685/4685/4685 4684/4684/4684 4683/4683/4683 4682/4682/4682
v 288 -359.200012 352
vn 1 0 0
vt 0.521135032 0.565544128
v 288 -340 352
vn 1 0 0
vt 0.523483396 0.565544128
v 288 -340 160
vn 1 0 0
vt 0.523483396 0.519882023
v 288 -372 160
vn 1 0 0
vt 0.519569457 0.519882023
v 288 -372 352
vn 1 0 0
vt 0.519569457 0.565544128
f 4690/4690/4690 4689/4689/4689 4688/4688/4688 4687/4687/4687 4686/4686/4686
v 416 -148 352
vn 1 0 0
vt 0.637866974 0.221012712
v 416 -253.600006 352
vn 1 0 0
vt 0.643033266 0.221012712
v 416 -148 160
vn 1 0 0
vt 0.637866974 0.201443255
f 4693/4693/4693 4692/4692/4692 4691/4691/4691
v 416 -372 160
vn 1 0 0
vt 0.658610523 0.201443255
v 416 -148 160
vn 1 0 0
vt 0.647651672 0.201443255
v 416 -253.600006 352
vn 1 0 0
vt 0.652818024 0.221012712
v 416 -359.200012 352
vn 1 0 0
vt 0.657984376 0.221012712
v 416 -436 352
vn 1 0 0
vt 0.661741674 0.221012712
v 416 -436 160
vn 1 0 0
vt 0.661741674 0.201443255
f 4699/4699/4699 4698/4698/4698 4697/4697/4697 4696/4696/4696 4695/4695/4695 4694/4694/4694
v 131.199997 -372 352
vn 0 1 0
vt 0.525831699 0.565544128
v 288 -372 352
vn 0 1 0
vt 0.545009792 0.565544128
v 288 -372 160
vn 0 1 0
vt 0.545009792 0.519882023
f 4702/4702/4702 4701/4701/4701 4700/4700/4700
v 96 -372 195.199997
vn 0 1 0
vt 0.546966732 0.528253436
v 96 -372 352
vn 0 1 0
vt 0.546966732 0.565544128
v 131.199997 -372 352
vn 0 1 0
vt 0.551272035 0.565544128
v 288 -372 160
vn 0 1 0
vt 0.570450127 0.519882023
v 96 -372 160
vn 0 1 0
vt 0.546966732 0.519882023
f 4707/4707/4707 4706/4706/4706 4705/4705/4705 4704/4704/4704 4703/4703/4703
v 64 -340 160
vn 0 1 0
vt 0.758317053 0.227644622
v 96 -340 160
vn 0 1 0
vt 0.754403114 0.227644622
v 64 -340 256
vn 0 1 0
vt 0.758317053 0.250475645
f 4710/4710/4710 4709/4709/4709 4708/4708/4708
v 131.199997 -340 352
vn 0 1 0
vt 0.5915851 0.565544128
v 64 -340 352
vn 0 1 0
vt 0.599804282 0.565544128
v 64 -340 288
vn 0 1 0
vt 0.599804282 0.550323486
v 64 -340 256
vn 0 1 0
vt 0.599804282 0.542713046
v 96 -340 160
vn 0 1 0
vt 0.595890403 0.519882023
v 288 -340 160
vn 0 1 0
vt 0.572407067 0.519882023
v 288 -340 352
vn 0 1 0
vt 0.572407067 0.565544128
f 4717/4717/4717 4716/4716/4716 4715/4715/4715 4714/4714/4714 4713/4713/4713 4712/4712/4712 4711/4711/4711
v 96 -372 195.199997
vn 1 0 0
vt 0.875733852 0.853758931
v 96 -436 195.199997
vn 1 0 0
vt 0.867906094 0.853758931
v 96 -436 352
vn 1 0 0
vt 0.867906094 0.917685926
v 96 -372 352
vn 1 0 0
vt 0.875733852 0.917685926
f 4721/4721/4721 4720/4720/4720 4719/4719/4719 4718/4718/4718
v 96 -372 160
vn 1 0 0
vt 0.691780806 0.127079248
v 96 -436 160
vn 1 0 0
vt 0.683953047 0.127079248
v 96 -436 195.199997
vn 1 0 0
vt 0.683953047 0.141430259
v 96 -372 195.199997
vn 1 0 0
vt 0.691780806 0.141430259
f 4725/4725/4725 4724/4724/4724 4723/4723/4723 4722/4722/4722
v 768 -308 0
vn 0 0 1
vt 0.815068483 0.601444125
v 768 -148 0
vn 0 0 1
vt 0.815068483 0.629884243
v 736 -148 0
vn 0 0 1
vt 0.817514658 0.629884243
v 736 -436 0
vn 0 0 1
vt 0.817514658 0.578692079
v 768 -436 0
vn 0 0 1
vt 0.815068483 0.578692079
f 4730/4730/4730 4729/4729/4729 4728/4728/4728 4727/4727/4727 4726/4726/4726
v 416 -372 128
vn 1 0 0
vt 0.671066046 0.221461177
v 416 -436 128
vn 1 0 0
vt 0.672845125 0.221461177
v 416 -436 -0
vn 1 0 0
vt 0.672845125 0.198630154
v 416 -148 -0
vn 1 0 0
vt 0.664839387 0.198630154
v 416 -148 128
vn 1 0 0
vt 0.664839387 0.221461177
f 4735/4735/4735 4734/4734/4734 4733/4733/4733 4732/4732/4732 4731/4731/4731
v 448 -148 0
vn 0 0 1
vt 0.623630106 0.56672895
v 416 -148 -0
vn 0 0 1
vt 0.62597847 0.56672895
v 416 -436 -0
vn 0 0 1
vt 0.62597847 0.520029068
v 736 -436 0
vn 0 0 1
vt 0.602495134 0.520029068
v 736 -148 0
vn 0 0 1
vt 0.602495134 0.56672895
f 4740/4740/4740 4739/4739/4739 4738/4738/4738 4737/4737/4737 4736/4736/4736
v -217.600006 -372 160
vn 0 1 0
vt 0.48904109 0.0342465639
v -217.600006 -372 128
vn 0 1 0
vt 0.48904109 0.0251141787
v -224 -372 128
vn 0 1 0
vt 0.488258302 0.0251141787
v -224 -372 160
vn 0 1 0
vt 0.488258302 0.0342465639
f 4744/4744/4744 4743/4743/4743 4742/4742/4742 4741/4741/4741
v -57.5999985 -372 160
vn 0 1 0
vt 0.492954969 0.0342465639
v 32 -372 160
vn 0 1 0
vt 0.503913879 0.0342465639
v 32 -372 128
vn 0 1 0
vt 0.503913879 0.0251141787
f 4747/4747/4747 4746/4746/4746 4745/4745/4745
v -160 -372 128
vn 0 1 0
vt 0.509784758 0.0251141787
v -192 -372 128
vn 0 1 0
vt 0.505870819 0.0251141787
v -192 -372 160
vn 0 1 0
vt 0.505870819 0.0342465639
v -57.5999985 -372 160
vn 0 1 0
vt 0.522309184 0.0342465639
v 32 -372 128
vn 0 1 0
vt 0.533268094 0.0251141787
f 4752/4752/4752 4751/4751/4751 4750/4750/4750 4749/4749/4749 4748/4748/4748
v 64 -372 160
vn 0 1 0
vt 0.539138973 0.0342465639
v 64 -372 128
vn 0 1 0
vt 0.539138973 0.0251141787
v 32 -372 128
vn 0 1 0
vt 0.535225034 0.0251141787
v 32 -372 160
vn 0 1 0
vt 0.535225034 0.0342465639
f 4756/4756/4756 4755/4755/4755 4754/4754/4754 4753/4753/4753
v -217.600006 -372 160
vn 0 1 0
vt 0.68264842 0.204337895
v -217.600006 -372 256
vn 0 1 0
vt 0.68264842 0.221461177
v -192 -372 256
vn 0 1 0
vt 0.676125228 0.221461177
v -192 -372 160
vn 0 1 0
vt 0.676125228 0.204337895
v -192 -372 128
vn 0 1 0
vt 0.676125228 0.198630154
v -217.600006 -372 128
vn 0 1 0
vt 0.68264842 0.198630154
f 4762/4762/4762 4761/4761/4761 4760/4760/4760 4759/4759/4759 4758/4758/4758 4757/4757/4757
v -57.5999985 -372 256
vn 0 1 0
vt 0.72113502 0.143518507
v -57.5999985 -372 160
vn 0 1 0
vt 0.72113502 0.128297865
v -192 -372 160
vn 0 1 0
vt 0.693737745 0.128297865
v -192 -372 256
vn 0 1 0
vt 0.693737745 0.143518507
f 4766/4766/4766 4765/4765/4765 4764/4764/4764 4763/4763/4763
v 64 -372 195.199997
vn 0 1 0
vt 0.548271358 0.0334221125
v 64 -372 160
vn 0 1 0
vt 0.548271358 0.0278412104
v 32 -372 160
vn 0 1 0
vt 0.541748226 0.0278412104
f 4769/4769/4769 4768/4768/4768 4767/4767/4767
v 0 -372 256
vn 0 1 0
vt 0.736790597 0.143518507
v 64 -372 256
vn 0 1 0
vt 0.749836922 0.143518507
v 64 -372 195.199997
vn 0 1 0
vt 0.749836922 0.133878708
v 32 -372 160
vn 0 1 0
vt 0.743313789 0.128297865
v -57.5999985 -372 160
vn 0 1 0
vt 0.7250489 0.128297865
v -57.5999985 -372 256
vn 0 1 0
vt 0.7250489 0.143518507
f 4775/4775/4775 4774/4774/4774 4773/4773/4773 4772/4772/4772 4771/4771/4771 4770/4770/4770
v 0 -372 288
vn 0 1 0
vt 0.558708429 0.0342465639
v 0 -372 256
vn 0 1 0
vt 0.558708429 0.0251141787
v -57.5999985 -372 256
vn 0 1 0
vt 0.551663399 0.0251141787
f 4778/4778/4778 4777/4777/4777 4776/4776/4776
v -224 -372 288
vn 0 1 0
vt 0.560665369 0.0342465639
v 0 -372 288
vn 0 1 0
vt 0.588062644 0.0342465639
v -57.5999985 -372 256
vn 0 1 0
vt 0.581017613 0.0251141787
v -192 -372 256
vn 0 1 0
vt 0.564579248 0.0251141787
v -217.600006 -372 256
vn 0 1 0
vt 0.561448157 0.0251141787
v -224 -372 256
vn 0 1 0
vt 0.560665369 0.0251141787
f 4784/4784/4784 4783/4783/4783 4782/4782/4782 4781/4781/4781 4780/4780/4780 4779/4779/4779
v 32 -372 288
vn 0 1 0
vt 0.593933463 0.0342465639
v 64 -372 288
vn 0 1 0
vt 0.597847342 0.0342465639
v 64 -372 256
vn 0 1 0
vt 0.597847342 0.0251141787
v 0 -372 256
vn 0 1 0
vt 0.590019584 0.0251141787
v 0 -372 288
vn 0 1 0
vt 0.590019584 0.0342465639
f 4789/4789/4789 4788/4788/4788 4787/4787/4787 4786/4786/4786 4785/4785/4785
v 64 -372 352
vn 0 1 0
vt 0.603718221 0.0342465639
v 64 -372 288
vn 0 1 0
vt 0.603718221 0.0251141787
v 32 -372 288
vn 0 1 0
vt 0.599804282 0.0251141787
v 32 -372 352
vn 0 1 0
vt 0.599804282 0.0342465639
f 4793/4793/4793 4792/4792/4792 4791/4791/4791 4790/4790/4790
v 64 -212 256
vn 0 0 1
vt 0.752446175 0.125570774
v 64 -148 256
vn 0 0 1
vt 0.752446175 0.143835604
v 32 -148 256
vn 0 0 1
vt 0.756360054 0.143835604
v 32 -212 256
vn 0 0 1
vt 0.756360054 0.125570774
f 4797/4797/4797 4796/4796/4796 4795/4795/4795 4794/4794/4794
v -192 -148 256
vn 0 0 1
vt 0.762230933 0.143835604
v -192 -205.599991 256
vn 0 0 1
vt 0.762230933 0.127397239
v -160 -148 256
vn 0 0 1
vt 0.758317053 0.143835604
f 4800/4800/4800 4799/4799/4799 4798/4798/4798
v -192 -205.599991 256
vn 0 0 1
vt 0.139921725 0.45616442
v -192 -340 256
vn 0 0 1
vt 0.139921725 0.417808235
v -102.400002 -340 256
vn 0 0 1
vt 0.128962815 0.417808235
f 4803/4803/4803 4802/4802/4802 4801/4801/4801
v -102.400002 -340 256
vn 0 0 1
vt 0.0585127212 0.331050217
v 32 -340 256
vn 0 0 1
vt 0.0420743637 0.331050217
v 32 -212 256
vn 0 0 1
vt 0.0420743637 0.367579937
f 4806/4806/4806 4805/4805/4805 4804/4804/4804
v -96 -148 256
vn 0 0 1
vt 0.836594939 0.632420063
v -160 -148 256
vn 0 0 1
vt 0.844422698 0.632420063
v -192 -205.599991 256
vn 0 0 1
vt 0.848336577 0.615981698
v -102.400002 -340 256
vn 0 0 1
vt 0.837377667 0.577625573
v 32 -212 256
vn 0 0 1
vt 0.820939362 0.614155293
v 32 -148 256
vn 0 0 1
vt 0.820939362 0.632420063
f 4812/4812/4812 4811/4811/4811 4810/4810/4810 4809/4809/4809 4808/4808/4808 4807/4807/4807
v -217.600006 -282.399994 256
vn 0 0 1
vt 0.366144836 0.662557065
v -217.600006 -148 256
vn 0 0 1
vt 0.366144836 0.70091325
v -224 -148 256
vn 0 0 1
vt 0.366927594 0.70091325
v -224 -372 256
vn 0 0 1
vt 0.366927594 0.636986315
v -217.600006 -372 256
vn 0 0 1
vt 0.366144836 0.636986315
f 4817/4817/4817 4816/4816/4816 4815/4815/4815 4814/4814/4814 4813/4813/4813
v 0 -372 288
vn 0 0 1
vt 0.380626231 0.636986315
v -96 -148 288
vn 0 0 1
vt 0.368884534 0.70091325
v 0 -148 288
vn 0 0 1
vt 0.380626231 0.70091325
f 4820/4820/4820 4819/4819/4819 4818/4818/4818
v -224 -372 288
vn 0 0 1
vt 0.382583171 0.636986315
v -224 -148 288
vn 0 0 1
vt 0.382583171 0.70091325
v -217.600006 -148 288
vn 0 0 1
vt 0.383365929 0.70091325
v -192 -148 288
vn 0 0 1
vt 0.386497051 0.70091325
v -160 -148 288
vn 0 0 1
vt 0.39041096 0.70091325
v -96 -148 288
vn 0 0 1
vt 0.398238748 0.70091325
v 0 -372 288
vn 0 0 1
vt 0.409980416 0.636986315
f 4827/4827/4827 4826/4826/4826 4825/4825/4825 4824/4824/4824 4823/4823/4823 4822/4822/4822 4821/4821/4821
v 0 -372 288
vn 0 0 1
vt 0.411937386 0.636986315
v 0 -148 288
vn 0 0 1
vt 0.411937386 0.70091325
v 32 -148 288
vn 0 0 1
vt 0.415851265 0.70091325
v 32 -372 288
vn 0 0 1
vt 0.415851265 0.636986315
f 4831/4831/4831 4830/4830/4830 4829/4829/4829 4828/4828/4828
v 32 -372 352
vn 1 0 0
vt 0.623532295 0.0342465639
v 32 -372 288
vn 1 0 0
vt 0.623532295 0.0251141787
v 32 -148 288
vn 1 0 0
vt 0.607416272 0.0251141787
v 32 -148 352
vn 1 0 0
vt 0.607416272 0.0342465639
f 4835/4835/4835 4834/4834/4834 4833/4833/4833 4832/4832/4832
v -224 -372 288
vn 1 0 0
vt 0.654598832 0.0342465639
v -224 -372 256
vn 1 0 0
vt 0.654598832 0.0251141787
v -224 -148 256
vn 1 0 0
vt 0.627201557 0.0251141787
v -224 -148 288
vn 1 0 0
vt 0.627201557 0.0342465639
f 4839/4839/4839 4838/4838/4838 4837/4837/4837 4836/4836/4836
v 64 -148 160
vn 0 0 1
vt 0.768101752 0.143835604
v 64 -212 160
vn 0 0 1
vt 0.768101752 0.125570774
v 32 -212 160
vn 0 0 1
vt 0.764187872 0.125570774
v 32 -148 160
vn 0 0 1
vt 0.764187872 0.143835604
f 4843/4843/4843 4842/4842/4842 4841/4841/4841 4840/4840/4840
v -64 -148 160
vn 0 0 1
vt 0.770058692 0.143835604
v 32 -148 160
vn 0 0 1
vt 0.781800389 0.143835604
v 32 -212 160
vn 0 0 1
vt 0.781800389 0.125570774
f 4846/4846/4846 4845/4845/4845 4844/4844/4844
v -96 -244 160
vn 0 0 1
vt 0.850293517 0.605022788
v -96 -148 160
vn 0 0 1
vt 0.850293517 0.632420063
v -64 -148 160
vn 0 0 1
vt 0.854207456 0.632420063
v 32 -212 160
vn 0 0 1
vt 0.865949094 0.614155293
v 32 -340 160
vn 0 0 1
vt 0.865949094 0.577625573
v -96 -340 160
vn 0 0 1
vt 0.850293517 0.577625573
f 4852/4852/4852 4851/4851/4851 4850/4850/4850 4849/4849/4849 4848/4848/4848 4847/4847/4847
v -102.400002 -340 160
vn 0 0 1
vt 0.767319024 0.226027369
v -160 -340 160
vn 0 0 1
vt 0.760273993 0.226027369
v -160 -244 160
vn 0 0 1
vt 0.760273993 0.253424644
v -96 -244 160
vn 0 0 1
vt 0.768101752 0.253424644
v -96 -340 160
vn 0 0 1
vt 0.768101752 0.226027369
f 4857/4857/4857 4856/4856/4856 4855/4855/4855 4854/4854/4854 4853/4853/4853
v -192 -205.599991 160
vn 0 0 1
vt 0.783757329 0.127397239
v -192 -148 160
vn 0 0 1
vt 0.783757329 0.143835604
v -160 -148 160
vn 0 0 1
vt 0.787671208 0.143835604
f 4860/4860/4860 4859/4859/4859 4858/4858/4858
v -160 -244 160
vn 0 0 1
vt 0.871819973 0.605022788
v -160 -340 160
vn 0 0 1
vt 0.871819973 0.577625573
v -192 -340 160
vn 0 0 1
vt 0.867906094 0.577625573
v -192 -205.599991 160
vn 0 0 1
vt 0.867906094 0.615981698
v -160 -148 160
vn 0 0 1
vt 0.871819973 0.632420063
f 4865/4865/4865 4864/4864/4864 4863/4863/4863 4862/4862/4862 4861/4861/4861
v -217.600006 -282.399994 160
vn 0 0 1
vt 0.418590993 0.662557065
v -217.600006 -372 160
vn 0 0 1
vt 0.418590993 0.636986315
v -224 -372 160
vn 0 0 1
vt 0.417808205 0.636986315
v -224 -148 160
vn 0 0 1
vt 0.417808205 0.70091325
v -217.600006 -148 160
vn 0 0 1
vt 0.418590993 0.70091325
f 4870/4870/4870 4869/4869/4869 4868/4868/4868 4867/4867/4867 4866/4866/4866
v -192 -340 160
vn 1 0 0
vt 0.791258991 0.142694056
v -192 -340 256
vn 1 0 0
vt 0.791258991 0.125570774
v -192 -205.599991 256
vn 1 0 0
vt 0.818656266 0.125570774
v -192 -205.599991 160
vn 1 0 0
vt 0.818656266 0.142694056
f 4874/4874/4874 4873/4873/4873 4872/4872/4872 4871/4871/4871
v -192 -205.599991 160
vn 1 0 0
vt 0.822570145 0.142694056
v -192 -205.599991 256
vn 1 0 0
vt 0.822570145 0.125570774
v -192 -148 256
vn 1 0 0
vt 0.834311843 0.125570774
v -192 -148 160
vn 1 0 0
vt 0.834311843 0.142694056
f 4878/4878/4878 4877/4877/4877 4876/4876/4876 4875/4875/4875
v -96 -340 160
vn 0 1 0
vt 0.863992155 0.128297865
v 32 -340 160
vn 0 1 0
vt 0.837899506 0.128297865
v 32 -340 256
vn 0 1 0
vt 0.837899506 0.143518507
v -102.400002 -340 256
vn 0 1 0
vt 0.865296781 0.143518507
v -102.400002 -340 160
vn 0 1 0
vt 0.865296781 0.128297865
f 4883/4883/4883 4882/4882/4882 4881/4881/4881 4880/4880/4880 4879/4879/4879
v -160 -340 160
vn 0 1 0
vt 0.880952358 0.128297865
v -102.400002 -340 160
vn 0 1 0
vt 0.86921066 0.128297865
v -102.400002 -340 256
vn 0 1 0
vt 0.86921066 0.143518507
v -192 -340 256
vn 0 1 0
vt 0.88747555 0.143518507
v -192 -340 160
vn 0 1 0
vt 0.88747555 0.128297865
f 4888/4888/4888 4887/4887/4887 4886/4886/4886 4885/4885/4885 4884/4884/4884
v -96 -244 160
vn 1 0 0
vt 0.88943249 0.125570774
v -96 -244 224
vn 1 0 0
vt 0.88943249 0.143835604
v -96 -148 224
vn 1 0 0
vt 0.901174188 0.143835604
v -96 -148 160
vn 1 0 0
vt 0.901174188 0.125570774
f 4892/4892/4892 4891/4891/4891 4890/4890/4890 4889/4889/4889
v 32 -340 256
vn 1 0 0
vt 0.918786705 0.143518507
v 32 -340 160
vn 1 0 0
vt 0.918786705 0.128297865
v 32 -212 160
vn 1 0 0
vt 0.903131127 0.128297865
v 32 -212 256
vn 1 0 0
vt 0.903131127 0.143518507
f 4896/4896/4896 4895/4895/4895 4894/4894/4894 4893/4893/4893
v 32 -212 160
vn 0 1 0
vt 0.689823866 0.201864541
v 64 -212 160
vn 0 1 0
vt 0.685909986 0.201864541
v 64 -212 256
vn 0 1 0
vt 0.685909986 0.220129371
v 32 -212 256
vn 0 1 0
vt 0.689823866 0.220129371
f 4900/4900/4900 4899/4899/4899 4898/4898/4898 4897/4897/4897
v -160 -244 224
vn 1 0 0
vt 0.932485342 0.143835604
v -160 -244 160
vn 1 0 0
vt 0.932485342 0.125570774
v -160 -148 160
vn 1 0 0
vt 0.920743644 0.125570774
v -160 -148 224
vn 1 0 0
vt 0.920743644 0.143835604
f 4904/4904/4904 4903/4903/4903 4902/4902/4902 4901/4901/4901
v -96 -244 160
vn 0 1 0
vt 0.942270041 0.125570774
v -160 -244 160
vn 0 1 0
vt 0.934442282 0.125570774
v -160 -244 224
vn 0 1 0
vt 0.934442282 0.143835604
v -96 -244 224
vn 0 1 0
vt 0.942270041 0.143835604
f 4908/4908/4908 4907/4907/4907 4906/4906/4906 4905/4905/4905
v -160 -244 224
vn 0 0 1
vt 0.177103713 0.576484025
v -160 -148 224
vn 0 0 1
vt 0.177103713 0.631278515
v -96 -148 224
vn 0 0 1
vt 0.184931502 0.631278515
v -96 -244 224
vn 0 0 1
vt 0.184931502 0.576484025
f 4912/4912/4912 4911/4911/4911 4910/4910/4910 4909/4909/4909
v -217.600006 -282.399994 256
vn 1 0 0
vt 0.971950412 0.143835604
v -217.600006 -282.399994 160
vn 1 0 0
vt 0.971950412 0.126712322
v -217.600006 -148 160
vn 1 0 0
vt 0.944553137 0.126712322
v -217.600006 -148 256
vn 1 0 0
vt 0.944553137 0.143835604
f 4916/4916/4916 4915/4915/4915 4914/4914/4914 4913/4913/4913
v -217.600006 -372 256
vn 1 0 0
vt 0.994129181 0.143835604
v -217.600006 -372 160
vn 1 0 0
vt 0.994129181 0.126712322
v -217.600006 -282.399994 160
vn 1 0 0
vt 0.975864291 0.126712322
v -217.600006 -282.399994 256
vn 1 0 0
vt 0.975864291 0.143835604
f 4920/4920/4920 4919/4919/4919 4918/4918/4918 4917/4917/4917
v -224 -372 128
vn 0 0 1
vt 0.568493128 0.0662100315
v -217.600006 -372 128
vn 0 0 1
vt 0.5677104 0.0662100315
v -217.600006 -327.200012 128
vn 0 0 1
vt 0.5677104 0.0789954662
f 4923/4923/4923 4922/4922/4922 4921/4921/4921
v -217.600006 -237.600006 128
vn 0 0 1
vt 0.422896296 0.675342441
v -217.600006 -148 128
vn 0 0 1
vt 0.422896296 0.70091325
v -224 -148 128
vn 0 0 1
vt 0.423679054 0.70091325
v -224 -372 128
vn 0 0 1
vt 0.423679054 0.636986315
v -217.600006 -327.200012 128
vn 0 0 1
vt 0.422896296 0.64977169
f 4928/4928/4928 4927/4927/4927 4926/4926/4926 4925/4925/4925 4924/4924/4924
v -217.600006 -327.200012 128
vn 0 0 1
vt 0.884213984 0.852168918
v -192 -327.200012 128
vn 0 0 1
vt 0.877690792 0.852168918
v -192 -237.600006 128
vn 0 0 1
vt 0.877690792 0.916095912
v -217.600006 -237.600006 128
vn 0 0 1
vt 0.884213984 0.916095912
f 4932/4932/4932 4931/4931/4931 4930/4930/4930 4929/4929/4929
v -217.600006 -148 128
vn 0 0 1
vt 0.893998742 0.916095912
v -217.600006 -237.600006 128
vn 0 0 1
vt 0.893998742 0.852168918
v -192 -237.600006 128
vn 0 0 1
vt 0.88747555 0.852168918
v -192 -148 128
vn 0 0 1
vt 0.88747555 0.916095912
f 4936/4936/4936 4935/4935/4935 4934/4934/4934 4933/4933/4933
v -217.600006 -372 128
vn 0 0 1
vt 0.068167001 0.331620991
v -192 -372 128
vn 0 0 1
vt 0.0616438352 0.331620991
v -192 -327.200012 128
vn 0 0 1
vt 0.0616438352 0.363584459
v -217.600006 -327.200012 128
vn 0 0 1
vt 0.068167001 0.363584459
f 4940/4940/4940 4939/4939/4939 4938/4938/4938 4937/4937/4937
v 64 -148 128
vn 0 0 1
vt 0.425635993 0.70091325
v 32 -148 128
vn 0 0 1
vt 0.429549903 0.70091325
v 64 -372 128
vn 0 0 1
vt 0.425635993 0.636986315
f 4943/4943/4943 4942/4942/4942 4941/4941/4941
v -96 -148 128
vn 0 0 1
vt 0.431506842 0.70091325
v -160 -148 128
vn 0 0 1
vt 0.439334631 0.70091325
v -160 -372 128
vn 0 0 1
vt 0.439334631 0.636986315
f 4946/4946/4946 4945/4945/4945 4944/4944/4944
v 32 -372 128
vn 0 0 1
vt 0.44520548 0.636986315
v 64 -372 128
vn 0 0 1
vt 0.441291571 0.636986315
v 32 -148 128
vn 0 0 1
vt 0.44520548 0.70091325
v -96 -148 128
vn 0 0 1
vt 0.460861057 0.70091325
v -160 -372 128
vn 0 0 1
vt 0.468688846 0.636986315
f 4951/4951/4951 4950/4950/4950 4949/4949/4949 4948/4948/4948 4947/4947/4947
v -160 -148 128
vn 0 0 1
vt 0.770058692 0.253424644
v -192 -148 128
vn 0 0 1
vt 0.773972631 0.253424644
v -192 -237.600006 128
vn 0 0 1
vt 0.773972631 0.227853835
f 4954/4954/4954 4953/4953/4953 4952/4952/4952
v -160 -372 128
vn 0 0 1
vt 0.470645785 0.636986315
v -160 -148 128
vn 0 0 1
vt 0.470645785 0.70091325
v -192 -237.600006 128
vn 0 0 1
vt 0.474559695 0.675342441
v -192 -327.200012 128
vn 0 0 1
vt 0.474559695 0.64977169
v -192 -372 128
vn 0 0 1
vt 0.474559695 0.636986315
f 4959/4959/4959 4958/4958/4958 4957/4957/4957 4956/4956/4956 4955/4955/4955
v -224 -372 160
vn 1 0 0
vt 0.683953047 0.0342465639
v -224 -372 128
vn 1 0 0
vt 0.683953047 0.0251141787
v -224 -148 128
vn 1 0 0
vt 0.656555772 0.0251141787
v -224 -148 160
vn 1 0 0
vt 0.656555772 0.0342465639
f 4963/4963/4963 4962/4962/4962 4961/4961/4961 4960/4960/4960
v 1328 -568.484924 128
vn 1 0 0
vt 0.399515241 0.296828449
v 1328 -568.484924 340.363647
vn 1 0 0
vt 0.399515241 0.323178947
v 1328 -572.097656 340.363647
vn 1 0 0
vt 0.399912924 0.323178947
f 4966/4966/4966 4965/4965/4965 4964/4964/4964
v 1328 -687.515076 128
vn 1 0 0
vt 0.416531742 0.296828449
v 1328 -568.484924 128
vn 1 0 0
vt 0.403429121 0.296828449
v 1328 -572.097656 340.363647
vn 1 0 0
vt 0.403826803 0.323178947
v 1328 -683.902344 340.363647
vn 1 0 0
vt 0.416134059 0.323178947
v 1328 -687.515076 340.363647
vn 1 0 0
vt 0.416531742 0.323178947
f 4971/4971/4971 4970/4970/4970 4969/4969/4969 4968/4968/4968 4967/4967/4967
v 1328 -683.902344 497.454529
vn 1 0 0
vt 0.907917321 0.85593605
v 1328 -572.097656 497.454529
vn 1 0 0
vt 0.898344934 0.85593605
v 1328 -572.097656 864
vn 1 0 0
vt 0.898344934 0.919862986
v 1328 -683.902344 864
vn 1 0 0
vt 0.907917321 0.919862986
f 4975/4975/4975 4974/4974/4974 4973/4973/4973 4972/4972/4972
v 1328 -683.902344 340.363647
vn 1 0 0
vt 0.430422157 0.298858404
v 1328 -572.097656 340.363647
vn 1 0 0
vt 0.42084986 0.298858404
v 1328 -572.097656 497.454529
vn 1 0 0
vt 0.42084986 0.326255679
v 1328 -683.902344 497.454529
vn 1 0 0
vt 0.430422157 0.326255679
f 4979/4979/4979 4978/4978/4978 4977/4977/4977 4976/4976/4976
v 1440 -480.799988 224
vn 1 0 0
vt 0.438006699 0.297754943
v 1440 -500 224
vn 1 0 0
vt 0.434651941 0.297754943
v 1440 -500 339.200012
vn 1 0 0
vt 0.434651941 0.325152159
v 1440 -436 339.200012
vn 1 0 0
vt 0.445834488 0.325152159
v 1440 -436 224
vn 1 0 0
vt 0.445834488 0.297754943
f 4984/4984/4984 4983/4983/4983 4982/4982/4982 4981/4981/4981 4980/4980/4980
v 1440 -500 224
vn 1 0 0
vt 0.467920065 0.480403304
v 1440 -500 160
vn 1 0 0
vt 0.467920065 0.465182662
v 1440 -628 160
vn 1 0 0
vt 0.445554942 0.465182662
v 1440 -628 339.200012
vn 1 0 0
vt 0.445554942 0.507800579
v 1440 -500 339.200012
vn 1 0 0
vt 0.467920065 0.507800579
f 4989/4989/4989 4988/4988/4988 4987/4987/4987 4986/4986/4986 4985/4985/4985
v 1440 -436 96
vn 1 0 0
vt 0.802524984 0.226027369
v 1440 -628 96
vn 1 0 0
vt 0.776432395 0.226027369
v 1440 -628 122.947365
vn 1 0 0
vt 0.776432395 0.251662254
v 1440 -436 122.947365
vn 1 0 0
vt 0.802524984 0.251662254
f 4993/4993/4993 4992/4992/4992 4991/4991/4991 4990/4990/4990
v 1440 -503.200012 896
vn 1 0 0
vt 0.449748397 0.325152159
v 1440 -436 896
vn 1 0 0
vt 0.461490065 0.325152159
v 1440 -436 768
vn 1 0 0
vt 0.461490065 0.294710815
f 4996/4996/4996 4995/4995/4995 4994/4994/4994
v 1440 -503.200012 627.200012
vn 1 0 0
vt 0.911587894 0.85483259
v 1440 -503.200012 896
vn 1 0 0
vt 0.911587894 0.918759525
v 1440 -436 768
vn 1 0 0
vt 0.923329592 0.888318121
v 1440 -436 640
vn 1 0 0
vt 0.923329592 0.857876718
v 1440 -436 627.200012
vn 1 0 0
vt 0.923329592 0.85483259
f 5001/5001/5001 5000/5000/5000 4999/4999/4999 4998/4998/4998 4997/4997/4997
v 1440 -660 896
vn 1 0 0
vt 0.927243471 0.918759525
v 1440 -503.200012 896
vn 1 0 0
vt 0.954640746 0.918759525
v 1440 -503.200012 627.200012
vn 1 0 0
vt 0.954640746 0.85483259
v 1440 -660 627.200012
vn 1 0 0
vt 0.927243471 0.85483259
f 5005/5005/5005 5004/5004/5004 5003/5003/5003 5002/5002/5002
v 1440 -628 384
vn 1 0 0
vt 0.193108752 0.573249638
v 1440 -660 384
vn 1 0 0
vt 0.187517464 0.573249638
v 1440 -660 627.200012
vn 1 0 0
vt 0.187517464 0.631088257
v 1440 -503.200012 627.200012
vn 1 0 0
vt 0.214914724 0.631088257
v 1440 -503.200012 384
vn 1 0 0
vt 0.214914724 0.573249638
f 5010/5010/5010 5009/5009/5009 5008/5008/5008 5007/5007/5007 5006/5006/5006
v 1440 -436 384
vn 1 0 0
vt 0.230570301 0.573249638
v 1440 -503.200012 384
vn 1 0 0
vt 0.218828619 0.573249638
v 1440 -503.200012 627.200012
vn 1 0 0
vt 0.218828619 0.631088257
v 1440 -436 627.200012
vn 1 0 0
vt 0.230570301 0.631088257
f 5014/5014/5014 5013/5013/5013 5012/5012/5012 5011/5011/5011
v 1440 -660 128
vn 1 0 0
vt 0.474627644 0.32496196
v 1440 -628 128
vn 1 0 0
vt 0.478976399 0.32496196
v 1440 -628 122.947365
vn 1 0 0
vt 0.478976399 0.320155382
v 1440 -628 96
vn 1 0 0
vt 0.478976399 0.294520557
v 1440 -724 96
vn 1 0 0
vt 0.465930074 0.294520557
v 1440 -724 128
vn 1 0 0
vt 0.465930074 0.32496196
f 5020/5020/5020 5019/5019/5019 5018/5018/5018 5017/5017/5017 5016/5016/5016 5015/5015/5015
v 1440 -660 384
vn 1 0 0
vt 0.582820773 0.0755327344
v 1440 -660 358.399994
vn 1 0 0
vt 0.582820773 0.069444418
v 1440 -724 358.399994
vn 1 0 0
vt 0.571638227 0.069444418
f 5023/5023/5023 5022/5022/5022 5021/5021/5021
v 1440 -724 595.200012
vn 1 0 0
vt 0.959113777 0.911149144
v 1440 -724 627.200012
vn 1 0 0
vt 0.959113777 0.918759525
v 1440 -660 627.200012
vn 1 0 0
vt 0.970296323 0.918759525
v 1440 -660 384
vn 1 0 0
vt 0.970296323 0.860920846
v 1440 -724 358.399994
vn 1 0 0
vt 0.959113777 0.85483259
f 5028/5028/5028 5027/5027/5027 5026/5026/5026 5025/5025/5025 5024/5024/5024
v 1440 -724 864
vn 1 0 0
vt 0.974769354 0.911149144
v 1440 -724 896
vn 1 0 0
vt 0.974769354 0.918759525
v 1440 -660 896
vn 1 0 0
vt 0.9859519 0.918759525
v 1440 -660 627.200012
vn 1 0 0
vt 0.9859519 0.85483259
v 1440 -724 627.200012
vn 1 0 0
vt 0.974769354 0.85483259
f 5033/5033/5033 5032/5032/5032 5031/5031/5031 5030/5030/5030 5029/5029/5029
v 1440 -660 358.399994
vn 1 0 0
vt 0.698280632 0.0329147577
v 1440 -660 339.200012
vn 1 0 0
vt 0.698280632 0.0283485055
v 1440 -724 358.399994
vn 1 0 0
vt 0.687098145 0.0329147577
f 5036/5036/5036 5035/5035/5035 5034/5034/5034
v 1440 -724 326.399994
vn 1 0 0
vt 0.235043332 0.623477936
v 1440 -724 358.399994
vn 1 0 0
vt 0.235043332 0.631088257
v 1440 -660 339.200012
vn 1 0 0
vt 0.246225879 0.626522064
v 1440 -660 128
vn 1 0 0
vt 0.246225879 0.576293707
v 1440 -724 128
vn 1 0 0
vt 0.235043332 0.576293707
f 5041/5041/5041 5040/5040/5040 5039/5039/5039 5038/5038/5038 5037/5037/5037
v 1824 -628 384
vn 1 0 0
vt 0.589508116 0.0759132504
v 1824 -436 384
vn 1 0 0
vt 0.605519474 0.0759132504
v 1824 -436 339.200012
vn 1 0 0
vt 0.605519474 0.0667808056
v 1824 -660 339.200012
vn 1 0 0
vt 0.586839557 0.0667808056
v 1824 -660 384
vn 1 0 0
vt 0.586839557 0.0759132504
f 5046/5046/5046 5045/5045/5045 5044/5044/5044 5043/5043/5043 5042/5042/5042
v 1440 -660 358.399994
vn 0 1 0
vt 0.607632101 0.0706947446
v 1440 -660 384
vn 0 1 0
vt 0.607632101 0.0759132504
v 1664 -660 384
vn 0 1 0
vt 0.635029376 0.0759132504
v 1664 -660 339.200012
vn 0 1 0
vt 0.635029376 0.0667808056
v 1440 -660 339.200012
vn 0 1 0
vt 0.607632101 0.0667808056
f 5051/5051/5051 5050/5050/5050 5049/5049/5049 5048/5048/5048 5047/5047/5047
v 1824 -660 384
vn 0 1 0
vt 0.656555772 0.0759132504
v 1824 -660 339.200012
vn 0 1 0
vt 0.656555772 0.0667808056
v 1664 -660 339.200012
vn 0 1 0
vt 0.636986315 0.0667808056
v 1664 -660 384
vn 0 1 0
vt 0.636986315 0.0759132504
f 5055/5055/5055 5054/5054/5054 5053/5053/5053 5052/5052/5052
v 1600 -628 160
vn 0 1 0
vt 0.16536203 0.418664396
v 1792 -628 160
vn 0 1 0
vt 0.141878664 0.418664396
v 1792 -628 339.200012
vn 0 1 0
vt 0.141878664 0.455194056
v 1568 -628 339.200012
vn 0 1 0
vt 0.169275925 0.455194056
v 1568 -628 160
vn 0 1 0
vt 0.169275925 0.418664396
f 5060/5060/5060 5059/5059/5059 5058/5058/5058 5057/5057/5057 5056/5056/5056
v 1440 -628 160
vn 0 1 0
vt 0.186888456 0.418664396
v 1568 -628 160
vn 0 1 0
vt 0.171232879 0.418664396
v 1568 -628 339.200012
vn 0 1 0
vt 0.171232879 0.455194056
v 1440 -628 339.200012
vn 0 1 0
vt 0.186888456 0.455194056
f 5064/5064/5064 5063/5063/5063 5062/5062/5062 5061/5061/5061
v 1545.59998 -628 122.947365
vn 0 1 0
vt 0.384295493 0.00542235374
v 1440 -628 122.947365
vn 0 1 0
vt 0.372553825 0.00542235374
v 1440 -628 128
vn 0 1 0
vt 0.372553825 0.00666767359
v 1686.40002 -628 128
vn 0 1 0
vt 0.399951071 0.00666767359
v 1686.40002 -628 122.947365
vn 0 1 0
vt 0.399951071 0.00542235374
f 5069/5069/5069 5068/5068/5068 5067/5067/5067 5066/5066/5066 5065/5065/5065
v 1792 -628 122.947365
vn 0 1 0
vt 0.415606648 0.00542235374
v 1686.40002 -628 122.947365
vn 0 1 0
vt 0.40386498 0.00542235374
v 1686.40002 -628 128
vn 0 1 0
vt 0.40386498 0.00666767359
v 1792 -628 128
vn 0 1 0
vt 0.415606648 0.00666767359
f 5073/5073/5073 5072/5072/5072 5071/5071/5071 5070/5070/5070
v 1600 -500 160
vn 0 0 1
vt 0.875667155 0.612328768
v 1600 -436 160
vn 0 0 1
vt 0.875667155 0.629680395
v 1664 -436 160
vn 0 0 1
vt 0.882783294 0.629680395
v 1792 -436 160
vn 0 0 1
vt 0.897015631 0.629680395
v 1792 -628 160
vn 0 0 1
vt 0.897015631 0.577625573
v 1600 -628 160
vn 0 0 1
vt 0.875667155 0.577625573
f 5079/5079/5079 5078/5078/5078 5077/5077/5077 5076/5076/5076 5075/5075/5075 5074/5074/5074
v 1568 -628 160
vn 0 0 1
vt 0.0873732418 0.331050217
v 1440 -628 160
vn 0 0 1
vt 0.0731408969 0.331050217
v 1440 -500 160
vn 0 0 1
vt 0.0731408969 0.365753472
v 1600 -500 160
vn 0 0 1
vt 0.0909313336 0.365753472
v 1600 -628 160
vn 0 0 1
vt 0.0909313336 0.331050217
f 5084/5084/5084 5083/5083/5083 5082/5082/5082 5081/5081/5081 5080/5080/5080
v 1440 -503.200012 384
vn 0 0 1
vt 0.188845396 0.445464909
v 1440 -436 384
vn 0 0 1
vt 0.188845396 0.458540916
v 1664 -436 384
vn 0 0 1
vt 0.216242656 0.458540916
v 1664 -628 384
vn 0 0 1
vt 0.216242656 0.421180964
v 1440 -628 384
vn 0 0 1
vt 0.188845396 0.421180964
f 5089/5089/5089 5088/5088/5088 5087/5087/5087 5086/5086/5086 5085/5085/5085
v 1824 -628 384
vn 0 0 1
vt 0.237769082 0.421180964
v 1664 -628 384
vn 0 0 1
vt 0.218199611 0.421180964
v 1664 -436 384
vn 0 0 1
vt 0.218199611 0.458540916
v 1824 -436 384
vn 0 0 1
vt 0.237769082 0.458540916
f 5093/5093/5093 5092/5092/5092 5091/5091/5091 5090/5090/5090
v 1792 -628 339.200012
vn 1 0 0
vt 0.263209403 0.455194056
v 1792 -628 160
vn 1 0 0
vt 0.263209403 0.418664396
v 1792 -436 160
vn 1 0 0
vt 0.239726022 0.418664396
v 1792 -436 339.200012
vn 1 0 0
vt 0.239726022 0.455194056
f 5097/5097/5097 5096/5096/5096 5095/5095/5095 5094/5094/5094
v 1792 -628 339.200012
vn 0 0 1
vt 0.265166342 0.421180964
v 1792 -436 339.200012
vn 0 0 1
vt 0.265166342 0.458540916
v 1568 -436 339.200012
vn 0 0 1
vt 0.292563587 0.458540916
v 1568 -628 339.200012
vn 0 0 1
vt 0.292563587 0.421180964
f 5101/5101/5101 5100/5100/5100 5099/5099/5099 5098/5098/5098
v 1440 -500 339.200012
vn 0 0 1
vt 0.310176134 0.446087599
v 1440 -628 339.200012
vn 0 0 1
vt 0.310176134 0.421180964
v 1568 -628 339.200012
vn 0 0 1
vt 0.294520557 0.421180964
v 1568 -436 339.200012
vn 0 0 1
vt 0.294520557 0.458540916
v 1440 -436 339.200012
vn 0 0 1
vt 0.310176134 0.458540916
f 5106/5106/5106 5105/5105/5105 5104/5104/5104 5103/5103/5103 5102/5102/5102
v 1600 -480.799988 224
vn 1 0 0
vt 0.472994119 0.509132385
v 1600 -436 224
vn 1 0 0
vt 0.478473574 0.509132385
v 1600 -436 160
vn 1 0 0
vt 0.478473574 0.46347034
v 1600 -500 160
vn 1 0 0
vt 0.470645785 0.46347034
v 1600 -500 224
vn 1 0 0
vt 0.470645785 0.509132385
f 5111/5111/5111 5110/5110/5110 5109/5109/5109 5108/5108/5108 5107/5107/5107
v 1600 -500 224
vn 0 1 0
vt 0.5 0.509132385
v 1600 -500 160
vn 0 1 0
vt 0.5 0.46347034
v 1440 -500 160
vn 0 1 0
vt 0.480430514 0.46347034
v 1440 -500 224
vn 0 1 0
vt 0.480430514 0.509132385
f 5115/5115/5115 5114/5114/5114 5113/5113/5113 5112/5112/5112
v 1440 -436 224
vn 0 0 1
vt 0.476516634 0.70091325
v 1600 -436 224
vn 0 0 1
vt 0.496086091 0.70091325
v 1600 -480.799988 224
vn 0 0 1
vt 0.496086091 0.636986315
v 1440 -480.799988 224
vn 0 0 1
vt 0.476516634 0.636986315
f 5119/5119/5119 5118/5118/5118 5117/5117/5117 5116/5116/5116
v 1440 -500 224
vn 0 0 1
vt 0.805283785 0.226027369
v 1440 -480.799988 224
vn 0 0 1
vt 0.805283785 0.253424644
v 1600 -480.799988 224
vn 0 0 1
vt 0.824853241 0.253424644
v 1600 -500 224
vn 0 0 1
vt 0.824853241 0.226027369
f 5123/5123/5123 5122/5122/5122 5121/5121/5121 5120/5120/5120
v 1792 -628 128
vn 1 0 0
vt 0.417808205 0.00666767359
v 1792 -436 128
vn 1 0 0
vt 0.440117419 0.00666767359
v 1792 -436 122.947365
vn 1 0 0
vt 0.440117419 0.00542235374
v 1792 -628 122.947365
vn 1 0 0
vt 0.417808205 0.00542235374
f 5127/5127/5127 5126/5126/5126 5125/5125/5125 5124/5124/5124
v 1686.40002 -628 122.947365
vn 0 0 1
vt 0.911203504 0.577625573
v 1792 -628 122.947365
vn 0 0 1
vt 0.899461865 0.577625573
v 1792 -436 122.947365
vn 0 0 1
vt 0.899461865 0.629680395
v 1545.59998 -436 122.947365
vn 0 0 1
vt 0.926859081 0.629680395
v 1545.59998 -628 122.947365
vn 0 0 1
vt 0.926859081 0.577625573
f 5132/5132/5132 5131/5131/5131 5130/5130/5130 5129/5129/5129 5128/5128/5128
v 1440 -628 122.947365
vn 0 0 1
vt 0.942514658 0.577625573
v 1545.59998 -628 122.947365
vn 0 0 1
vt 0.93077302 0.577625573
v 1545.59998 -436 122.947365
vn 0 0 1
vt 0.93077302 0.629680395
v 1440 -436 122.947365
vn 0 0 1
vt 0.942514658 0.629680395
f 5136/5136/5136 5135/5135/5135 5134/5134/5134 5133/5133/5133
v 1440 -660 384
vn 0 0 1
vt 0.701565564 0.0268265009
v 1440 -628 384
vn 0 0 1
vt 0.701565564 0.0330531001
v 1664 -628 384
vn 0 0 1
vt 0.728962839 0.0330531001
v 1664 -660 384
vn 0 0 1
vt 0.728962839 0.0268265009
f 5140/5140/5140 5139/5139/5139 5138/5138/5138 5137/5137/5137
v 1664 -660 384
vn 0 0 1
vt 0.730919778 0.0268265009
v 1664 -628 384
vn 0 0 1
vt 0.730919778 0.0330531001
v 1824 -628 384
vn 0 0 1
vt 0.750489235 0.0330531001
v 1824 -660 384
vn 0 0 1
vt 0.750489235 0.0268265009
f 5144/5144/5144 5143/5143/5143 5142/5142/5142 5141/5141/5141
v 1344 -561.72583 864
vn 0 0 1
vt 0.505870819 0.665032625
v 1344 -660 864
vn 0 0 1
vt 0.505870819 0.636986315
v 1408 -660 864
vn 0 0 1
vt 0.49804306 0.636986315
v 1408 -436 864
vn 0 0 1
vt 0.49804306 0.70091325
v 1344 -436 864
vn 0 0 1
vt 0.505870819 0.70091325
f 5149/5149/5149 5148/5148/5148 5147/5147/5147 5146/5146/5146 5145/5145/5145
v 1344 -694.27417 864
vn 0 0 1
vt 0.00880626217 0.111223102
v 1344 -724 864
vn 0 0 1
vt 0.00880626217 0.102739751
v 1408 -724 864
vn 0 0 1
vt 0.000978473574 0.102739751
v 1408 -660 864
vn 0 0 1
vt 0.000978473574 0.121004581
v 1344 -660 864
vn 0 0 1
vt 0.00880626217 0.121004581
f 5154/5154/5154 5153/5153/5153 5152/5152/5152 5151/5151/5151 5150/5150/5150
v 1344 -436 864
vn 0 0 1
vt 0.0929549932 0.367579937
v 1328 -436 864
vn 0 0 1
vt 0.0949119404 0.367579937
v 1328 -541.72583 864
vn 0 0 1
vt 0.0949119404 0.337406993
v 1344 -561.72583 864
vn 0 0 1
vt 0.0929549932 0.331699252
f 5158/5158/5158 5157/5157/5157 5156/5156/5156 5155/5155/5155
v 1344 -724 864
vn 0 0 1
vt 0.752446175 0.0251141787
v 1344 -694.27417 864
vn 0 0 1
vt 0.752446175 0.0335975289
v 1328 -714.27417 864
vn 0 0 1
vt 0.754403114 0.0278897882
v 1328 -724 864
vn 0 0 1
vt 0.754403114 0.0251141787
f 5162/5162/5162 5161/5161/5161 5160/5160/5160 5159/5159/5159
v 1328 -436 896
vn 0 0 1
vt 0.507827818 0.70091325
v 1408 -436 896
vn 0 0 1
vt 0.517612517 0.70091325
v 1408 -660 896
vn 0 0 1
vt 0.517612517 0.636986315
v 1328 -660 896
vn 0 0 1
vt 0.507827818 0.636986315
f 5166/5166/5166 5165/5165/5165 5164/5164/5164 5163/5163/5163
v 1328 -660 896
vn 0 0 1
vt 0.0107632093 0.121004581
v 1408 -660 896
vn 0 0 1
vt 0.0205479451 0.121004581
v 1408 -724 896
vn 0 0 1
vt 0.0205479451 0.102739751
v 1328 -724 896
vn 0 0 1
vt 0.0107632093 0.102739751
f 5170/5170/5170 5169/5169/5169 5168/5168/5168 5167/5167/5167
v 1408 -724 128
vn 0 0 1
vt 0.0281311162 0.104335785
v 1344 -724 128
vn 0 0 1
vt 0.0225398373 0.104335785
v 1344 -694.27417 128
vn 0 0 1
vt 0.0225398373 0.110619783
v 1408 -660 128
vn 0 0 1
vt 0.0281311162 0.117865324
f 5174/5174/5174 5173/5173/5173 5172/5172/5172 5171/5171/5171
v 1344 -561.72583 128
vn 0 0 1
vt 0.249545693 0.604393721
v 1344 -436 128
vn 0 0 1
vt 0.249545693 0.630972028
v 1408 -436 128
vn 0 0 1
vt 0.255136997 0.630972028
v 1408 -660 128
vn 0 0 1
vt 0.255136997 0.58361876
v 1344 -694.27417 128
vn 0 0 1
vt 0.249545693 0.576373219
f 5179/5179/5179 5178/5178/5178 5177/5177/5177 5176/5176/5176 5175/5175/5175
v 1328 -541.72583 128
vn 0 0 1
vt 0.482981563 0.302685678
v 1328 -436 128
vn 0 0 1
vt 0.482981563 0.325035989
v 1344 -436 128
vn 0 0 1
vt 0.484379351 0.325035989
v 1344 -561.72583 128
vn 0 0 1
vt 0.484379351 0.298457682
f 5183/5183/5183 5182/5182/5182 5181/5181/5181 5180/5180/5180
v 1328 -714.27417 128
vn 0 0 1
vt 0.756954193 0.0287662148
v 1344 -694.27417 128
vn 0 0 1
vt 0.758351982 0.0329942107
v 1344 -724 128
vn 0 0 1
vt 0.758351982 0.0267102122
v 1328 -724 128
vn 0 0 1
vt 0.756954193 0.0267102122
f 5187/5187/5187 5186/5186/5186 5185/5185/5185 5184/5184/5184
v 1344 -694.27417 128
vn 1 0 0
vt 0.488790751 0.296828449
v 1344 -694.27417 340.363647
vn 1 0 0
vt 0.488790751 0.323178947
v 1344 -561.72583 340.363647
vn 1 0 0
vt 0.503381491 0.323178947
v 1344 -561.72583 128
vn 1 0 0
vt 0.503381491 0.296828449
f 5191/5191/5191 5190/5190/5190 5189/5189/5189 5188/5188/5188
v 1344 -660 864
vn 1 0 0
vt 0.00410958985 0.846803665
v 1344 -561.72583 864
vn 1 0 0
vt 0.012523476 0.846803665
v 1344 -561.72583 497.454529
vn 1 0 0
vt 0.012523476 0.78287673
v 1344 -694.27417 497.454529
vn 1 0 0
vt 0.00117515819 0.78287673
v 1344 -694.27417 864
vn 1 0 0
vt 0.00117515819 0.846803665
f 5196/5196/5196 5195/5195/5195 5194/5194/5194 5193/5193/5193 5192/5192/5192
v 1344 -561.72583 340.363647
vn 1 0 0
vt 0.517415881 0.298858404
v 1344 -694.27417 340.363647
vn 1 0 0
vt 0.506067514 0.298858404
v 1344 -694.27417 497.454529
vn 1 0 0
vt 0.506067514 0.326255679
v 1344 -561.72583 497.454529
vn 1 0 0
vt 0.517415881 0.326255679
f 5200/5200/5200 5199/5199/5199 5198/5198/5198 5197/5197/5197
v 1408 -660 128
vn 1 0 0
vt 0.719178081 0.201864541
v 1408 -436 128
vn 1 0 0
vt 0.691780806 0.201864541
v 1408 -436 149.333328
vn 1 0 0
vt 0.691780806 0.203132927
v 1408 -436 160
vn 1 0 0
vt 0.691780806 0.203767121
v 1408 -436 384
vn 1 0 0
vt 0.691780806 0.217085242
f 5205/5205/5205 5204/5204/5204 5203/5203/5203 5202/5202/5202 5201/5201/5201
v 1408 -660 864
vn 1 0 0
vt 0.656555772 0.565258741
v 1408 -660 128
vn 1 0 0
vt 0.656555772 0.521499276
v 1408 -436 384
vn 1 0 0
vt 0.629158497 0.536719918
v 1408 -436 640
vn 1 0 0
vt 0.629158497 0.55194068
v 1408 -436 768
vn 1 0 0
vt 0.629158497 0.559551001
v 1408 -436 864
vn 1 0 0
vt 0.629158497 0.565258741
f 5211/5211/5211 5210/5210/5210 5209/5209/5209 5208/5208/5208 5207/5207/5207 5206/5206/5206
v 1408 -724 864
vn 1 0 0
vt 0.66634053 0.565258741
v 1408 -724 128
vn 1 0 0
vt 0.66634053 0.521499276
v 1408 -660 128
vn 1 0 0
vt 0.658512712 0.521499276
v 1408 -660 864
vn 1 0 0
vt 0.658512712 0.565258741
f 5215/5215/5215 5214/5214/5214 5213/5213/5213 5212/5212/5212
v 1344 -561.72583 128
vn 0.780868828 0.624695063 0
vt 0.519615352 0.296828449
v 1344 -561.72583 340.363647
vn 0.780868828 0.624695063 0
vt 0.519615352 0.323178947
v 1328 -541.72583 340.363647
vn 0.780868828 0.624695063 0
vt 0.522560894 0.323178947
v 1328 -541.72583 128
vn 0.780868828 0.624695063 0
vt 0.522560894 0.296828449
f 5219/5219/5219 5218/5218/5218 5217/5217/5217 5216/5216/5216
v 1344 -561.72583 864
vn 0.780868828 0.624695063 0
vt 0.0152727636 0.846803665
v 1328 -541.72583 864
vn 0.780868828 0.624695063 0
vt 0.0178730879 0.846803665
v 1328 -541.72583 497.454529
vn 0.780868828 0.624695063 0
vt 0.0178730879 0.78287673
v 1344 -561.72583 497.454529
vn 0.780868828 0.624695063 0
vt 0.0152727636 0.78287673
f 5223/5223/5223 5222/5222/5222 5221/5221/5221 5220/5220/5220
v 1344 -561.72583 497.454529
vn 0.780868828 0.624695063 0
vt 0.526035964 0.326255679
v 1328 -541.72583 497.454529
vn 0.780868828 0.624695063 0
vt 0.528636277 0.326255679
v 1328 -541.72583 340.363647
vn 0.780868828 0.624695063 0
vt 0.528636277 0.298858404
v 1344 -561.72583 340.363647
vn 0.780868828 0.624695063 0
vt 0.526035964 0.298858404
f 5227/5227/5227 5226/5226/5226 5225/5225/5225 5224/5224/5224
v 1344 -694.27417 128
vn 0.780868828 -0.624695063 0
vt 0.535350263 0.296828449
v 1328 -714.27417 128
vn 0.780868828 -0.624695063 0
vt 0.532404721 0.296828449
v 1328 -714.27417 340.363647
vn 0.780868828 -0.624695063 0
vt 0.532404721 0.323178947
v 1344 -694.27417 340.363647
vn 0.780868828 -0.624695063 0
vt 0.535350263 0.323178947
f 5231/5231/5231 5230/5230/5230 5229/5229/5229 5228/5228/5228
v 1344 -694.27417 497.454529
vn 0.780868828 -0.624695063 0
vt 0.0242205877 0.78287673
v 1328 -714.27417 497.454529
vn 0.780868828 -0.624695063 0
vt 0.0216202624 0.78287673
v 1328 -714.27417 864
vn 0.780868828 -0.624695063 0
vt 0.0216202624 0.846803665
v 1344 -694.27417 864
vn 0.780868828 -0.624695063 0
vt 0.0242205877 0.846803665
f 5235/5235/5235 5234/5234/5234 5233/5233/5233 5232/5232/5232
v 1344 -694.27417 340.363647
vn 0.780868828 -0.624695063 0
vt 0.542811573 0.298858404
v 1328 -714.27417 340.363647
vn 0.780868828 -0.624695063 0
vt 0.54021126 0.298858404
v 1328 -714.27417 497.454529
vn 0.780868828 -0.624695063 0
vt 0.54021126 0.326255679
v 1344 -694.27417 497.454529
vn 0.780868828 -0.624695063 0
vt 0.542811573 0.326255679
f 5239/5239/5239 5238/5238/5238 5237/5237/5237 5236/5236/5236
v 1440 -628 96
vn 0 0 1
vt 0.520932317 0.658876657
v 1440 -436 96
vn 0 0 1
vt 0.520932317 0.699465156
v 1408 -436 96
vn 0 0 1
vt 0.523728013 0.699465156
v 1328 -436 96
vn 0 0 1
vt 0.530717075 0.699465156
v 1328 -724 96
vn 0 0 1
vt 0.530717075 0.638582349
v 1440 -724 96
vn 0 0 1
vt 0.520932317 0.638582349
f 5245/5245/5245 5244/5244/5244 5243/5243/5243 5242/5242/5242 5241/5241/5241 5240/5240/5240
v 1024 -660 864
vn 1 0 0
vt 0.762230933 0.0310121775
v 1024 -564 864
vn 1 0 0
vt 0.773972631 0.0310121775
v 1024 -564 800
vn 1 0 0
vt 0.773972631 0.0272069573
f 5248/5248/5248 5247/5247/5247 5246/5246/5246
v 1024 -564 768
vn 1 0 0
vt 0.0499021523 0.112062454
v 1024 -564 640
vn 1 0 0
vt 0.0499021523 0.104452074
v 1024 -592.799988 640
vn 1 0 0
vt 0.0463796481 0.104452074
v 1024 -724 640
vn 1 0 0
vt 0.0303326808 0.104452074
v 1024 -724 864
vn 1 0 0
vt 0.0303326808 0.117770195
v 1024 -660 864
vn 1 0 0
vt 0.0381604694 0.117770195
v 1024 -564 800
vn 1 0 0
vt 0.0499021523 0.113964975
f 5255/5255/5255 5254/5254/5254 5253/5253/5253 5252/5252/5252 5251/5251/5251 5250/5250/5250 5249/5249/5249
v 1024 -532 736
vn 1 0 0
vt 0.0551332235 0.116438329
v 1024 -532 640
vn 1 0 0
vt 0.0551332235 0.102739751
v 1024 -564 640
vn 1 0 0
vt 0.0521225333 0.102739751
v 1024 -564 768
vn 1 0 0
vt 0.0521225333 0.121004581
v 1024 -532 768
vn 1 0 0
vt 0.0551332235 0.121004581
f 5260/5260/5260 5259/5259/5259 5258/5258/5258 5257/5257/5257 5256/5256/5256
v 1024 -436 736
vn 1 0 0
vt 0.786648273 0.0251141787
v 1024 -532 736
vn 1 0 0
vt 0.775974035 0.0251141787
v 1024 -532 768
vn 1 0 0
vt 0.775974035 0.0342465639
v 1024 -436 768
vn 1 0 0
vt 0.786648273 0.0342465639
f 5264/5264/5264 5263/5263/5263 5262/5262/5262 5261/5261/5261
v 1024 -532 768
vn 1 0 0
vt 0.793542087 0.0251141787
v 1024 -564 768
vn 1 0 0
vt 0.789628208 0.0251141787
v 1024 -564 800
vn 1 0 0
vt 0.789628208 0.0342465639
v 1024 -436 800
vn 1 0 0
vt 0.805283785 0.0342465639
v 1024 -436 768
vn 1 0 0
vt 0.805283785 0.0251141787
f 5269/5269/5269 5268/5268/5268 5267/5267/5267 5266/5266/5266 5265/5265/5265
v 1024 -436 800
vn 1 0 0
vt 0.674168289 0.0693492889
v 1024 -564 800
vn 1 0 0
vt 0.658512712 0.0693492889
v 1024 -564 864
vn 1 0 0
vt 0.658512712 0.0754375458
v 1024 -436 864
vn 1 0 0
vt 0.674168289 0.0754375458
f 5273/5273/5273 5272/5272/5272 5271/5271/5271 5270/5270/5270
v 1024 -564 249.600006
vn 1 0 0
vt 0.564579248 0.304984808
v 1024 -564 128
vn 1 0 0
vt 0.564579248 0.297754943
v 1024 -724 128
vn 1 0 0
vt 0.545009792 0.297754943
v 1024 -724 608
vn 1 0 0
vt 0.545009792 0.326293707
v 1024 -592.799988 608
vn 1 0 0
vt 0.561056793 0.326293707
v 1024 -564 608
vn 1 0 0
vt 0.564579248 0.326293707
f 5279/5279/5279 5278/5278/5278 5277/5277/5277 5276/5276/5276 5275/5275/5275 5274/5274/5274
v 1024 -564 608
vn 1 0 0
vt 0.0271220654 0.845890403
v 1024 -532 608
vn 1 0 0
vt 0.0295682494 0.845890403
v 1024 -532 249.600006
vn 1 0 0
vt 0.0295682494 0.781963468
v 1024 -564 249.600006
vn 1 0 0
vt 0.0271220654 0.781963468
f 5283/5283/5283 5282/5282/5282 5281/5281/5281 5280/5280/5280
v 1024 -564 128
vn 1 0 0
vt 0.721838295 0.198630154
v 1024 -564 249.600006
vn 1 0 0
vt 0.721838295 0.220319629
v 1024 -532 249.600006
vn 1 0 0
vt 0.72428447 0.220319629
v 1024 -532 128
vn 1 0 0
vt 0.72428447 0.198630154
f 5287/5287/5287 5286/5286/5286 5285/5285/5285 5284/5284/5284
v 1024 -532 608
vn 1 0 0
vt 0.5673244 0.326484025
v 1024 -436 608
vn 1 0 0
vt 0.573847592 0.326484025
v 1024 -436 384
vn 1 0 0
vt 0.573847592 0.294520557
f 5290/5290/5290 5289/5289/5289 5288/5288/5288
v 1024 -436 160
vn 1 0 0
vt 0.450559914 0.00684928894
v 1024 -436 128
vn 1 0 0
vt 0.450559914 0.00228309631
v 1024 -532 128
vn 1 0 0
vt 0.444036722 0.00228309631
f 5293/5293/5293 5292/5292/5292 5291/5291/5291
v 1024 -532 249.600006
vn 1 0 0
vt 0.0330778398 0.795890391
v 1024 -532 608
vn 1 0 0
vt 0.0330778398 0.847031951
v 1024 -436 384
vn 1 0 0
vt 0.0396009982 0.815068483
v 1024 -436 160
vn 1 0 0
vt 0.0396009982 0.783105016
v 1024 -532 128
vn 1 0 0
vt 0.0330778398 0.778538823
f 5298/5298/5298 5297/5297/5297 5296/5296/5296 5295/5295/5295 5294/5294/5294
v 1024 -436 96
vn 1 0 0
vt 0.679522753 0.079908669
v 1024 -436 0
vn 1 0 0
vt 0.679522753 0.0662100315
v 1024 -450.933319 0
vn 1 0 0
vt 0.678507984 0.0662100315
v 1024 -465.866669 0
vn 1 0 0
vt 0.677493274 0.0662100315
v 1024 -480.799988 0
vn 1 0 0
vt 0.676478565 0.0662100315
f 5303/5303/5303 5302/5302/5302 5301/5301/5301 5300/5300/5300 5299/5299/5299
v 1024 -532 96
vn 1 0 0
vt 0.682784259 0.079908669
v 1024 -436 96
vn 1 0 0
vt 0.689307451 0.079908669
v 1024 -480.799988 0
vn 1 0 0
vt 0.686263263 0.0662100315
v 1024 -495.733337 0
vn 1 0 0
vt 0.685248613 0.0662100315
v 1024 -510.666656 0
vn 1 0 0
vt 0.684233904 0.0662100315
v 1024 -525.599976 0
vn 1 0 0
vt 0.683219194 0.0662100315
v 1024 -532 0
vn 1 0 0
vt 0.682784259 0.0662100315
f 5310/5310/5310 5309/5309/5309 5308/5308/5308 5307/5307/5307 5306/5306/5306 5305/5305/5305 5304/5304/5304
v 1320.21936 -724 864
vn 0 0 1
vt 0.453984916 0.00228309631
v 1328 -724 864
vn 0 0 1
vt 0.453033268 0.00228309631
v 1328 -714.27417 864
vn 0 0 1
vt 0.453033268 0.00505876541
f 5313/5313/5313 5312/5312/5312 5311/5311/5311
v 1328 -436 864
vn 0 0 1
vt 0.576320946 0.326484025
v 1243.41931 -436 864
vn 0 0 1
vt 0.586665928 0.326484025
v 1269.01929 -468 864
vn 0 0 1
vt 0.583534777 0.31735158
v 1328 -541.72583 864
vn 0 0 1
vt 0.576320946 0.29631114
f 5317/5317/5317 5316/5316/5316 5315/5315/5315 5314/5314/5314
v 1162.98071 -468 864
vn 0 0 1
vt 0.82155329 0.0251141787
v 1269.01929 -468 864
vn 0 0 1
vt 0.808583736 0.0251141787
v 1243.41931 -436 864
vn 0 0 1
vt 0.811714828 0.0342465639
v 1184 -436 864
vn 0 0 1
vt 0.818982363 0.0342465639
v 1088 -436 864
vn 0 0 1
vt 0.830724061 0.0342465639
v 1088 -468 864
vn 0 0 1
vt 0.830724061 0.0251141787
f 5323/5323/5323 5322/5322/5322 5321/5321/5321 5320/5320/5320 5319/5319/5319 5318/5318/5318
v 1088 -468 864
vn 0 0 1
vt 0.836594939 0.253424644
v 1088 -561.72583 864
vn 0 0 1
vt 0.836594939 0.226676404
v 1120 -521.72583 864
vn 0 0 1
vt 0.832681 0.238091946
v 1162.98071 -468 864
vn 0 0 1
vt 0.827424109 0.253424644
f 5327/5327/5327 5326/5326/5326 5325/5325/5325 5324/5324/5324
v 1104 -572.097656 864
vn 0 0 1
vt 0.314090014 0.456593156
v 1104 -683.902344 864
vn 0 0 1
vt 0.314090014 0.424685419
v 1106.16016 -686.602539 864
vn 0 0 1
vt 0.313825816 0.42391479
v 1110.47815 -692 864
vn 0 0 1
vt 0.313297689 0.422374427
v 1120 -703.902344 864
vn 0 0 1
vt 0.312133074 0.418977618
f 5332/5332/5332 5331/5331/5331 5330/5330/5330 5329/5329/5329 5328/5328/5328
v 1295.92188 -724 864
vn 0 0 1
vt 0.505880415 0.46347034
v 1328 -683.902344 864
vn 0 0 1
vt 0.50195694 0.474913716
v 1328 -572.097656 864
vn 0 0 1
vt 0.50195694 0.506821454
v 1136.07812 -724 864
vn 0 0 1
vt 0.525430739 0.46347034
f 5336/5336/5336 5335/5335/5335 5334/5334/5334 5333/5333/5333
v 1328 -572.097656 864
vn 0 0 1
vt 0.838551879 0.22828263
v 1263.00757 -490.857147 864
vn 0 0 1
vt 0.846500993 0.251467705
v 1259.78137 -490.857147 864
vn 0 0 1
vt 0.846895635 0.251467705
f 5339/5339/5339 5338/5338/5338 5337/5337/5337
v 1120 -552.097656 864
vn 0 0 1
vt 0.0675146803 0.827597737
v 1104 -572.097656 864
vn 0 0 1
vt 0.0694716275 0.821889937
v 1120 -703.902344 864
vn 0 0 1
vt 0.0675146803 0.784274459
v 1136.07812 -724 864
vn 0 0 1
vt 0.0655481741 0.778538823
v 1328 -572.097656 864
vn 0 0 1
vt 0.0420743637 0.821889937
v 1259.78137 -490.857147 864
vn 0 0 1
vt 0.0504181311 0.845075011
v 1168.99243 -490.857147 864
vn 0 0 1
vt 0.0615224503 0.845075011
f 5346/5346/5346 5345/5345/5345 5344/5344/5344 5343/5343/5343 5342/5342/5342 5341/5341/5341 5340/5340/5340
v 1088 -694.27417 864
vn 0 0 1
vt 0.836594939 0.0335975289
v 1088 -724 864
vn 0 0 1
vt 0.836594939 0.0251141787
v 1111.78064 -724 864
vn 0 0 1
vt 0.833686292 0.0251141787
f 5349/5349/5349 5348/5348/5348 5347/5347/5347
v 1088 -468 864
vn 0 0 1
vt 0.838551879 0.0251141787
v 1088 -436 864
vn 0 0 1
vt 0.838551879 0.0342465639
v 1024 -436 864
vn 0 0 1
vt 0.846379638 0.0342465639
f 5352/5352/5352 5351/5351/5351 5350/5350/5350
v 1024 -564 864
vn 0 0 1
vt 0.541095912 0.664383531
v 1024 -660 864
vn 0 0 1
vt 0.541095912 0.636986315
v 1088 -660 864
vn 0 0 1
vt 0.533268094 0.636986315
v 1088 -561.72583 864
vn 0 0 1
vt 0.533268094 0.665032625
v 1088 -468 864
vn 0 0 1
vt 0.533268094 0.691780806
v 1024 -436 864
vn 0 0 1
vt 0.541095912 0.70091325
f 5358/5358/5358 5357/5357/5357 5356/5356/5356 5355/5355/5355 5354/5354/5354 5353/5353/5353
v 1088 -694.27417 864
vn 0 0 1
vt 0.0577299409 0.111223102
v 1088 -660 864
vn 0 0 1
vt 0.0577299409 0.121004581
v 1024 -660 864
vn 0 0 1
vt 0.0655577332 0.121004581
v 1024 -724 864
vn 0 0 1
vt 0.0655577332 0.102739751
v 1088 -724 864
vn 0 0 1
vt 0.0577299409 0.102739751
f 5363/5363/5363 5362/5362/5362 5361/5361/5361 5360/5360/5360 5359/5359/5359
v 1328 -436 896
vn 0 0 1
vt 0.552837551 0.70091325
v 1328 -660 896
vn 0 0 1
vt 0.552837551 0.636986315
v 1248 -660 896
vn 0 0 1
vt 0.543052852 0.636986315
v 1248 -436 896
vn 0 0 1
vt 0.543052852 0.70091325
f 5367/5367/5367 5366/5366/5366 5365/5365/5365 5364/5364/5364
v 1024 -436 896
vn 0 0 1
vt 0.55479455 0.70091325
v 1248 -436 896
vn 0 0 1
vt 0.582191765 0.70091325
v 1248 -660 896
vn 0 0 1
vt 0.582191765 0.636986315
v 1024 -660 896
vn 0 0 1
vt 0.55479455 0.636986315
f 5371/5371/5371 5370/5370/5370 5369/5369/5369 5368/5368/5368
v 1024 -660 896
vn 0 0 1
vt 0.0675146803 0.121004581
v 1248 -660 896
vn 0 0 1
vt 0.0949119404 0.121004581
v 1248 -724 896
vn 0 0 1
vt 0.0949119404 0.102739751
v 1024 -724 896
vn 0 0 1
vt 0.0675146803 0.102739751
f 5375/5375/5375 5374/5374/5374 5373/5373/5373 5372/5372/5372
v 1328 -724 896
vn 0 0 1
vt 0.106653623 0.102739751
v 1248 -724 896
vn 0 0 1
vt 0.0968688875 0.102739751
v 1248 -660 896
vn 0 0 1
vt 0.0968688875 0.121004581
v 1328 -660 896
vn 0 0 1
vt 0.106653623 0.121004581
f 5379/5379/5379 5378/5378/5378 5377/5377/5377 5376/5376/5376
v 1328 -714.27417 128
vn 0 0 1
vt 0.459498197 0.00593519211
v 1328 -724 128
vn 0 0 1
vt 0.459498197 0.00387918949
v 1320.21936 -724 128
vn 0 0 1
vt 0.458818436 0.00387918949
f 5382/5382/5382 5381/5381/5381 5380/5380/5380
v 1328 -436 128
vn 0 0 1
vt 0.858715415 0.251976609
v 1328 -541.72583 128
vn 0 0 1
vt 0.858715415 0.229626298
v 1269.01929 -468 128
vn 0 0 1
vt 0.853562653 0.24521178
v 1243.41931 -436 128
vn 0 0 1
vt 0.851326108 0.251976609
f 5386/5386/5386 5385/5385/5385 5384/5384/5384 5383/5383/5383
v 1162.98071 -468 128
vn 0 0 1
vt 0.856040418 0.0260336995
v 1088 -468 128
vn 0 0 1
vt 0.849489808 0.0260336995
v 1088 -436 128
vn 0 0 1
vt 0.849489808 0.0327985287
v 1243.41931 -436 128
vn 0 0 1
vt 0.863067806 0.0327985287
v 1269.01929 -468 128
vn 0 0 1
vt 0.865304291 0.0260336995
f 5391/5391/5391 5390/5390/5390 5389/5389/5389 5388/5388/5388 5387/5387/5387
v 1088 -561.72583 128
vn 0 0 1
vt 0.863188446 0.229964495
v 1088 -468 128
vn 0 0 1
vt 0.863188446 0.249778032
v 1162.98071 -468 128
vn 0 0 1
vt 0.869739056 0.249778032
f 5394/5394/5394 5393/5393/5393 5392/5392/5392
v 1261.83423 -485.777771 128
vn 0 0 1
vt 0.741388917 0.218622565
v 1328 -568.484924 128
vn 0 0 1
vt 0.747169435 0.201138437
v 1104 -568.484924 128
vn 0 0 1
vt 0.727599978 0.201138437
v 1168.27734 -488.138275 128
vn 0 0 1
vt 0.733215451 0.218123555
v 1170.16577 -485.777771 128
vn 0 0 1
vt 0.733380377 0.218622565
f 5399/5399/5399 5398/5398/5398 5397/5397/5397 5396/5396/5396 5395/5395/5395
v 1328 -687.515076 128
vn 0 0 1
vt 0.700202703 0.0755189657
v 1298.81201 -724 128
vn 0 0 1
vt 0.697652757 0.0678060651
v 1252.1864 -724 128
vn 0 0 1
vt 0.693579316 0.0678060651
f 5402/5402/5402 5401/5401/5401 5400/5400/5400
v 1133.18799 -724 128
vn 0 0 1
vt 0.706666529 0.0678060651
v 1104 -687.515076 128
vn 0 0 1
vt 0.704116583 0.0755189657
v 1104 -683.902344 128
vn 0 0 1
vt 0.704116583 0.0762827396
f 5405/5405/5405 5404/5404/5404 5403/5403/5403
v 1179.8136 -724 128
vn 0 0 1
vt 0.104086317 0.332646251
v 1133.18799 -724 128
vn 0 0 1
vt 0.100012928 0.332646251
v 1104 -683.902344 128
vn 0 0 1
vt 0.0974629596 0.341122925
v 1104 -568.484924 128
vn 0 0 1
vt 0.0974629596 0.365521967
v 1328 -568.484924 128
vn 0 0 1
vt 0.117032431 0.365521967
v 1328 -687.515076 128
vn 0 0 1
vt 0.117032431 0.340359151
v 1252.1864 -724 128
vn 0 0 1
vt 0.110409074 0.332646251
f 5412/5412/5412 5411/5411/5411 5410/5410/5410 5409/5409/5409 5408/5408/5408 5407/5407/5407 5406/5406/5406
v 1111.78064 -724 128
vn 0 0 1
vt 0.871136785 0.0267102122
v 1088 -724 128
vn 0 0 1
vt 0.869059265 0.0267102122
v 1088 -694.27417 128
vn 0 0 1
vt 0.869059265 0.0329942107
f 5415/5415/5415 5414/5414/5414 5413/5413/5413
v 1088 -468 128
vn 0 0 1
vt 0.597043633 0.31827116
v 1088 -561.72583 128
vn 0 0 1
vt 0.597043633 0.298457682
v 1024 -532 128
vn 0 0 1
vt 0.59145236 0.304741681
v 1024 -436 128
vn 0 0 1
vt 0.59145236 0.325035989
v 1088 -436 128
vn 0 0 1
vt 0.597043633 0.325035989
f 5420/5420/5420 5419/5419/5419 5418/5418/5418 5417/5417/5417 5416/5416/5416
v 1024 -564 128
vn 0 0 1
vt 0.710826099 0.0696663857
v 1024 -532 128
vn 0 0 1
vt 0.710826099 0.0764312148
v 1088 -561.72583 128
vn 0 0 1
vt 0.716417432 0.0701471567
f 5423/5423/5423 5422/5422/5422 5421/5421/5421
v 1088 -694.27417 128
vn 0 0 1
vt 0.127376288 0.338930309
v 1088 -724 128
vn 0 0 1
vt 0.127376288 0.332646251
v 1024 -724 128
vn 0 0 1
vt 0.121785015 0.332646251
v 1024 -564 128
vn 0 0 1
vt 0.121785015 0.366470039
v 1088 -561.72583 128
vn 0 0 1
vt 0.127376288 0.36695081
f 5428/5428/5428 5427/5427/5427 5426/5426/5426 5425/5425/5425 5424/5424/5424
v 1088 -561.72583 340.363647
vn 1 0 0
vt 0.60033673 0.323178947
v 1088 -694.27417 340.363647
vn 1 0 0
vt 0.614927411 0.323178947
v 1088 -694.27417 128
vn 1 0 0
vt 0.614927411 0.296828449
v 1088 -561.72583 128
vn 1 0 0
vt 0.60033673 0.296828449
f 5432/5432/5432 5431/5431/5431 5430/5430/5430 5429/5429/5429
v 1320.21936 -724 128
vn 0.780868828 -0.624695063 0
vt 0.619034946 0.296828449
v 1320.21936 -724 340.363647
vn 0.780868828 -0.624695063 0
vt 0.619034946 0.323178947
v 1328 -714.27417 340.363647
vn 0.780868828 -0.624695063 0
vt 0.620467305 0.323178947
v 1328 -714.27417 128
vn 0.780868828 -0.624695063 0
vt 0.620467305 0.296828449
f 5436/5436/5436 5435/5435/5435 5434/5434/5434 5433/5433/5433
v 1320.21936 -724 864
vn 0.780868828 -0.624695063 0
vt 0.0731933117 0.846803665
v 1328 -714.27417 864
vn 0.780868828 -0.624695063 0
vt 0.0744578391 0.846803665
v 1328 -714.27417 497.454529
vn 0.780868828 -0.624695063 0
vt 0.0744578391 0.78287673
v 1320.21936 -724 497.454529
vn 0.780868828 -0.624695063 0
vt 0.0731933117 0.78287673
f 5440/5440/5440 5439/5439/5439 5438/5438/5438 5437/5437/5437
v 1320.21936 -724 497.454529
vn 0.780868828 -0.624695063 0
vt 0.625052452 0.326255679
v 1328 -714.27417 497.454529
vn 0.780868828 -0.624695063 0
vt 0.626316905 0.326255679
v 1328 -714.27417 340.363647
vn 0.780868828 -0.624695063 0
vt 0.626316905 0.298858404
v 1320.21936 -724 340.363647
vn 0.780868828 -0.624695063 0
vt 0.625052452 0.298858404
f 5444/5444/5444 5443/5443/5443 5442/5442/5442 5441/5441/5441
v 1328 -541.72583 128
vn 0.780868828 0.624695063 0
vt 0.630192995 0.296828449
v 1328 -541.72583 340.363647
vn 0.780868828 0.624695063 0
vt 0.630192995 0.323178947
v 1269.01929 -468 340.363647
vn 0.780868828 0.624695063 0
vt 0.641051352 0.323178947
v 1269.01929 -468 128
vn 0.780868828 0.624695063 0
vt 0.641051352 0.296828449
f 5448/5448/5448 5447/5447/5447 5446/5446/5446 5445/5445/5445
v 1328 -541.72583 864
vn 0.780868828 0.624695063 0
vt 0.0785384476 0.846803665
v 1269.01929 -468 864
vn 0.780868828 0.624695063 0
vt 0.0881240293 0.846803665
v 1269.01929 -468 497.454529
vn 0.780868828 0.624695063 0
vt 0.0881240293 0.78287673
v 1328 -541.72583 497.454529
vn 0.780868828 0.624695063 0
vt 0.0785384476 0.78287673
f 5452/5452/5452 5451/5451/5451 5450/5450/5450 5449/5449/5449
v 1328 -541.72583 497.454529
vn 0.780868828 0.624695063 0
vt 0.646053135 0.326255679
v 1269.01929 -468 497.454529
vn 0.780868828 0.624695063 0
vt 0.655638695 0.326255679
v 1269.01929 -468 340.363647
vn 0.780868828 0.624695063 0
vt 0.655638695 0.298858404
v 1328 -541.72583 340.363647
vn 0.780868828 0.624695063 0
vt 0.646053135 0.298858404
f 5456/5456/5456 5455/5455/5455 5454/5454/5454 5453/5453/5453
v 1106.16016 -686.602539 864
vn 0.780868828 0.624695063 0
vt 0.0927471295 0.846803665
v 1104 -683.902344 864
vn 0.780868828 0.624695063 0
vt 0.0930982009 0.846803665
v 1104 -683.902344 497.454529
vn 0.780868828 0.624695063 0
vt 0.0930982009 0.78287673
v 1106.16016 -686.602539 497.454529
vn 0.780868828 0.624695063 0
vt 0.0927471295 0.78287673
f 5460/5460/5460 5459/5459/5459 5458/5458/5458 5457/5457/5457
v 1106.16016 -686.602539 340.363647
vn 0.780868828 0.624695063 0
vt 0.66026181 0.298858404
v 1106.16016 -686.602539 497.454529
vn 0.780868828 0.624695063 0
vt 0.66026181 0.326255679
v 1104 -683.902344 497.454529
vn 0.780868828 0.624695063 0
vt 0.660612881 0.326255679
v 1104 -683.902344 340.363647
vn 0.780868828 0.624695063 0
vt 0.660612881 0.298858404
f 5464/5464/5464 5463/5463/5463 5462/5462/5462 5461/5461/5461
v 1263.72266 -488.138275 340.363647
vn 0 0 1
vt 0.719211996 0.0749520659
v 1261.83423 -485.777771 340.363647
vn 0 0 1
vt 0.719443023 0.079667747
v 1259.78137 -490.857147 340.363647
vn 0 0 1
vt 0.719694078 0.0695205927
v 1263.00757 -490.857147 340.363647
vn 0 0 1
vt 0.719299436 0.0695205927
f 5468/5468/5468 5467/5467/5467 5466/5466/5466 5465/5465/5465
v 1289.32263 -520.138245 340.363647
vn 0 0 1
vt 0.101599485 0.84664166
v 1286.4325 -520.138245 340.363647
vn 0 0 1
vt 0.10195297 0.84664166
v 1312.03247 -552.138245 340.363647
vn 0 0 1
vt 0.0988218635 0.782714725
v 1314.92273 -552.138245 340.363647
vn 0 0 1
vt 0.0984683558 0.782714725
f 5472/5472/5472 5471/5471/5471 5470/5470/5470 5469/5469/5469
v 1263.72266 -488.138275 340.363647
vn 0 0 1
vt 0.108644493 0.846641541
v 1263.00757 -490.857147 340.363647
vn 0 0 1
vt 0.108731948 0.841210067
v 1286.4325 -520.138245 340.363647
vn 0 0 1
vt 0.105866864 0.782714725
v 1289.32263 -520.138245 340.363647
vn 0 0 1
vt 0.105513379 0.782714725
f 5476/5476/5476 5475/5475/5475 5474/5474/5474 5473/5473/5473
v 1328 -568.484924 340.363647
vn 0 0 1
vt 0.316046953 0.425857782
v 1314.92273 -552.138245 340.363647
vn 0 0 1
vt 0.317646414 0.458513796
v 1312.03247 -552.138245 340.363647
vn 0 0 1
vt 0.317999929 0.458513796
v 1328 -572.097656 340.363647
vn 0 0 1
vt 0.316046953 0.418640554
f 5480/5480/5480 5479/5479/5479 5478/5478/5478 5477/5477/5477
v 1328 -572.097656 497.454529
vn 0.780868828 0.624695063 -0
vt 0.124739438 0.78287673
v 1263.00757 -490.857147 497.454529
vn 0.780868828 0.624695063 -0
vt 0.114176832 0.78287673
v 1263.00757 -490.857147 864
vn 0.780868828 0.624695063 -0
vt 0.114176832 0.846803665
v 1328 -572.097656 864
vn 0.780868828 0.624695063 -0
vt 0.124739438 0.846803665
f 5484/5484/5484 5483/5483/5483 5482/5482/5482 5481/5481/5481
v 1328 -572.097656 497.454529
vn 0.780868828 0.624695063 -0
vt 0.66877073 0.326255679
v 1328 -572.097656 340.363647
vn 0.780868828 0.624695063 -0
vt 0.66877073 0.298858404
v 1312.03247 -552.138245 340.363647
vn 0.780868828 0.624695063 -0
vt 0.666175663 0.298858404
f 5487/5487/5487 5486/5486/5486 5485/5485/5485
v 1286.4325 -520.138245 340.363647
vn 0.780868828 0.624695063 -0
vt 0.677670777 0.298858404
v 1263.00757 -490.857147 340.363647
vn 0.780868828 0.624695063 -0
vt 0.673863709 0.298858404
v 1263.00757 -490.857147 497.454529
vn 0.780868828 0.624695063 -0
vt 0.673863709 0.326255679
v 1328 -572.097656 497.454529
vn 0.780868828 0.624695063 -0
vt 0.684426308 0.326255679
v 1312.03247 -552.138245 340.363647
vn 0.780868828 0.624695063 -0
vt 0.681831241 0.298858404
f 5492/5492/5492 5491/5491/5491 5490/5490/5490 5489/5489/5489 5488/5488/5488
v 1263.00757 -490.857147 497.454529
vn 0 1 0
vt 0.130015597 0.78287673
v 1259.78137 -490.857147 497.454529
vn 0 1 0
vt 0.129621014 0.78287673
v 1259.78137 -490.857147 864
vn 0 1 0
vt 0.129621014 0.846803665
v 1263.00757 -490.857147 864
vn 0 1 0
vt 0.130015597 0.846803665
f 5496/5496/5496 5495/5495/5495 5494/5494/5494 5493/5493/5493
v 1263.00757 -490.857147 340.363647
vn 0 1 0
vt 0.689702511 0.298858404
v 1259.78137 -490.857147 340.363647
vn 0 1 0
vt 0.689307868 0.298858404
v 1259.78137 -490.857147 497.454529
vn 0 1 0
vt 0.689307868 0.326255679
v 1263.00757 -490.857147 497.454529
vn 0 1 0
vt 0.689702511 0.326255679
f 5500/5500/5500 5499/5499/5499 5498/5498/5498 5497/5497/5497
v 1328 -568.484924 128
vn 0.780868828 0.624695063 -0
vt 0.694904864 0.296828449
v 1314.92273 -552.138245 340.363647
vn 0.780868828 0.624695063 -0
vt 0.692497313 0.323178947
v 1328 -568.484924 340.363647
vn 0.780868828 0.624695063 -0
vt 0.694904864 0.323178947
f 5503/5503/5503 5502/5502/5502 5501/5501/5501
v 1261.83423 -485.777771 128
vn 0.780868828 0.624695063 -0
vt 0.698379278 0.296828449
v 1261.83423 -485.777771 340.363647
vn 0.780868828 0.624695063 -0
vt 0.698379278 0.323178947
v 1263.72266 -488.138275 340.363647
vn 0.780868828 0.624695063 -0
vt 0.698726952 0.323178947
f 5506/5506/5506 5505/5505/5505 5504/5504/5504
v 1289.32263 -520.138245 340.363647
vn 0.780868828 0.624695063 -0
vt 0.70735383 0.323178947
v 1314.92273 -552.138245 340.363647
vn 0.780868828 0.624695063 -0
vt 0.71206677 0.323178947
v 1328 -568.484924 128
vn 0.780868828 0.624695063 -0
vt 0.71447432 0.296828449
v 1261.83423 -485.777771 128
vn 0.780868828 0.624695063 -0
vt 0.702293217 0.296828449
v 1263.72266 -488.138275 340.363647
vn 0.780868828 0.624695063 -0
vt 0.702640831 0.323178947
f 5511/5511/5511 5510/5510/5510 5509/5509/5509 5508/5508/5508 5507/5507/5507
v 1269.01929 -468 128
vn 0 1 0
vt 0.718564153 0.296828449
v 1269.01929 -468 340.363647
vn 0 1 0
vt 0.718564153 0.323178947
v 1162.98071 -468 340.363647
vn 0 1 0
vt 0.731533706 0.323178947
v 1162.98071 -468 128
vn 0 1 0
vt 0.731533706 0.296828449
f 5515/5515/5515 5514/5514/5514 5513/5513/5513 5512/5512/5512
v 1269.01929 -468 864
vn 0 1 0
vt 0.133436978 0.846803665
v 1162.98071 -468 864
vn 0 1 0
vt 0.146406472 0.846803665
v 1162.98071 -468 497.454529
vn 0 1 0
vt 0.146406472 0.78287673
v 1269.01929 -468 497.454529
vn 0 1 0
vt 0.133436978 0.78287673
f 5519/5519/5519 5518/5518/5518 5517/5517/5517 5516/5516/5516
v 1269.01929 -468 497.454529
vn 0 1 0
vt 0.73617667 0.326255679
v 1162.98071 -468 497.454529
vn 0 1 0
vt 0.749146223 0.326255679
v 1162.98071 -468 340.363647
vn 0 1 0
vt 0.749146223 0.298858404
v 1269.01929 -468 340.363647
vn 0 1 0
vt 0.73617667 0.298858404
f 5523/5523/5523 5522/5522/5522 5521/5521/5521 5520/5520/5520
v 1120 -468 640
vn 1 0 0
vt 0.873776913 0.0342465639
v 1120 -436 640
vn 1 0 0
vt 0.877690792 0.0342465639
v 1120 -436 608
vn 1 0 0
vt 0.877690792 0.0251141787
v 1120 -468 608
vn 1 0 0
vt 0.873776913 0.0251141787
f 5527/5527/5527 5526/5526/5526 5525/5525/5525 5524/5524/5524
v 1088 -468 608
vn 0 0 1
vt 0.883561671 0.0251141787
v 1120 -468 608
vn 0 0 1
vt 0.879647732 0.0251141787
v 1120 -436 608
vn 0 0 1
vt 0.879647732 0.0342465639
v 1088 -436 608
vn 0 0 1
vt 0.883561671 0.0342465639
f 5531/5531/5531 5530/5530/5530 5529/5529/5529 5528/5528/5528
v 1120 -468 640
vn 0 0 1
vt 0.730430543 0.0764840245
v 1088 -468 640
vn 0 0 1
vt 0.730430543 0.0673515797
v 1088 -436 640
vn 0 0 1
vt 0.723907351 0.0673515797
v 1120 -436 640
vn 0 0 1
vt 0.723907351 0.0764840245
f 5535/5535/5535 5534/5534/5534 5533/5533/5533 5532/5532/5532
v 1168.99243 -490.857147 608
vn 0 1 0
vt 0.149827838 0.80215627
v 1168.99243 -490.857147 864
vn 0 1 0
vt 0.149827838 0.846803665
v 1259.78137 -490.857147 864
vn 0 1 0
vt 0.160932168 0.846803665
v 1259.78137 -490.857147 497.454529
vn 0 1 0
vt 0.160932168 0.78287673
v 1168.99243 -490.857147 497.454529
vn 0 1 0
vt 0.149827838 0.78287673
f 5540/5540/5540 5539/5539/5539 5538/5538/5538 5537/5537/5537 5536/5536/5536
v 1172.21863 -490.857147 340.363647
vn 0 1 0
vt 0.752962172 0.298858404
v 1168.99243 -490.857147 340.363647
vn 0 1 0
vt 0.75256753 0.298858404
v 1168.99243 -490.857147 497.454529
vn 0 1 0
vt 0.75256753 0.326255679
v 1259.78137 -490.857147 497.454529
vn 0 1 0
vt 0.763671875 0.326255679
v 1259.78137 -490.857147 340.363647
vn 0 1 0
vt 0.763671875 0.298858404
f 5545/5545/5545 5544/5544/5544 5543/5543/5543 5542/5542/5542 5541/5541/5541
v 1261.83423 -485.777771 128
vn 0 1 0
vt 0.777621567 0.296828449
v 1170.16577 -485.777771 128
vn 0 1 0
vt 0.766409755 0.296828449
v 1170.16577 -485.777771 340.363647
vn 0 1 0
vt 0.766409755 0.323178947
v 1261.83423 -485.777771 340.363647
vn 0 1 0
vt 0.777621567 0.323178947
f 5549/5549/5549 5548/5548/5548 5547/5547/5547 5546/5546/5546
v 1170.16577 -485.777771 340.363647
vn 0 0 1
vt 0.744353473 0.079667747
v 1172.21863 -490.857147 340.363647
vn 0 0 1
vt 0.744102418 0.0695205927
v 1259.78137 -490.857147 340.363647
vn 0 0 1
vt 0.733392715 0.0695205927
v 1261.83423 -485.777771 340.363647
vn 0 0 1
vt 0.733141661 0.079667747
f 5553/5553/5553 5552/5552/5552 5551/5551/5551 5550/5550/5550
v 1170.16577 -485.777771 128
vn 0.780868828 -0.624695063 0
vt 0.781040072 0.296828449
v 1168.27734 -488.138275 128
vn 0.780868828 -0.624695063 0
vt 0.780692458 0.296828449
v 1168.27734 -488.138275 340.363647
vn 0.780868828 -0.624695063 0
vt 0.780692458 0.323178947
v 1170.16577 -485.777771 340.363647
vn 0.780868828 -0.624695063 0
vt 0.781040072 0.323178947
f 5557/5557/5557 5556/5556/5556 5555/5555/5555 5554/5554/5554
v 1172.21863 -490.857147 340.363647
vn 0 0 1
vt 0.748016298 0.0695205927
v 1170.16577 -485.777771 340.363647
vn 0 0 1
vt 0.748267353 0.079667747
v 1168.27734 -488.138275 340.363647
vn 0 0 1
vt 0.74849838 0.0749520659
v 1168.99243 -490.857147 340.363647
vn 0 0 1
vt 0.74841094 0.0695205927
f 5561/5561/5561 5560/5560/5560 5559/5559/5559 5558/5558/5558
v 1162.98071 -468 864
vn 0.780868828 -0.624695063 -0
vt 0.32019344 0.458675802
v 1120 -521.72583 864
vn 0.780868828 -0.624695063 -0
vt 0.327178687 0.458675802
v 1120 -521.72583 640
vn 0.780868828 -0.624695063 -0
vt 0.327178687 0.419609368
f 5564/5564/5564 5563/5563/5563 5562/5562/5562
v 1162.98071 -468 497.454529
vn 0.780868828 -0.624695063 -0
vt 0.163637668 0.78287673
v 1162.98071 -468 864
vn 0.780868828 -0.624695063 -0
vt 0.163637668 0.846803665
v 1120 -521.72583 640
vn 0.780868828 -0.624695063 -0
vt 0.170622915 0.807737231
v 1120 -521.72583 608
vn 0.780868828 -0.624695063 -0
vt 0.170622915 0.80215627
v 1120 -521.72583 497.454529
vn 0.780868828 -0.624695063 -0
vt 0.170622915 0.78287673
f 5569/5569/5569 5568/5568/5568 5567/5567/5567 5566/5566/5566 5565/5565/5565
v 1120 -521.72583 340.363647
vn 0.780868828 -0.624695063 -0
vt 0.790975153 0.298858404
v 1162.98071 -468 340.363647
vn 0.780868828 -0.624695063 -0
vt 0.783989906 0.298858404
v 1162.98071 -468 497.454529
vn 0.780868828 -0.624695063 -0
vt 0.783989906 0.326255679
v 1120 -521.72583 497.454529
vn 0.780868828 -0.624695063 -0
vt 0.790975153 0.326255679
f 5573/5573/5573 5572/5572/5572 5571/5571/5571 5570/5570/5570
v 1120 -521.72583 864
vn 0.780868828 -0.624695063 -0
vt 0.331092566 0.458675802
v 1088 -561.72583 864
vn 0.780868828 -0.624695063 -0
vt 0.336293221 0.458675802
v 1088 -561.72583 640
vn 0.780868828 -0.624695063 -0
vt 0.336293221 0.419609368
v 1120 -521.72583 640
vn 0.780868828 -0.624695063 -0
vt 0.331092566 0.419609368
f 5577/5577/5577 5576/5576/5576 5575/5575/5575 5574/5574/5574
v 1120 -521.72583 340.363647
vn 0.780868828 -0.624695063 -0
vt 0.803293228 0.323178947
v 1088 -561.72583 340.363647
vn 0.780868828 -0.624695063 -0
vt 0.809184432 0.323178947
v 1088 -561.72583 128
vn 0.780868828 -0.624695063 -0
vt 0.809184432 0.296828449
v 1162.98071 -468 128
vn 0.780868828 -0.624695063 -0
vt 0.795380533 0.296828449
v 1162.98071 -468 340.363647
vn 0.780868828 -0.624695063 -0
vt 0.795380533 0.323178947
f 5582/5582/5582 5581/5581/5581 5580/5580/5580 5579/5579/5579 5578/5578/5578
v 1120 -521.72583 497.454529
vn 0.780868828 -0.624695063 -0
vt 0.947530925 0.609360695
v 1120 -521.72583 608
vn 0.780868828 -0.624695063 -0
vt 0.947530925 0.628640294
v 1088 -561.72583 608
vn 0.780868828 -0.624695063 -0
vt 0.95273155 0.628640294
v 1088 -561.72583 340.363647
vn 0.780868828 -0.624695063 -0
vt 0.95273155 0.58196342
v 1120 -521.72583 340.363647
vn 0.780868828 -0.624695063 -0
vt 0.947530925 0.58196342
f 5587/5587/5587 5586/5586/5586 5585/5585/5585 5584/5584/5584 5583/5583/5583
v 1104 -572.097656 340.363647
vn 1 0 0
vt 0.825136006 0.323178947
v 1104 -568.484924 340.363647
vn 1 0 0
vt 0.825533688 0.323178947
v 1104 -568.484924 128
vn 1 0 0
vt 0.825533688 0.296828449
v 1104 -683.902344 128
vn 1 0 0
vt 0.812828779 0.296828449
v 1104 -683.902344 340.363647
vn 1 0 0
vt 0.812828779 0.323178947
f 5592/5592/5592 5591/5591/5591 5590/5590/5590 5589/5589/5589 5588/5588/5588
v 1120 -564 608
vn 0 0 1
vt 0.462817997 0.00228309631
v 1120 -552.097656 608
vn 0 0 1
vt 0.462817997 0.00567990541
v 1110.47815 -564 608
vn 0 0 1
vt 0.463982642 0.00228309631
f 5595/5595/5595 5594/5594/5594 5593/5593/5593
v 1120 -564 608
vn 1 0 0
vt 0.88551861 0.0251141787
v 1120 -564 640
vn 1 0 0
vt 0.88551861 0.0342465639
v 1120 -552.097656 640
vn 1 0 0
vt 0.886974335 0.0342465639
v 1120 -552.097656 608
vn 1 0 0
vt 0.886974335 0.0251141787
f 5599/5599/5599 5598/5598/5598 5597/5597/5597 5596/5596/5596
v 1120 -552.097656 640
vn 0.780868828 -0.624695063 0
vt 0.528251886 0.469837666
v 1120 -552.097656 864
vn 0.780868828 -0.624695063 0
vt 0.528251886 0.508904099
v 1168.99243 -490.857147 864
vn 0.780868828 -0.624695063 0
vt 0.536214173 0.508904099
v 1168.99243 -490.857147 608
vn 0.780868828 -0.624695063 0
vt 0.536214173 0.464256763
v 1120 -552.097656 608
vn 0.780868828 -0.624695063 0
vt 0.528251886 0.464256763
f 5604/5604/5604 5603/5603/5603 5602/5602/5602 5601/5601/5601 5600/5600/5600
v 1110.47815 -564 640
vn 0 0 1
vt 0.892857134 0.0281044841
v 1120 -552.097656 640
vn 0 0 1
vt 0.890430868 0.0308219194
v 1120 -564 640
vn 0 0 1
vt 0.892857134 0.0308219194
f 5607/5607/5607 5606/5606/5606 5605/5605/5605
v 1110.47815 -564 640
vn 0.780868828 -0.624695063 0
vt 0.340794355 0.419609368
v 1104 -572.097656 640
vn 0.780868828 -0.624695063 0
vt 0.339741528 0.419609368
v 1104 -572.097656 864
vn 0.780868828 -0.624695063 0
vt 0.339741528 0.458675802
v 1120 -552.097656 864
vn 0.780868828 -0.624695063 0
vt 0.34234187 0.458675802
v 1120 -552.097656 640
vn 0.780868828 -0.624695063 0
vt 0.34234187 0.419609368
f 5612/5612/5612 5611/5611/5611 5610/5610/5610 5609/5609/5609 5608/5608/5608
v 1110.47815 -564 640
vn 0.780868828 -0.624695063 0
vt 0.896567404 0.0314814448
v 1110.47815 -564 608
vn 0.780868828 -0.624695063 0
vt 0.896567404 0.0259006023
v 1104 -572.097656 608
vn 0.780868828 -0.624695063 0
vt 0.895514488 0.0259006023
v 1104 -572.097656 640
vn 0.780868828 -0.624695063 0
vt 0.895514488 0.0314814448
f 5616/5616/5616 5615/5615/5615 5614/5614/5614 5613/5613/5613
v 1168.99243 -490.857147 497.454529
vn 0.780868828 -0.624695063 0
vt 0.966742516 0.609360695
v 1168.99243 -490.857147 340.363647
vn 0.780868828 -0.624695063 0
vt 0.966742516 0.58196342
v 1145.5675 -520.138245 340.363647
vn 0.780868828 -0.624695063 0
vt 0.962935448 0.58196342
v 1119.96753 -552.138245 340.363647
vn 0.780868828 -0.624695063 0
vt 0.958774924 0.58196342
v 1104 -572.097656 340.363647
vn 0.780868828 -0.624695063 0
vt 0.956179857 0.58196342
v 1104 -572.097656 608
vn 0.780868828 -0.624695063 0
vt 0.956179857 0.628640294
v 1110.47815 -564 608
vn 0.780868828 -0.624695063 0
vt 0.957232773 0.628640294
v 1120 -552.097656 608
vn 0.780868828 -0.624695063 0
vt 0.958780229 0.628640294
v 1168.99243 -490.857147 608
vn 0.780868828 -0.624695063 0
vt 0.966742516 0.628640294
f 5625/5625/5625 5624/5624/5624 5623/5623/5623 5622/5622/5622 5621/5621/5621 5620/5620/5620 5619/5619/5619 5618/5618/5618 5617/5617/5617
v 1104 -568.484924 128
vn 0.780868828 -0.624695063 0
vt 0.829524338 0.296828449
v 1104 -568.484924 340.363647
vn 0.780868828 -0.624695063 0
vt 0.829524338 0.323178947
v 1117.07727 -552.138245 340.363647
vn 0.780868828 -0.624695063 0
vt 0.831931889 0.323178947
f 5628/5628/5628 5627/5627/5627 5626/5626/5626
v 1142.67737 -520.138245 340.363647
vn 0.780868828 -0.624695063 0
vt 0.842515707 0.323178947
v 1168.27734 -488.138275 340.363647
vn 0.780868828 -0.624695063 0
vt 0.847228646 0.323178947
v 1168.27734 -488.138275 128
vn 0.780868828 -0.624695063 0
vt 0.847228646 0.296828449
v 1104 -568.484924 128
vn 0.780868828 -0.624695063 0
vt 0.835395157 0.296828449
v 1117.07727 -552.138245 340.363647
vn 0.780868828 -0.624695063 0
vt 0.837802708 0.323178947
f 5633/5633/5633 5632/5632/5632 5631/5631/5631 5630/5630/5630 5629/5629/5629
v 1142.67737 -520.138245 340.363647
vn 0 0 1
vt 0.174330071 0.84664166
v 1117.07727 -552.138245 340.363647
vn 0 0 1
vt 0.177461192 0.782714725
v 1119.96753 -552.138245 340.363647
vn 0 0 1
vt 0.177107692 0.782714725
v 1145.5675 -520.138245 340.363647
vn 0 0 1
vt 0.17397657 0.84664166
f 5637/5637/5637 5636/5636/5636 5635/5635/5635 5634/5634/5634
v 1168.27734 -488.138275 340.363647
vn 0 0 1
vt 0.182940632 0.846641541
v 1142.67737 -520.138245 340.363647
vn 0 0 1
vt 0.186071754 0.782714725
v 1145.5675 -520.138245 340.363647
vn 0 0 1
vt 0.185718253 0.782714725
v 1168.99243 -490.857147 340.363647
vn 0 0 1
vt 0.182853177 0.841210067
f 5641/5641/5641 5640/5640/5640 5639/5639/5639 5638/5638/5638
v 1104 -568.484924 340.363647
vn 0 0 1
vt 0.347358108 0.425857782
v 1104 -572.097656 340.363647
vn 0 0 1
vt 0.347358108 0.418640554
v 1119.96753 -552.138245 340.363647
vn 0 0 1
vt 0.345405132 0.458513796
v 1117.07727 -552.138245 340.363647
vn 0 0 1
vt 0.345758677 0.458513796
f 5645/5645/5645 5644/5644/5644 5643/5643/5643 5642/5642/5642
v 1120 -468 608
vn 1 0 0
vt 0.907045007 0.0251141787
v 1120 -521.72583 608
vn 1 0 0
vt 0.900473893 0.0251141787
v 1120 -521.72583 640
vn 1 0 0
vt 0.900473893 0.0342465639
v 1120 -468 640
vn 1 0 0
vt 0.907045007 0.0342465639
f 5649/5649/5649 5648/5648/5648 5647/5647/5647 5646/5646/5646
v 1120 -521.72583 608
vn 0 0 1
vt 0.871819973 0.238091946
v 1120 -468 608
vn 0 0 1
vt 0.871819973 0.253424644
v 1088 -468 608
vn 0 0 1
vt 0.875733852 0.253424644
v 1088 -561.72583 608
vn 0 0 1
vt 0.875733852 0.226676404
f 5653/5653/5653 5652/5652/5652 5651/5651/5651 5650/5650/5650
v 1088 -468 640
vn 0 0 1
vt 0.75195694 0.0673515797
v 1120 -468 640
vn 0 0 1
vt 0.75195694 0.0764840245
v 1120 -521.72583 640
vn 0 0 1
vt 0.762908876 0.0764840245
v 1088 -561.72583 640
vn 0 0 1
vt 0.771062851 0.0673515797
f 5657/5657/5657 5656/5656/5656 5655/5655/5655 5654/5654/5654
v 1104 -683.902344 128
vn 1 0 0
vt 0.851967692 0.296828449
v 1104 -687.515076 128
vn 1 0 0
vt 0.85157001 0.296828449
v 1104 -687.515076 340.363647
vn 1 0 0
vt 0.85157001 0.323178947
v 1104 -683.902344 340.363647
vn 1 0 0
vt 0.851967692 0.323178947
f 5661/5661/5661 5660/5660/5660 5659/5659/5659 5658/5658/5658
v 1106.16016 -686.602539 340.363647
vn 0 0 1
vt 0.775665343 0.0714561343
v 1104 -683.902344 340.363647
vn 0 0 1
vt 0.77592957 0.0768503547
v 1104 -687.515076 340.363647
vn 0 0 1
vt 0.77592957 0.0696331859
f 5664/5664/5664 5663/5663/5663 5662/5662/5662
v 1111.78064 -724 640
vn 0.780868828 0.624695063 -0
vt 0.354105651 0.419609368
v 1088 -694.27417 640
vn 0.780868828 0.624695063 -0
vt 0.350240797 0.419609368
v 1088 -694.27417 864
vn 0.780868828 0.624695063 -0
vt 0.350240797 0.458675802
v 1111.78064 -724 864
vn 0.780868828 0.624695063 -0
vt 0.354105651 0.458675802
f 5668/5668/5668 5667/5667/5667 5666/5666/5666 5665/5665/5665
v 1111.78064 -724 128
vn 0.780868828 0.624695063 -0
vt 0.860384464 0.296828449
v 1088 -694.27417 128
vn 0.780868828 0.624695063 -0
vt 0.856006503 0.296828449
v 1088 -694.27417 340.363647
vn 0.780868828 0.624695063 -0
vt 0.856006503 0.323178947
v 1111.78064 -724 340.363647
vn 0.780868828 0.624695063 -0
vt 0.860384464 0.323178947
f 5672/5672/5672 5671/5671/5671 5670/5670/5670 5669/5669/5669
v 1111.78064 -724 340.363647
vn 0.780868828 0.624695063 -0
vt 0.97445792 0.58196342
v 1088 -694.27417 340.363647
vn 0.780868828 0.624695063 -0
vt 0.970593035 0.58196342
v 1088 -694.27417 608
vn 0.780868828 0.624695063 -0
vt 0.970593035 0.628640294
v 1111.78064 -724 608
vn 0.780868828 0.624695063 -0
vt 0.97445792 0.628640294
f 5676/5676/5676 5675/5675/5675 5674/5674/5674 5673/5673/5673
v 1136.07812 -724 864
vn 0.780868828 0.624695063 0
vt 0.357943535 0.458675802
v 1120 -703.902344 864
vn 0.780868828 0.624695063 0
vt 0.360556573 0.458675802
v 1120 -703.902344 640
vn 0.780868828 0.624695063 0
vt 0.360556573 0.419609368
v 1136.07812 -724 640
vn 0.780868828 0.624695063 0
vt 0.357943535 0.419609368
f 5680/5680/5680 5679/5679/5679 5678/5678/5678 5677/5677/5677
v 1136.07812 -724 497.454529
vn 0.780868828 0.624695063 0
vt 0.878491461 0.230365276
v 1136.07812 -724 608
vn 0.780868828 0.624695063 0
vt 0.878491461 0.249644876
v 1120 -703.902344 497.454529
vn 0.780868828 0.624695063 0
vt 0.881104529 0.230365276
f 5683/5683/5683 5682/5682/5682 5681/5681/5681
v 1120 -703.902344 608
vn 0.780868828 0.624695063 0
vt 0.867405891 0.318138003
v 1120 -703.902344 497.454529
vn 0.780868828 0.624695063 0
vt 0.867405891 0.298858404
v 1136.07812 -724 608
vn 0.780868828 0.624695063 0
vt 0.864792883 0.318138003
v 1136.07812 -724 640
vn 0.780868828 0.624695063 0
vt 0.864792883 0.323718905
v 1120 -703.902344 640
vn 0.780868828 0.624695063 0
vt 0.867405891 0.323718905
f 5688/5688/5688 5687/5687/5687 5686/5686/5686 5685/5685/5685 5684/5684/5684
v 1131.76013 -718.602539 340.363647
vn 0.780868828 0.624695063 0
vt 0.871365488 0.298858404
v 1136.07812 -724 340.363647
vn 0.780868828 0.624695063 0
vt 0.870663702 0.298858404
v 1136.07812 -724 497.454529
vn 0.780868828 0.624695063 0
vt 0.870663702 0.326255679
v 1120 -703.902344 497.454529
vn 0.780868828 0.624695063 0
vt 0.87327677 0.326255679
v 1120 -703.902344 340.363647
vn 0.780868828 0.624695063 0
vt 0.87327677 0.298858404
f 5693/5693/5693 5692/5692/5692 5691/5691/5691 5690/5690/5690 5689/5689/5689
v 1106.16016 -686.602539 497.454529
vn 0.780868828 0.624695063 0
vt 0.885310769 0.230365276
v 1110.47815 -692 497.454529
vn 0.780868828 0.624695063 0
vt 0.884608984 0.230365276
v 1110.47815 -692 608
vn 0.780868828 0.624695063 0
vt 0.884608984 0.249644876
f 5696/5696/5696 5695/5695/5695 5694/5694/5694
v 1110.47815 -692 640
vn 0.780868828 0.624695063 0
vt 0.189892739 0.807737231
v 1110.47815 -692 864
vn 0.780868828 0.624695063 0
vt 0.189892739 0.846803665
v 1106.16016 -686.602539 864
vn 0.780868828 0.624695063 0
vt 0.190594494 0.846803665
v 1106.16016 -686.602539 497.454529
vn 0.780868828 0.624695063 0
vt 0.190594494 0.78287673
v 1110.47815 -692 608
vn 0.780868828 0.624695063 0
vt 0.189892739 0.80215627
f 5701/5701/5701 5700/5700/5700 5699/5699/5699 5698/5698/5698 5697/5697/5697
v 1106.16016 -686.602539 340.363647
vn 0.780868828 0.624695063 0
vt 0.877482951 0.298858404
v 1110.47815 -692 340.363647
vn 0.780868828 0.624695063 0
vt 0.876781166 0.298858404
v 1110.47815 -692 497.454529
vn 0.780868828 0.624695063 0
vt 0.876781166 0.326255679
v 1106.16016 -686.602539 497.454529
vn 0.780868828 0.624695063 0
vt 0.877482951 0.326255679
f 5705/5705/5705 5704/5704/5704 5703/5703/5703 5702/5702/5702
v 1120 -703.902344 864
vn 0.780868828 0.624695063 0
vt 0.364470482 0.458675802
v 1110.47815 -692 864
vn 0.780868828 0.624695063 0
vt 0.366017967 0.458675802
v 1110.47815 -692 640
vn 0.780868828 0.624695063 0
vt 0.366017967 0.419609368
v 1120 -703.902344 640
vn 0.780868828 0.624695063 0
vt 0.364470482 0.419609368
f 5709/5709/5709 5708/5708/5708 5707/5707/5707 5706/5706/5706
v 1120 -703.902344 340.363647
vn 0.780868828 0.624695063 0
vt 0.881104529 0.298858404
v 1120 -703.902344 497.454529
vn 0.780868828 0.624695063 0
vt 0.881104529 0.326255679
v 1110.47815 -692 340.363647
vn 0.780868828 0.624695063 0
vt 0.882652044 0.298858404
f 5712/5712/5712 5711/5711/5711 5710/5710/5710
v 1110.47815 -692 497.454529
vn 0.780868828 0.624695063 0
vt 0.980499387 0.609360695
v 1110.47815 -692 340.363647
vn 0.780868828 0.624695063 0
vt 0.980499387 0.58196342
v 1120 -703.902344 497.454529
vn 0.780868828 0.624695063 0
vt 0.978951871 0.609360695
v 1120 -703.902344 608
vn 0.780868828 0.624695063 0
vt 0.978951871 0.628640294
v 1110.47815 -692 608
vn 0.780868828 0.624695063 0
vt 0.980499387 0.628640294
f 5717/5717/5717 5716/5716/5716 5715/5715/5715 5714/5714/5714 5713/5713/5713
v 1328 -683.902344 864
vn 0.780868828 -0.624695063 -0
vt 0.193888545 0.846803665
v 1295.92188 -724 864
vn 0.780868828 -0.624695063 -0
vt 0.19910191 0.846803665
v 1295.92188 -724 497.454529
vn 0.780868828 -0.624695063 -0
vt 0.19910191 0.78287673
v 1328 -683.902344 497.454529
vn 0.780868828 -0.624695063 -0
vt 0.193888545 0.78287673
f 5721/5721/5721 5720/5720/5720 5719/5719/5719 5718/5718/5718
v 1302.40002 -715.902344 340.363647
vn 0.780868828 -0.624695063 -0
vt 0.890808344 0.298858404
v 1328 -683.902344 340.363647
vn 0.780868828 -0.624695063 -0
vt 0.88664788 0.298858404
v 1328 -683.902344 497.454529
vn 0.780868828 -0.624695063 -0
vt 0.88664788 0.326255679
v 1295.92188 -724 497.454529
vn 0.780868828 -0.624695063 -0
vt 0.8918612 0.326255679
v 1295.92188 -724 340.363647
vn 0.780868828 -0.624695063 -0
vt 0.8918612 0.298858404
f 5726/5726/5726 5725/5725/5725 5724/5724/5724 5723/5723/5723 5722/5722/5722
v 1328 -687.515076 340.363647
vn 0 0 1
vt 0.202544034 0.836756468
v 1328 -683.902344 340.363647
vn 0 0 1
vt 0.202544034 0.843973637
v 1302.40002 -715.902344 340.363647
vn 0 0 1
vt 0.20567514 0.780046701
v 1305.29016 -715.902344 340.363647
vn 0 0 1
vt 0.205321655 0.780046701
f 5730/5730/5730 5729/5729/5729 5728/5728/5728 5727/5727/5727
v 1298.81201 -724 340.363647
vn 0 0 1
vt 0.752102256 0.202226043
v 1305.29016 -715.902344 340.363647
vn 0 0 1
vt 0.751309931 0.218402863
v 1302.40002 -715.902344 340.363647
vn 0 0 1
vt 0.751663446 0.218402863
v 1295.92188 -724 340.363647
vn 0 0 1
vt 0.752455711 0.202226043
f 5734/5734/5734 5733/5733/5733 5732/5732/5732 5731/5731/5731
v 1305.29016 -715.902344 340.363647
vn 0.780868828 -0.624695063 -0
vt 0.900103033 0.323178947
v 1298.81201 -724 340.363647
vn 0.780868828 -0.624695063 -0
vt 0.901295602 0.323178947
v 1298.81201 -724 128
vn 0.780868828 -0.624695063 -0
vt 0.901295602 0.296828449
v 1328 -687.515076 128
vn 0.780868828 -0.624695063 -0
vt 0.895922124 0.296828449
v 1328 -687.515076 340.363647
vn 0.780868828 -0.624695063 -0
vt 0.895922124 0.323178947
f 5739/5739/5739 5738/5738/5738 5737/5737/5737 5736/5736/5736 5735/5735/5735
v 1131.76013 -718.602539 340.363647
vn 0 0 1
vt 0.905606627 0.295200408
v 1120 -703.902344 340.363647
vn 0 0 1
vt 0.907045007 0.324567258
v 1128.87 -718.602539 340.363647
vn 0 0 1
vt 0.905960143 0.295200408
f 5742/5742/5742 5741/5741/5741 5740/5740/5740
v 1104 -687.515076 340.363647
vn 0 0 1
vt 0.212328762 0.84132266
v 1128.87 -718.602539 340.363647
vn 0 0 1
vt 0.209286943 0.779218674
v 1120 -703.902344 340.363647
vn 0 0 1
vt 0.210371822 0.808585525
v 1110.47815 -692 340.363647
vn 0 0 1
vt 0.211536437 0.832363009
v 1106.16016 -686.602539 340.363647
vn 0 0 1
vt 0.212064564 0.843145609
f 5747/5747/5747 5746/5746/5746 5745/5745/5745 5744/5744/5744 5743/5743/5743
v 1133.18799 -724 340.363647
vn 0 0 1
vt 0.110911451 0.10633564
v 1136.07812 -724 340.363647
vn 0 0 1
vt 0.110557958 0.10633564
v 1131.76013 -718.602539 340.363647
vn 0 0 1
vt 0.111086093 0.117118239
v 1128.87 -718.602539 340.363647
vn 0 0 1
vt 0.111439578 0.117118239
f 5751/5751/5751 5750/5750/5750 5749/5749/5749 5748/5748/5748
v 1128.87 -718.602539 340.363647
vn 0.780868828 0.624695063 0
vt 0.911665022 0.323178947
v 1104 -687.515076 340.363647
vn 0.780868828 0.624695063 0
vt 0.916243613 0.323178947
v 1104 -687.515076 128
vn 0.780868828 0.624695063 0
vt 0.916243613 0.296828449
v 1133.18799 -724 128
vn 0.780868828 0.624695063 0
vt 0.910870135 0.296828449
v 1133.18799 -724 340.363647
vn 0.780868828 0.624695063 0
vt 0.910870135 0.323178947
f 5756/5756/5756 5755/5755/5755 5754/5754/5754 5753/5753/5753 5752/5752/5752
v 1088 -468 608
vn 0 0 1
vt 0.983365953 0.616275251
v 1088 -436 608
vn 0 0 1
vt 0.983365953 0.629321575
v 1024 -436 608
vn 0 0 1
vt 0.993150711 0.629321575
v 1024 -532 608
vn 0 0 1
vt 0.993150711 0.590182662
v 1088 -561.72583 608
vn 0 0 1
vt 0.983365953 0.578063488
f 5761/5761/5761 5760/5760/5760 5759/5759/5759 5758/5758/5758 5757/5757/5757
v 1024 -564 608
vn 0 0 1
vt 0.897260249 0.239236772
v 1024 -592.799988 608
vn 0 0 1
vt 0.897260249 0.227495074
v 1088 -592.799988 608
vn 0 0 1
vt 0.88747555 0.227495074
v 1088 -561.72583 608
vn 0 0 1
vt 0.88747555 0.240163922
v 1024 -532 608
vn 0 0 1
vt 0.897260249 0.252283096
f 5766/5766/5766 5765/5765/5765 5764/5764/5764 5763/5763/5763 5762/5762/5762
v 1088 -694.27417 608
vn 0 0 1
vt 0.257338554 0.587950826
v 1088 -592.799988 608
vn 0 0 1
vt 0.257338554 0.629321575
v 1024 -592.799988 608
vn 0 0 1
vt 0.267123282 0.629321575
v 1024 -724 608
vn 0 0 1
vt 0.267123282 0.575831652
v 1088 -724 608
vn 0 0 1
vt 0.257338554 0.575831652
f 5771/5771/5771 5770/5770/5770 5769/5769/5769 5768/5768/5768 5767/5767/5767
v 1088 -561.72583 640
vn 0 0 1
vt 0.139921725 0.34518677
v 1088 -592.799988 640
vn 0 0 1
vt 0.139921725 0.332517922
v 1024 -564 640
vn 0 0 1
vt 0.130136982 0.34425962
v 1024 -532 640
vn 0 0 1
vt 0.130136982 0.357305944
v 1024 -525.599976 640
vn 0 0 1
vt 0.130136982 0.359915197
v 1024 -510.666656 640
vn 0 0 1
vt 0.130136982 0.366003454
f 5777/5777/5777 5776/5776/5776 5775/5775/5775 5774/5774/5774 5773/5773/5773 5772/5772/5772
v 1024 -592.799988 640
vn 0 0 1
vt 0.77788651 0.0676777363
v 1024 -564 640
vn 0 0 1
vt 0.77788651 0.0794194341
v 1088 -592.799988 640
vn 0 0 1
vt 0.787671208 0.0676777363
f 5780/5780/5780 5779/5779/5779 5778/5778/5778
v 1024 -450.933319 640
vn 0 0 1
vt 0.789628208 0.0707219243
v 1024 -436 640
vn 0 0 1
vt 0.789628208 0.0768101811
v 1088 -436 640
vn 0 0 1
vt 0.799412906 0.0768101811
f 5783/5783/5783 5782/5782/5782 5781/5781/5781
v 1088 -468 640
vn 0 0 1
vt 0.0107632093 0.552348316
v 1088 -561.72583 640
vn 0 0 1
vt 0.0107632093 0.514136553
v 1024 -510.666656 640
vn 0 0 1
vt 0.000978473574 0.534953237
v 1024 -495.733337 640
vn 0 0 1
vt 0.000978473574 0.541041553
v 1024 -480.799988 640
vn 0 0 1
vt 0.000978473574 0.54712981
v 1024 -465.866669 640
vn 0 0 1
vt 0.000978473574 0.553218126
v 1024 -450.933319 640
vn 0 0 1
vt 0.000978473574 0.559306383
v 1088 -436 640
vn 0 0 1
vt 0.0107632093 0.56539464
f 5791/5791/5791 5790/5790/5790 5789/5789/5789 5788/5788/5788 5787/5787/5787 5786/5786/5786 5785/5785/5785 5784/5784/5784
v 1088 -694.27417 640
vn 0 0 1
vt 0.27886498 0.587950826
v 1088 -724 640
vn 0 0 1
vt 0.27886498 0.575831652
v 1024 -724 640
vn 0 0 1
vt 0.269080222 0.575831652
v 1024 -592.799988 640
vn 0 0 1
vt 0.269080222 0.629321575
v 1088 -592.799988 640
vn 0 0 1
vt 0.27886498 0.629321575
f 5796/5796/5796 5795/5795/5795 5794/5794/5794 5793/5793/5793 5792/5792/5792
v 1094.40002 -436 96
vn 0 0 1
vt 0.756604671 0.220013142
v 1024 -436 96
vn 0 0 1
vt 0.762755096 0.220013142
v 1024 -532 96
vn 0 0 1
vt 0.762755096 0.199718893
f 5799/5799/5799 5798/5798/5798 5797/5797/5797
v 1126.40002 -724 96
vn 0 0 1
vt 0.603124082 0.638582349
v 1328 -724 96
vn 0 0 1
vt 0.585511565 0.638582349
v 1328 -436 96
vn 0 0 1
vt 0.585511565 0.699465156
v 1094.40002 -436 96
vn 0 0 1
vt 0.605919778 0.699465156
v 1024 -532 96
vn 0 0 1
vt 0.612070143 0.679170907
v 1024 -724 96
vn 0 0 1
vt 0.612070143 0.638582349
f 5805/5805/5805 5804/5804/5804 5803/5803/5803 5802/5802/5802 5801/5801/5801 5800/5800/5800
v 1016 -532 640
vn 0 0 1
vt 0.117453068 0.103310525
v 992 -532 640
vn 0 0 1
vt 0.11636588 0.103310525
v 992 -528 640
vn 0 0 1
vt 0.11636588 0.120433807
v 1016 -528 640
vn 0 0 1
vt 0.117453068 0.120433807
f 5809/5809/5809 5808/5808/5808 5807/5807/5807 5806/5806/5806
v 1024 -525.599976 640
vn 0 0 1
vt 0.215662822 0.779109716
v 1016 -525.599976 640
vn 0 0 1
vt 0.215300426 0.779109716
v 1016 -510.666656 640
vn 0 0 1
vt 0.215300426 0.843036532
v 1024 -510.666656 640
vn 0 0 1
vt 0.215662822 0.843036532
f 5813/5813/5813 5812/5812/5812 5811/5811/5811 5810/5810/5810
v 1024 -510.666656 640
vn 0 0 1
vt 0.219576716 0.779109597
v 1016 -510.666656 640
vn 0 0 1
vt 0.21921432 0.779109597
v 1016 -495.733337 640
vn 0 0 1
vt 0.21921432 0.843036532
v 1024 -495.733337 640
vn 0 0 1
vt 0.219576716 0.843036532
f 5817/5817/5817 5816/5816/5816 5815/5815/5815 5814/5814/5814
v 1024 -495.733337 640
vn 0 0 1
vt 0.223490611 0.779109597
v 1016 -495.733337 640
vn 0 0 1
vt 0.223128214 0.779109597
v 1016 -480.799988 640
vn 0 0 1
vt 0.223128214 0.843036532
v 1024 -480.799988 640
vn 0 0 1
vt 0.223490611 0.843036532
f 5821/5821/5821 5820/5820/5820 5819/5819/5819 5818/5818/5818
v 1024 -480.799988 640
vn 0 0 1
vt 0.227404505 0.779109597
v 1016 -480.799988 640
vn 0 0 1
vt 0.227042109 0.779109597
v 1016 -465.866669 640
vn 0 0 1
vt 0.227042109 0.843036532
v 1024 -465.866669 640
vn 0 0 1
vt 0.227404505 0.843036532
f 5825/5825/5825 5824/5824/5824 5823/5823/5823 5822/5822/5822
v 1024 -465.866669 640
vn 0 0 1
vt 0.231318399 0.779109597
v 1016 -465.866669 640
vn 0 0 1
vt 0.230956003 0.779109597
v 1016 -450.933319 640
vn 0 0 1
vt 0.230956003 0.843036532
v 1024 -450.933319 640
vn 0 0 1
vt 0.231318399 0.843036532
f 5829/5829/5829 5828/5828/5828 5827/5827/5827 5826/5826/5826
v 1024 -436 640
vn 0 0 1
vt 0.235232294 0.843036532
v 1024 -450.933319 640
vn 0 0 1
vt 0.235232294 0.779109597
v 1016 -450.933319 640
vn 0 0 1
vt 0.234869897 0.779109597
v 1016 -436 640
vn 0 0 1
vt 0.234869897 0.843036532
f 5833/5833/5833 5832/5832/5832 5831/5831/5831 5830/5830/5830
v 1016 -528 640
vn 0 0 1
vt 0.919801414 0.312214613
v 1016 -525.599976 640
vn 0 0 1
vt 0.919801414 0.322488725
v 1024 -525.599976 640
vn 0 0 1
vt 0.92016381 0.322488725
v 1024 -532 640
vn 0 0 1
vt 0.92016381 0.295091331
v 1016 -532 640
vn 0 0 1
vt 0.919801414 0.295091331
f 5838/5838/5838 5837/5837/5837 5836/5836/5836 5835/5835/5835 5834/5834/5834
v 928 -528 640
vn 0 0 1
vt 0.138231963 0.113085032
v 928 -532 640
vn 0 0 1
vt 0.138231963 0.103809953
v 736 -532 640
vn 0 0 1
vt 0.120769985 0.103809953
v 736 -524.615356 640
vn 0 0 1
vt 0.120769985 0.120933235
v 928 -524.615356 640
vn 0 0 1
vt 0.138231963 0.120933235
f 5843/5843/5843 5842/5842/5842 5841/5841/5841 5840/5840/5840 5839/5839/5839
v 992 -532 640
vn 0 0 1
vt 0.807457745 0.0672802329
v 928 -532 640
vn 0 0 1
vt 0.801637053 0.0672802329
v 928 -528 640
vn 0 0 1
vt 0.801637053 0.0765553713
v 992 -528 640
vn 0 0 1
vt 0.807457745 0.0765553713
f 5847/5847/5847 5846/5846/5846 5845/5845/5845 5844/5844/5844
v 992 -436 640
vn 0 0 1
vt 0.818982363 0.0767994523
v 1016 -436 640
vn 0 0 1
vt 0.821917832 0.0767994523
v 1016 -450.933319 640
vn 0 0 1
vt 0.821917832 0.0737152696
v 1016 -465.866669 640
vn 0 0 1
vt 0.821917832 0.0706310272
v 1016 -480.799988 640
vn 0 0 1
vt 0.821917832 0.0675469041
v 928 -436 640
vn 0 0 1
vt 0.811154604 0.0767994523
f 5853/5853/5853 5852/5852/5852 5851/5851/5851 5850/5850/5850 5849/5849/5849 5848/5848/5848
v 928 -524.615356 640
vn 0 0 1
vt 0.766144812 0.200050175
v 928 -436 640
vn 0 0 1
vt 0.766144812 0.21835196
v 1016 -480.799988 640
vn 0 0 1
vt 0.77690804 0.209099412
f 5856/5856/5856 5855/5855/5855 5854/5854/5854
v 992 -528 640
vn 0 0 1
vt 0.832681 0.0669310689
v 928 -528 640
vn 0 0 1
vt 0.824853241 0.0669310689
v 928 -524.615356 640
vn 0 0 1
vt 0.824853241 0.0676301122
v 1016 -480.799988 640
vn 0 0 1
vt 0.83561641 0.0766792893
v 1016 -495.733337 640
vn 0 0 1
vt 0.83561641 0.0735951066
v 1016 -510.666656 640
vn 0 0 1
vt 0.83561641 0.0705109239
v 1016 -525.599976 640
vn 0 0 1
vt 0.83561641 0.0674266815
v 1016 -528 640
vn 0 0 1
vt 0.83561641 0.0669310689
f 5864/5864/5864 5863/5863/5863 5862/5862/5862 5861/5861/5861 5860/5860/5860 5859/5859/5859 5858/5858/5858 5857/5857/5857
v 992 -564 640
vn 0 1 0
vt 0.165554404 0.102739751
v 736 -564 640
vn 0 1 0
vt 0.142806977 0.102739751
v 736 -564 768
vn 0 1 0
vt 0.142806977 0.121004581
v 992 -564 768
vn 0 1 0
vt 0.165554404 0.121004581
f 5868/5868/5868 5867/5867/5867 5866/5866/5866 5865/5865/5865
v 992 -436 768
vn 0 0 1
vt 0.899217248 0.253424644
v 768 -436 768
vn 0 0 1
vt 0.926614463 0.253424644
v 768 -532 768
vn 0 0 1
vt 0.926614463 0.226027369
v 992 -532 768
vn 0 0 1
vt 0.899217248 0.226027369
f 5872/5872/5872 5871/5871/5871 5870/5870/5870 5869/5869/5869
v 736 -436 768
vn 0 0 1
vt 0.932485342 0.253424644
v 736 -532 768
vn 0 0 1
vt 0.932485342 0.226027369
v 768 -532 768
vn 0 0 1
vt 0.928571403 0.226027369
v 768 -436 768
vn 0 0 1
vt 0.928571403 0.253424644
f 5876/5876/5876 5875/5875/5875 5874/5874/5874 5873/5873/5873
v 1016 -532 640
vn 0 1 0
vt 0.84014082 0.0662100315
v 1024 -532 640
vn 0 1 0
vt 0.839429975 0.0662100315
v 1024 -532 736
vn 0 1 0
vt 0.839429975 0.079908669
v 992 -532 736
vn 0 1 0
vt 0.842273414 0.079908669
v 992 -532 640
vn 0 1 0
vt 0.842273414 0.0662100315
f 5881/5881/5881 5880/5880/5880 5879/5879/5879 5878/5878/5878 5877/5877/5877
v 736 -532 640
vn 0 1 0
vt 0.172261521 0.102739751
v 768 -532 768
vn 0 1 0
vt 0.169418097 0.121004581
v 736 -532 768
vn 0 1 0
vt 0.172261521 0.121004581
f 5884/5884/5884 5883/5883/5883 5882/5882/5882
v 928 -532 640
vn 0 1 0
vt 0.182598233 0.102739751
v 992 -532 640
vn 0 1 0
vt 0.176911354 0.102739751
v 992 -532 736
vn 0 1 0
vt 0.176911354 0.116438329
v 992 -532 768
vn 0 1 0
vt 0.176911354 0.121004581
v 768 -532 768
vn 0 1 0
vt 0.196815357 0.121004581
v 736 -532 640
vn 0 1 0
vt 0.199658781 0.102739751
f 5890/5890/5890 5889/5889/5889 5888/5888/5888 5887/5887/5887 5886/5886/5886 5885/5885/5885
v 992 -436 768
vn 1 0 0
vt 0.910024941 0.0342465639
v 992 -532 768
vn 1 0 0
vt 0.92069912 0.0342465639
v 992 -532 736
vn 1 0 0
vt 0.92069912 0.0251141787
v 992 -436 736
vn 1 0 0
vt 0.910024941 0.0251141787
f 5894/5894/5894 5893/5893/5893 5892/5892/5892 5891/5891/5891
v 992 -436 736
vn 0 0 1
vt 0.939601481 0.253424644
v 992 -532 736
vn 0 0 1
vt 0.939601481 0.226027369
v 1024 -532 736
vn 0 0 1
vt 0.936043382 0.226027369
v 1024 -436 736
vn 0 0 1
vt 0.936043382 0.253424644
f 5898/5898/5898 5897/5897/5897 5896/5896/5896 5895/5895/5895
v 992 -532 128
vn 0 0 1
vt 0.239509001 0.84353596
v 736 -532 128
vn 0 0 1
vt 0.262791634 0.84353596
v 736 -559.569214 128
vn 0 0 1
vt 0.262791634 0.779609025
v 992 -559.569214 128
vn 0 0 1
vt 0.239509001 0.779609025
f 5902/5902/5902 5901/5901/5901 5900/5900/5900 5899/5899/5899
v 992 -559.569214 128
vn 0 0 1
vt 0.204283953 0.11750859
v 736 -559.569214 128
vn 0 0 1
vt 0.227566615 0.11750859
v 736 -564 128
vn 0 0 1
vt 0.227566615 0.107234597
v 992 -564 128
vn 0 0 1
vt 0.204283953 0.107234597
f 5906/5906/5906 5905/5905/5905 5904/5904/5904 5903/5903/5903
v 928 -436 352
vn 0 0 1
vt 0.923441589 0.326357186
v 992 -436 352
vn 0 0 1
vt 0.929427564 0.326357186
v 992 -524.615356 352
vn 0 0 1
vt 0.929427564 0.298257411
v 928 -524.615356 352
vn 0 0 1
vt 0.923441589 0.298257411
f 5910/5910/5910 5909/5909/5909 5908/5908/5908 5907/5907/5907
v 928 -524.615356 352
vn 0 1 0
vt 0.0202807449 0.517123282
v 992 -524.615356 352
vn 0 1 0
vt 0.0144600766 0.517123282
v 992 -524.615356 628.148132
vn 0 1 0
vt 0.0144600766 0.566379189
v 928 -524.615356 628.148132
vn 0 1 0
vt 0.0202807449 0.566379189
f 5914/5914/5914 5913/5913/5913 5912/5912/5912 5911/5911/5911
v 992 -436 384
vn 1 0 0
vt 0.369400948 0.422374427
v 992 -436 628.148132
vn 1 0 0
vt 0.369400948 0.457212925
v 992 -524.615356 628.148132
vn 1 0 0
vt 0.375422359 0.457212925
v 992 -524.615356 352
vn 1 0 0
vt 0.375422359 0.417808235
v 992 -436 352
vn 1 0 0
vt 0.369400948 0.417808235
f 5919/5919/5919 5918/5918/5918 5917/5917/5917 5916/5916/5916 5915/5915/5915
v 928 -524.615356 628.148132
vn 0 0 1
vt 0.787671208 0.200050175
v 992 -524.615356 628.148132
vn 0 0 1
vt 0.77984345 0.200050175
v 992 -436 628.148132
vn 0 0 1
vt 0.77984345 0.21835196
v 928 -436 628.148132
vn 0 0 1
vt 0.787671208 0.21835196
f 5923/5923/5923 5922/5922/5922 5921/5921/5921 5920/5920/5920
v 928 -524.615356 640
vn 0 1 0
vt 0.943959832 0.253424644
v 736 -524.615356 640
vn 0 1 0
vt 0.961421788 0.253424644
v 736 -524.615356 496
vn 0 1 0
vt 0.961421788 0.227739751
f 5926/5926/5926 5925/5925/5925 5924/5924/5924
v 812.799988 -436 553.599976
vn -0.600000024 0 0.800000012
vt 0.0225048922 0.544634759
v 928 -436 640
vn -0.600000024 0 0.800000012
vt 0.0225048922 0.514106393
v 928 -524.615356 640
vn -0.600000024 0 0.800000012
vt 0.0333433673 0.514106393
v 736 -524.615356 496
vn -0.600000024 0 0.800000012
vt 0.0333433673 0.564986944
v 736 -436 496
vn -0.600000024 0 0.800000012
vt 0.0225048922 0.564986944
f 5931/5931/5931 5930/5930/5930 5929/5929/5929 5928/5928/5928 5927/5927/5927
v 992 -564 640
vn 0 1 0
vt 0.639160275 0.70091325
v 992 -564 281.600006
vn 0 1 0
vt 0.639160275 0.636986315
v 736 -564 281.600006
vn 0 1 0
vt 0.615877628 0.636986315
v 736 -564 640
vn 0 1 0
vt 0.615877628 0.70091325
f 5935/5935/5935 5934/5934/5934 5933/5933/5933 5932/5932/5932
v 992 -564 128
vn 0 1 0
vt 0.987496853 0.226027369
v 736 -564 128
vn 0 1 0
vt 0.964214206 0.226027369
v 736 -564 281.600006
vn 0 1 0
vt 0.964214206 0.253424644
v 992 -564 281.600006
vn 0 1 0
vt 0.987496853 0.253424644
f 5939/5939/5939 5938/5938/5938 5937/5937/5937 5936/5936/5936
v 992 -532 96
vn 1 0 0
vt 0.93263483 0.294520557
v 992 -532 128
vn 1 0 0
vt 0.93263483 0.32496196
v 992 -559.569214 128
vn 1 0 0
vt 0.9363814 0.32496196
f 5942/5942/5942 5941/5941/5941 5940/5940/5940
v 992 -564 128
vn 1 0 0
vt 0.942854404 0.32496196
v 992 -724 128
vn 1 0 0
vt 0.964598298 0.32496196
v 992 -724 96
vn 1 0 0
vt 0.964598298 0.294520557
v 992 -532 96
vn 1 0 0
vt 0.93850565 0.294520557
v 992 -559.569214 128
vn 1 0 0
vt 0.942252278 0.32496196
f 5947/5947/5947 5946/5946/5946 5945/5945/5945 5944/5944/5944 5943/5943/5943
v 1024 -510.666656 0
vn 0 0 1
vt 0.265746176 0.843036532
v 992 -510.666656 0
vn 0 0 1
vt 0.267195761 0.843036532
v 992 -525.599976 0
vn 0 0 1
vt 0.267195761 0.779109716
v 1024 -525.599976 0
vn 0 0 1
vt 0.265746176 0.779109716
f 5951/5951/5951 5950/5950/5950 5949/5949/5949 5948/5948/5948
v 1024 -495.733337 0
vn 0 0 1
vt 0.271617025 0.843036532
v 992 -495.733337 0
vn 0 0 1
vt 0.27306661 0.843036532
v 992 -510.666656 0
vn 0 0 1
vt 0.27306661 0.779109597
v 1024 -510.666656 0
vn 0 0 1
vt 0.271617025 0.779109597
f 5955/5955/5955 5954/5954/5954 5953/5953/5953 5952/5952/5952
v 1024 -480.799988 0
vn 0 0 1
vt 0.277487844 0.843036532
v 992 -480.799988 0
vn 0 0 1
vt 0.278937429 0.843036532
v 992 -495.733337 0
vn 0 0 1
vt 0.278937429 0.779109597
v 1024 -495.733337 0
vn 0 0 1
vt 0.277487844 0.779109597
f 5959/5959/5959 5958/5958/5958 5957/5957/5957 5956/5956/5956
v 1024 -465.866669 0
vn 0 0 1
vt 0.283358693 0.843036532
v 992 -465.866669 0
vn 0 0 1
vt 0.284808278 0.843036532
v 992 -480.799988 0
vn 0 0 1
vt 0.284808278 0.779109597
v 1024 -480.799988 0
vn 0 0 1
vt 0.283358693 0.779109597
f 5963/5963/5963 5962/5962/5962 5961/5961/5961 5960/5960/5960
v 1024 -450.933319 0
vn 0 0 1
vt 0.289229542 0.843036532
v 992 -450.933319 0
vn 0 0 1
vt 0.290679127 0.843036532
v 992 -465.866669 0
vn 0 0 1
vt 0.290679127 0.779109597
v 1024 -465.866669 0
vn 0 0 1
vt 0.289229542 0.779109597
f 5967/5967/5967 5966/5966/5966 5965/5965/5965 5964/5964/5964
v 1024 -436 0
vn 0 0 1
vt 0.295100391 0.843036532
v 992 -436 0
vn 0 0 1
vt 0.296549976 0.843036532
v 992 -450.933319 0
vn 0 0 1
vt 0.296549976 0.779109597
v 1024 -450.933319 0
vn 0 0 1
vt 0.295100391 0.779109597
f 5971/5971/5971 5970/5970/5970 5969/5969/5969 5968/5968/5968
v 1024 -525.599976 0
vn 0 0 1
vt 0.96829021 0.322488725
v 992 -525.599976 0
vn 0 0 1
vt 0.969739795 0.322488725
v 992 -532 0
vn 0 0 1
vt 0.969739795 0.295091331
v 1024 -532 0
vn 0 0 1
vt 0.96829021 0.295091331
f 5975/5975/5975 5974/5974/5974 5973/5973/5973 5972/5972/5972
v 1024 -532 0
vn 0 1 0
vt 0.847756743 0.0662100315
v 992 -532 0
vn 0 1 0
vt 0.846307158 0.0662100315
v 992 -532 96
vn 0 1 0
vt 0.846307158 0.079908669
v 1024 -532 96
vn 0 1 0
vt 0.847756743 0.079908669
f 5979/5979/5979 5978/5978/5978 5977/5977/5977 5976/5976/5976
v 1024 -532 96
vn 0 0 1
vt 0.539663136 0.505654931
v 992 -532 96
vn 0 0 1
vt 0.542458713 0.505654931
v 992 -724 96
vn 0 0 1
vt 0.542458713 0.465066373
v 1024 -724 96
vn 0 0 1
vt 0.539663136 0.465066373
f 5983/5983/5983 5982/5982/5982 5981/5981/5981 5980/5980/5980
v 992 -532 96
vn 0 1 0
vt 0.943737745 0.0291431546
v 992 -532 0
vn 0 1 0
vt 0.943737745 0.0251141787
v 736 -532 -0
vn 0 1 0
vt 0.924168289 0.0251141787
v 736 -532 128
vn 0 1 0
vt 0.924168289 0.0304861665
v 992 -532 128
vn 0 1 0
vt 0.943737745 0.0304861665
f 5988/5988/5988 5987/5987/5987 5986/5986/5986 5985/5985/5985 5984/5984/5984
v 768 -436 0
vn 0 0 1
vt 0.807240725 0.21796149
v 736 -436 0
vn 0 0 1
vt 0.809686899 0.21796149
v 736 -532 -0
vn 0 0 1
vt 0.809686899 0.200897455
v 992 -532 0
vn 0 0 1
vt 0.790117443 0.200897455
v 992 -525.599976 0
vn 0 0 1
vt 0.790117443 0.202035069
v 992 -510.666656 0
vn 0 0 1
vt 0.790117443 0.204689503
v 992 -495.733337 0
vn 0 0 1
vt 0.790117443 0.207343876
v 992 -480.799988 0
vn 0 0 1
vt 0.790117443 0.20999831
v 992 -465.866669 0
vn 0 0 1
vt 0.790117443 0.212652683
v 992 -450.933319 0
vn 0 0 1
vt 0.790117443 0.215307117
v 992 -436 0
vn 0 0 1
vt 0.790117443 0.21796149
f 5999/5999/5999 5998/5998/5998 5997/5997/5997 5996/5996/5996 5995/5995/5995 5994/5994/5994 5993/5993/5993 5992/5992/5992 5991/5991/5991 5990/5990/5990 5989/5989/5989
v 114.758629 -532 128
vn 0 0 1
vt 0.30363664 0.84353596
v 64 -532 128
vn 0 0 1
vt 0.30825305 0.84353596
v 64 -559.569214 128
vn 0 0 1
vt 0.30825305 0.779609025
v 133.517258 -559.569214 128
vn 0 0 1
vt 0.301930577 0.779609025
v 133.517258 -532 128
vn 0 0 1
vt 0.301930577 0.84353596
f 6004/6004/6004 6003/6003/6003 6002/6002/6002 6001/6001/6001 6000/6000/6000
v 736 -532 128
vn 0 0 1
vt 0.313672274 0.84353596
v 434.758636 -532 128
vn 0 0 1
vt 0.34106952 0.84353596
v 434.758636 -559.569214 128
vn 0 0 1
vt 0.34106952 0.779609025
v 736 -559.569214 128
vn 0 0 1
vt 0.313672274 0.779609025
f 6008/6008/6008 6007/6007/6007 6006/6006/6006 6005/6005/6005
v 416 -532 128
vn 0 0 1
vt 0.346689492 0.84353596
v 133.517258 -532 128
vn 0 0 1
vt 0.372380674 0.84353596
v 133.517258 -559.569214 128
vn 0 0 1
vt 0.372380674 0.779609025
v 434.758636 -559.569214 128
vn 0 0 1
vt 0.344983429 0.779609025
v 434.758636 -532 128
vn 0 0 1
vt 0.344983429 0.84353596
f 6013/6013/6013 6012/6012/6012 6011/6011/6011 6010/6010/6010 6009/6009/6009
v 365.241364 -564 128
vn 0 0 1
vt 0.237802938 0.107234597
v 434.758636 -564 128
vn 0 0 1
vt 0.231480509 0.107234597
v 434.758636 -559.569214 128
vn 0 0 1
vt 0.231480509 0.11750859
v 133.517258 -559.569214 128
vn 0 0 1
vt 0.258877754 0.11750859
v 133.517258 -564 128
vn 0 0 1
vt 0.258877754 0.107234597
f 6018/6018/6018 6017/6017/6017 6016/6016/6016 6015/6015/6015 6014/6014/6014
v 448 -564 128
vn 0 0 1
vt 0.288984656 0.107234597
v 736 -564 128
vn 0 0 1
vt 0.262791634 0.107234597
v 736 -559.569214 128
vn 0 0 1
vt 0.262791634 0.11750859
v 434.758636 -559.569214 128
vn 0 0 1
vt 0.290188909 0.11750859
v 434.758636 -564 128
vn 0 0 1
vt 0.290188909 0.107234597
f 6023/6023/6023 6022/6022/6022 6021/6021/6021 6020/6020/6020 6019/6019/6019
v 64 -564 128
vn 0 0 1
vt 0.300425261 0.107234597
v 133.517258 -564 128
vn 0 0 1
vt 0.294102788 0.107234597
v 133.517258 -559.569214 128
vn 0 0 1
vt 0.294102788 0.11750859
v 64 -559.569214 128
vn 0 0 1
vt 0.300425261 0.11750859
f 6027/6027/6027 6026/6026/6026 6025/6025/6025 6024/6024/6024
v 416 -524.615356 128
vn 0 0 1
vt 0.30559358 0.120933235
v 192 -524.615356 128
vn 0 0 1
vt 0.325965941 0.120933235
v 416 -532 128
vn 0 0 1
vt 0.30559358 0.103809953
f 6030/6030/6030 6029/6029/6029 6028/6028/6028
v 133.517258 -532 128
vn 0 0 1
vt 0.356725097 0.103809953
v 416 -532 128
vn 0 0 1
vt 0.331033915 0.103809953
v 192 -524.615356 128
vn 0 0 1
vt 0.351406246 0.120933235
v 114.758629 -524.615356 128
vn 0 0 1
vt 0.35843116 0.120933235
v 114.758629 -532 128
vn 0 0 1
vt 0.35843116 0.103809953
f 6035/6035/6035 6034/6034/6034 6033/6033/6033 6032/6032/6032 6031/6031/6031
v 64 -524.615356 128
vn 0 0 1
vt 0.366961449 0.120933235
v 64 -532 128
vn 0 0 1
vt 0.366961449 0.103809953
v 114.758629 -532 128
vn 0 0 1
vt 0.36234507 0.103809953
v 114.758629 -524.615356 128
vn 0 0 1
vt 0.36234507 0.120933235
f 6039/6039/6039 6038/6038/6038 6037/6037/6037 6036/6036/6036
v 192 -500 128
vn 0 0 1
vt 0.169275925 0.367579937
v 192 -524.615356 128
vn 0 0 1
vt 0.169275925 0.332455277
v 416 -524.615356 128
vn 0 0 1
vt 0.141878664 0.332455277
v 416 -500 128
vn 0 0 1
vt 0.141878664 0.367579937
f 6043/6043/6043 6042/6042/6042 6041/6041/6041 6040/6040/6040
v 192 -500 128
vn 0 0 1
vt 0.171232879 0.367579937
v 169.600006 -500 128
vn 0 0 1
vt 0.173972607 0.367579937
v 192 -524.615356 128
vn 0 0 1
vt 0.171232879 0.332455277
f 6046/6046/6046 6045/6045/6045 6044/6044/6044
v 96 -500 128
vn 0 0 1
vt 0.177103713 0.367579937
v 64 -500 128
vn 0 0 1
vt 0.181017607 0.367579937
v 64 -524.615356 128
vn 0 0 1
vt 0.181017607 0.332455277
f 6049/6049/6049 6048/6048/6048 6047/6047/6047
v 114.758629 -524.615356 128
vn 0 0 1
vt 0.192421883 0.332455277
v 192 -524.615356 128
vn 0 0 1
vt 0.182974562 0.332455277
v 169.600006 -500 128
vn 0 0 1
vt 0.18571429 0.367579937
v 96 -500 128
vn 0 0 1
vt 0.194716245 0.367579937
v 64 -524.615356 128
vn 0 0 1
vt 0.198630139 0.332455277
f 6054/6054/6054 6053/6053/6053 6052/6052/6052 6051/6051/6051 6050/6050/6050
v 96 -458.399994 128
vn 0 0 1
vt 0.374755383 0.845890403
v 64 -458.399994 128
vn 0 0 1
vt 0.378669262 0.845890403
v 64 -480.799988 128
vn 0 0 1
vt 0.378669262 0.781963468
v 96 -480.799988 128
vn 0 0 1
vt 0.374755383 0.781963468
f 6058/6058/6058 6057/6057/6057 6056/6056/6056 6055/6055/6055
v 96 -436 128
vn 0 0 1
vt 0.380626231 0.845890403
v 64 -436 128
vn 0 0 1
vt 0.384540111 0.845890403
v 64 -458.399994 128
vn 0 0 1
vt 0.384540111 0.781963468
v 96 -458.399994 128
vn 0 0 1
vt 0.380626231 0.781963468
f 6062/6062/6062 6061/6061/6061 6060/6060/6060 6059/6059/6059
v 96 -500 128
vn 0 0 1
vt 0.280821919 0.576484025
v 96 -480.799988 128
vn 0 0 1
vt 0.280821919 0.631278515
v 64 -480.799988 128
vn 0 0 1
vt 0.284735799 0.631278515
v 64 -500 128
vn 0 0 1
vt 0.284735799 0.576484025
f 6066/6066/6066 6065/6065/6065 6064/6064/6064 6063/6063/6063
v 192 -500 128
vn 0 0 1
vt 0.396548659 0.102739751
v 416 -500 128
vn 0 0 1
vt 0.371642053 0.102739751
v 416 -436 128
vn 0 0 1
vt 0.371642053 0.121004581
v 169.600006 -436 128
vn 0 0 1
vt 0.399039298 0.121004581
v 169.600006 -500 128
vn 0 0 1
vt 0.399039298 0.102739751
f 6071/6071/6071 6070/6070/6070 6069/6069/6069 6068/6068/6068 6067/6067/6067
v 96 -500 128
vn 0 0 1
vt 0.955168128 0.0251141787
v 169.600006 -500 128
vn 0 0 1
vt 0.946984529 0.0251141787
v 96 -480.799988 128
vn 0 0 1
vt 0.955168128 0.030593574
f 6074/6074/6074 6073/6073/6073 6072/6072/6072
v 96 -458.399994 128
vn 0 0 1
vt 0.411136806 0.114611924
v 96 -480.799988 128
vn 0 0 1
vt 0.411136806 0.108219147
v 169.600006 -500 128
vn 0 0 1
vt 0.402953207 0.102739751
v 169.600006 -436 128
vn 0 0 1
vt 0.402953207 0.121004581
v 96 -436 128
vn 0 0 1
vt 0.411136806 0.121004581
f 6079/6079/6079 6078/6078/6078 6077/6077/6077 6076/6076/6076 6075/6075/6075
v 448 -524.615356 640
vn 1 0 0
vt 0.415139824 0.102739751
v 448 -532 640
vn 1 0 0
vt 0.414709717 0.102739751
v 448 -532 768
vn 1 0 0
vt 0.414709717 0.121004581
v 448 -436 768
vn 1 0 0
vt 0.42030099 0.121004581
v 448 -436 640
vn 1 0 0
vt 0.42030099 0.102739751
f 6084/6084/6084 6083/6083/6083 6082/6082/6082 6081/6081/6081 6080/6080/6080
v 448 -436 352
vn 1 0 0
vt 0.979618847 0.295450687
v 448 -524.615356 352
vn 1 0 0
vt 0.974692285 0.295450687
v 448 -524.615356 640
vn 1 0 0
vt 0.974692285 0.32589215
v 448 -436 640
vn 1 0 0
vt 0.979618847 0.32589215
f 6088/6088/6088 6087/6087/6087 6086/6086/6086 6085/6085/6085
v 736 -564 640
vn 0 1 0
vt 0.670672178 0.70091325
v 736 -564 281.600006
vn 0 1 0
vt 0.670672178 0.636986315
v 448 -564 281.600006
vn 0 1 0
vt 0.644479156 0.636986315
v 448 -564 640
vn 0 1 0
vt 0.644479156 0.70091325
f 6092/6092/6092 6091/6091/6091 6090/6090/6090 6089/6089/6089
v 736 -564 128
vn 0 1 0
vt 0.0287934691 0.194063902
v 448 -564 128
vn 0 1 0
vt 0.00260048499 0.194063902
v 448 -564 281.600006
vn 0 1 0
vt 0.00260048499 0.221461177
v 736 -564 281.600006
vn 0 1 0
vt 0.0287934691 0.221461177
f 6096/6096/6096 6095/6095/6095 6094/6094/6094 6093/6093/6093
v 736 -564 640
vn 0 1 0
vt 0.450047672 0.102739751
v 448 -564 640
vn 0 1 0
vt 0.424456805 0.102739751
v 448 -564 768
vn 0 1 0
vt 0.424456805 0.121004581
v 736 -564 768
vn 0 1 0
vt 0.450047672 0.121004581
f 6100/6100/6100 6099/6099/6099 6098/6098/6098 6097/6097/6097
v 448 -436 352
vn 0 0 1
vt 0.984222114 0.326357186
v 544 -436 352
vn 0 0 1
vt 0.993201017 0.326357186
v 544 -524.615356 352
vn 0 0 1
vt 0.993201017 0.298257411
v 448 -524.615356 352
vn 0 0 1
vt 0.984222114 0.298257411
f 6104/6104/6104 6103/6103/6103 6102/6102/6102 6101/6101/6101
v 448 -524.615356 640
vn 0 0 1
vt 0.45465526 0.120933235
v 736 -524.615356 640
vn 0 0 1
vt 0.480848283 0.120933235
v 736 -532 640
vn 0 0 1
vt 0.480848283 0.103809953
v 448 -532 640
vn 0 0 1
vt 0.45465526 0.103809953
f 6108/6108/6108 6107/6107/6107 6106/6106/6106 6105/6105/6105
v 544 -436 768
vn 0 0 1
vt 0.0557729937 0.221461177
v 512 -436 768
vn 0 0 1
vt 0.059686888 0.221461177
v 512 -532 768
vn 0 0 1
vt 0.059686888 0.194063902
v 736 -532 768
vn 0 0 1
vt 0.0322896279 0.194063902
v 736 -436 768
vn 0 0 1
vt 0.0322896279 0.221461177
f 6113/6113/6113 6112/6112/6112 6111/6111/6111 6110/6110/6110 6109/6109/6109
v 448 -436 768
vn 0 0 1
vt 0.0694716275 0.221461177
v 448 -532 768
vn 0 0 1
vt 0.0694716275 0.194063902
v 512 -532 768
vn 0 0 1
vt 0.0616438352 0.194063902
v 512 -436 768
vn 0 0 1
vt 0.0616438352 0.221461177
f 6117/6117/6117 6116/6116/6116 6115/6115/6115 6114/6114/6114
v 512 -532 768
vn 0 1 0
vt 0.505277097 0.121004581
v 448 -532 768
vn 0 1 0
vt 0.510963917 0.121004581
v 448 -532 640
vn 0 1 0
vt 0.510963917 0.102739751
v 736 -532 640
vn 0 1 0
vt 0.48537305 0.102739751
v 736 -532 768
vn 0 1 0
vt 0.48537305 0.121004581
f 6122/6122/6122 6121/6121/6121 6120/6120/6120 6119/6119/6119 6118/6118/6118
v 448 -524.615356 640
vn 0 1 0
vt 0.063935712 0.568493128
v 448 -524.615356 352
vn 0 1 0
vt 0.063935712 0.517123282
v 544 -524.615356 352
vn 0 1 0
vt 0.055204723 0.517123282
v 736 -524.615356 496
vn 0 1 0
vt 0.037742734 0.542808175
v 736 -524.615356 640
vn 0 1 0
vt 0.037742734 0.568493128
f 6127/6127/6127 6126/6126/6126 6125/6125/6125 6124/6124/6124 6123/6123/6123
v 686.769226 -436 459.076904
vn -0.600000024 0 0.800000012
vt 0.0675146803 0.527804971
v 736 -436 496
vn -0.600000024 0 0.800000012
vt 0.0675146803 0.514758706
v 736 -524.615356 496
vn -0.600000024 0 0.800000012
vt 0.0783531517 0.514758706
v 544 -524.615356 352
vn -0.600000024 0 0.800000012
vt 0.0783531517 0.565639257
v 544 -436 352
vn -0.600000024 0 0.800000012
vt 0.0675146803 0.565639257
f 6132/6132/6132 6131/6131/6131 6130/6130/6130 6129/6129/6129 6128/6128/6128
v 64 -500 352
vn 1 0 0
vt 0.513698637 0.119903803
v 64 -524.615356 352
vn 1 0 0
vt 0.516709328 0.119903803
v 64 -524.615356 281.600006
vn 1 0 0
vt 0.516709328 0.105552852
f 6135/6135/6135 6134/6134/6134 6133/6133/6133
v 64 -500 195.199997
vn 1 0 0
vt 0.66829747 0.535428882
v 64 -500 352
vn 1 0 0
vt 0.66829747 0.567392349
v 64 -524.615356 281.600006
vn 1 0 0
vt 0.6713081 0.553041458
v 64 -524.615356 128
vn 1 0 0
vt 0.6713081 0.521730244
v 64 -500 128
vn 1 0 0
vt 0.66829747 0.521730244
f 6140/6140/6140 6139/6139/6139 6138/6138/6138 6137/6137/6137 6136/6136/6136
v 64 -524.615356 352
vn 1 0 0
vt 0.674368262 0.649543405
v 64 -524.615356 640
vn 1 0 0
vt 0.674368262 0.70091325
v 64 -552.184631 640
vn 1 0 0
vt 0.676475704 0.70091325
v 64 -564 640
vn 1 0 0
vt 0.677378893 0.70091325
v 64 -564 281.600006
vn 1 0 0
vt 0.677378893 0.636986315
v 64 -524.615356 281.600006
vn 1 0 0
vt 0.674368262 0.636986315
f 6146/6146/6146 6145/6145/6145 6144/6144/6144 6143/6143/6143 6142/6142/6142 6141/6141/6141
v 64 -564 281.600006
vn 1 0 0
vt 0.0726822391 0.221461177
v 64 -564 128
vn 1 0 0
vt 0.0726822391 0.194063902
v 64 -559.569214 128
vn 1 0 0
vt 0.0723435357 0.194063902
f 6149/6149/6149 6148/6148/6148 6147/6147/6147
v 64 -532 128
vn 1 0 0
vt 0.0761068985 0.194063902
v 64 -524.615356 128
vn 1 0 0
vt 0.0755423903 0.194063902
v 64 -524.615356 281.600006
vn 1 0 0
vt 0.0755423903 0.221461177
v 64 -564 281.600006
vn 1 0 0
vt 0.0785530806 0.221461177
v 64 -559.569214 128
vn 1 0 0
vt 0.0782143772 0.194063902
f 6154/6154/6154 6153/6153/6153 6152/6152/6152 6151/6151/6151 6150/6150/6150
v 64 -500 195.199997
vn 1 0 0
vt 0.394324839 0.780699611
v 64 -436 195.199997
vn 1 0 0
vt 0.386497051 0.780699611
v 64 -436 352
vn 1 0 0
vt 0.386497051 0.844626546
v 64 -500 352
vn 1 0 0
vt 0.394324839 0.844626546
f 6158/6158/6158 6157/6157/6157 6156/6156/6156 6155/6155/6155
v 64 -500 195.199997
vn 1 0 0
vt 0.00489236787 0.287548959
v 64 -500 128
vn 1 0 0
vt 0.00489236787 0.260151684
v 64 -480.799988 128
vn 1 0 0
vt 0.00254402985 0.260151684
f 6161/6161/6161 6160/6160/6160 6159/6159/6159
v 64 -458.399994 128
vn 1 0 0
vt 0.00958904065 0.260151684
v 64 -436 128
vn 1 0 0
vt 0.00684931502 0.260151684
v 64 -436 195.199997
vn 1 0 0
vt 0.00684931502 0.287548959
v 64 -500 195.199997
vn 1 0 0
vt 0.0146771036 0.287548959
v 64 -480.799988 128
vn 1 0 0
vt 0.0123287654 0.260151684
f 6166/6166/6166 6165/6165/6165 6164/6164/6164 6163/6163/6163 6162/6162/6162
v 64 -500 352
vn 1 0 0
vt 0.0243395306 0.258921027
v 64 -436 352
vn 1 0 0
vt 0.0172233582 0.258921027
v 64 -436 640
vn 1 0 0
vt 0.0172233582 0.289362431
v 64 -524.615356 640
vn 1 0 0
vt 0.0270765163 0.289362431
v 64 -524.615356 352
vn 1 0 0
vt 0.0270765163 0.258921027
f 6171/6171/6171 6170/6170/6170 6169/6169/6169 6168/6168/6168 6167/6167/6167
v 377.600006 -524.615356 640
vn 0 0 1
vt 0.399328858 0.846960604
v 416 -524.615356 640
vn 0 0 1
vt 0.402821273 0.846960604
v 416 -552.184631 640
vn 0 0 1
vt 0.402821273 0.783033669
v 365.241364 -552.184631 640
vn 0 0 1
vt 0.398204893 0.783033669
v 365.241364 -524.615356 640
vn 0 0 1
vt 0.398204893 0.846960604
f 6176/6176/6176 6175/6175/6175 6174/6174/6174 6173/6173/6173 6172/6172/6172
v 220.800003 -524.615356 640
vn 0 0 1
vt 0.422250241 0.846960604
v 365.241364 -524.615356 640
vn 0 0 1
vt 0.435386896 0.846960604
v 365.241364 -552.184631 640
vn 0 0 1
vt 0.435386896 0.783033669
v 64 -552.184631 640
vn 0 0 1
vt 0.407989621 0.783033669
v 64 -524.615356 640
vn 0 0 1
vt 0.407989621 0.846960604
f 6181/6181/6181 6180/6180/6180 6179/6179/6179 6178/6178/6178 6177/6177/6177
v 365.241364 -564 640
vn 0 0 1
vt 0.0596530214 0.262485743
v 64 -564 640
vn 0 0 1
vt 0.0322557613 0.262485743
v 64 -552.184631 640
vn 0 0 1
vt 0.0322557613 0.289883018
v 365.241364 -552.184631 640
vn 0 0 1
vt 0.0596530214 0.289883018
f 6185/6185/6185 6184/6184/6184 6183/6183/6183 6182/6182/6182
v 416 -564 640
vn 0 0 1
vt 0.0681833029 0.262485743
v 365.241364 -564 640
vn 0 0 1
vt 0.0635669231 0.262485743
v 365.241364 -552.184631 640
vn 0 0 1
vt 0.0635669231 0.289883018
v 416 -552.184631 640
vn 0 0 1
vt 0.0681833029 0.289883018
f 6189/6189/6189 6188/6188/6188 6187/6187/6187 6186/6186/6186
v 365.241364 -524.615356 640
vn 0 0 1
vt 0.313328445 0.577261686
v 220.800003 -524.615356 640
vn 0 0 1
vt 0.288090587 0.577261686
v 220.800003 -436 640
vn 0 0 1
vt 0.288090587 0.630906701
v 377.600006 -436 640
vn 0 0 1
vt 0.315487862 0.630906701
v 377.600006 -524.615356 640
vn 0 0 1
vt 0.315487862 0.577261686
f 6194/6194/6194 6193/6193/6193 6192/6192/6192 6191/6191/6191 6190/6190/6190
v 220.800003 -436 640
vn 0 0 1
vt 0.346799016 0.630906701
v 220.800003 -524.615356 640
vn 0 0 1
vt 0.346799016 0.577261686
v 64 -524.615356 640
vn 0 0 1
vt 0.319401711 0.577261686
v 64 -436 640
vn 0 0 1
vt 0.319401711 0.630906701
f 6198/6198/6198 6197/6197/6197 6196/6196/6196 6195/6195/6195
v 416 -436 640
vn 0 0 1
vt 0.357422411 0.630906701
v 416 -524.615356 640
vn 0 0 1
vt 0.357422411 0.577261686
v 377.600006 -524.615356 640
vn 0 0 1
vt 0.350712895 0.577261686
v 377.600006 -436 640
vn 0 0 1
vt 0.350712895 0.630906701
f 6202/6202/6202 6201/6201/6201 6200/6200/6200 6199/6199/6199
v 416 -564 768
vn 1 0 0
vt 0.520617843 0.121004581
v 416 -564 640
vn 1 0 0
vt 0.520617843 0.102739751
v 416 -552.184631 640
vn 1 0 0
vt 0.519929707 0.102739751
f 6205/6205/6205 6204/6204/6204 6203/6203/6203
v 416 -524.615356 640
vn 1 0 0
vt 0.530065656 0.102739751
v 416 -436 640
vn 1 0 0
vt 0.52490449 0.102739751
v 416 -436 768
vn 1 0 0
vt 0.52490449 0.121004581
f 6208/6208/6208 6207/6207/6207 6206/6206/6206
v 416 -548 768
vn 1 0 0
vt 0.54121232 0.121004581
v 416 -564 768
vn 1 0 0
vt 0.542144239 0.121004581
v 416 -552.184631 640
vn 1 0 0
vt 0.541456103 0.102739751
v 416 -524.615356 640
vn 1 0 0
vt 0.539850414 0.102739751
v 416 -436 768
vn 1 0 0
vt 0.534689248 0.121004581
f 6213/6213/6213 6212/6212/6212 6211/6211/6211 6210/6210/6210 6209/6209/6209
v 448 -564 640
vn 0 1 0
vt 0.547619045 0.102739751
v 416 -564 640
vn 0 1 0
vt 0.545755267 0.102739751
v 416 -564 768
vn 0 1 0
vt 0.545755267 0.121004581
v 448 -564 768
vn 0 1 0
vt 0.547619045 0.121004581
f 6217/6217/6217 6216/6216/6216 6215/6215/6215 6214/6214/6214
v 448 -532 768
vn 0 0 1
vt 0.439986944 0.791095912
v 448 -548 768
vn 0 0 1
vt 0.439986944 0.781963468
v 416 -548 768
vn 0 0 1
vt 0.438123196 0.781963468
v 416 -436 768
vn 0 0 1
vt 0.438123196 0.845890403
v 448 -436 768
vn 0 0 1
vt 0.439986944 0.845890403
f 6222/6222/6222 6221/6221/6221 6220/6220/6220 6219/6219/6219 6218/6218/6218
v 416 -564 768
vn 0 0 1
vt 0.851039052 0.069634676
v 416 -548 768
vn 0 0 1
vt 0.851039052 0.0787671208
v 448 -548 768
vn 0 0 1
vt 0.85290283 0.0787671208
v 448 -564 768
vn 0 0 1
vt 0.85290283 0.069634676
f 6226/6226/6226 6225/6225/6225 6224/6224/6224 6223/6223/6223
v 378 -500 160
vn 0 1 0
vt 0.383317024 0.418664396
v 416 -500 160
vn 0 1 0
vt 0.378669262 0.418664396
v 416 -500 352
vn 0 1 0
vt 0.378669262 0.457803309
v 350 -500 160
vn 0 1 0
vt 0.386741698 0.418664396
f 6230/6230/6230 6229/6229/6229 6228/6228/6228 6227/6227/6227
v 259.200012 -500 352
vn 0 1 0
vt 0.409589052 0.457803309
v 192 -500 352
vn 0 1 0
vt 0.417808205 0.457803309
v 192 -500 160
vn 0 1 0
vt 0.417808205 0.418664396
v 350 -500 160
vn 0 1 0
vt 0.398483366 0.418664396
v 416 -500 352
vn 0 1 0
vt 0.39041096 0.457803309
f 6235/6235/6235 6234/6234/6234 6233/6233/6233 6232/6232/6232 6231/6231/6231
v 96 -500 195.199997
vn 0 1 0
vt 0.431506842 0.425839841
v 96 -500 160
vn 0 1 0
vt 0.431506842 0.418664396
v 192 -500 160
vn 0 1 0
vt 0.419765174 0.418664396
v 192 -500 352
vn 0 1 0
vt 0.419765174 0.457803309
v 96 -500 352
vn 0 1 0
vt 0.431506842 0.457803309
f 6240/6240/6240 6239/6239/6239 6238/6238/6238 6237/6237/6237 6236/6236/6236
v 288 -436 352
vn 0 0 1
vt 0.457506269 0.457390726
v 259.200012 -436 352
vn 0 0 1
vt 0.462538451 0.457390726
v 259.200012 -500 352
vn 0 0 1
vt 0.462538451 0.41864711
v 416 -500 352
vn 0 0 1
vt 0.435141176 0.41864711
v 416 -436 352
vn 0 0 1
vt 0.435141176 0.457390726
f 6245/6245/6245 6244/6244/6244 6243/6243/6243 6242/6242/6242 6241/6241/6241
v 192 -500 352
vn 0 0 1
vt 0.478194028 0.41864711
v 259.200012 -500 352
vn 0 0 1
vt 0.46645233 0.41864711
v 259.200012 -436 352
vn 0 0 1
vt 0.46645233 0.457390726
f 6248/6248/6248 6247/6247/6247 6246/6246/6246
v 131.199997 -436 352
vn 0 0 1
vt 0.504473031 0.457390726
v 96 -436 352
vn 0 0 1
vt 0.510623395 0.457390726
v 96 -500 352
vn 0 0 1
vt 0.510623395 0.41864711
v 192 -500 352
vn 0 0 1
vt 0.493849605 0.41864711
v 259.200012 -436 352
vn 0 0 1
vt 0.482107908 0.457390726
f 6253/6253/6253 6252/6252/6252 6251/6251/6251 6250/6250/6250 6249/6249/6249
v 96 -500 352
vn 1 0 0
vt 0.44324854 0.844626546
v 96 -436 352
vn 1 0 0
vt 0.451076329 0.844626546
v 96 -436 195.199997
vn 1 0 0
vt 0.451076329 0.780699611
v 96 -500 195.199997
vn 1 0 0
vt 0.44324854 0.780699611
f 6257/6257/6257 6256/6256/6256 6255/6255/6255 6254/6254/6254
v 96 -500 195.199997
vn 1 0 0
vt 0.550880611 0.118599176
v 96 -436 195.199997
vn 1 0 0
vt 0.558708429 0.118599176
v 96 -436 160
vn 1 0 0
vt 0.558708429 0.104248166
v 96 -500 160
vn 1 0 0
vt 0.550880611 0.104248166
f 6261/6261/6261 6260/6260/6260 6259/6259/6259 6258/6258/6258
v 378 -454 160
vn 0 0 1
vt 0.561510444 0.115867555
v 378 -436 160
vn 0 0 1
vt 0.561510444 0.121004581
v 416 -436 160
vn 0 0 1
vt 0.565735638 0.121004581
v 416 -500 160
vn 0 0 1
vt 0.565735638 0.102739751
v 378 -500 160
vn 0 0 1
vt 0.561510444 0.102739751
f 6266/6266/6266 6265/6265/6265 6264/6264/6264 6263/6263/6263 6262/6262/6262
v 350 -500 160
vn 0 0 1
vt 0.85781002 0.0662100315
v 350 -454 160
vn 0 0 1
vt 0.85781002 0.0793378949
v 378 -454 160
vn 0 0 1
vt 0.86092335 0.0793378949
v 378 -500 160
vn 0 0 1
vt 0.86092335 0.0662100315
f 6270/6270/6270 6269/6269/6269 6268/6268/6268 6267/6267/6267
v 192 -500 160
vn 0 0 1
vt 0.579967976 0.102739751
v 96 -500 160
vn 0 0 1
vt 0.569293737 0.102739751
v 96 -436 160
vn 0 0 1
vt 0.569293737 0.121004581
f 6273/6273/6273 6272/6272/6272 6271/6271/6271
v 288 -436 160
vn 0 0 1
vt 0.604340851 0.121004581
v 350 -436 160
vn 0 0 1
vt 0.611234665 0.121004581
v 350 -454 160
vn 0 0 1
vt 0.611234665 0.115867555
v 350 -500 160
vn 0 0 1
vt 0.611234665 0.102739751
v 192 -500 160
vn 0 0 1
vt 0.593666613 0.102739751
v 96 -436 160
vn 0 0 1
vt 0.582992315 0.121004581
f 6279/6279/6279 6278/6278/6278 6277/6277/6277 6276/6276/6276 6275/6275/6275 6274/6274/6274
v 416 -500 352
vn 1 0 0
vt 0.817514658 0.221012712
v 416 -500 160
vn 1 0 0
vt 0.817514658 0.201443255
v 416 -436 160
vn 1 0 0
vt 0.814383566 0.201443255
v 416 -436 352
vn 1 0 0
vt 0.814383566 0.221012712
f 6283/6283/6283 6282/6282/6282 6281/6281/6281 6280/6280/6280
v 416 -564 640
vn 0 1 0
vt 0.686578631 0.70091325
v 448 -564 640
vn 0 1 0
vt 0.689488947 0.70091325
v 448 -564 281.600006
vn 0 1 0
vt 0.689488947 0.636986315
v 365.241364 -564 281.600006
vn 0 1 0
vt 0.681962252 0.636986315
v 365.241364 -564 640
vn 0 1 0
vt 0.681962252 0.70091325
f 6288/6288/6288 6287/6287/6287 6286/6286/6286 6285/6285/6285 6284/6284/6284
v 64 -564 640
vn 0 1 0
vt 0.69370389 0.70091325
v 365.241364 -564 640
vn 0 1 0
vt 0.721101165 0.70091325
v 365.241364 -564 281.600006
vn 0 1 0
vt 0.721101165 0.636986315
v 64 -564 281.600006
vn 0 1 0
vt 0.69370389 0.636986315
f 6292/6292/6292 6291/6291/6291 6290/6290/6290 6289/6289/6289
v 133.517258 -564 128
vn 0 1 0
vt 0.0894588307 0.194063902
v 64 -564 128
vn 0 1 0
vt 0.0831363872 0.194063902
v 64 -564 281.600006
vn 0 1 0
vt 0.0831363872 0.221461177
v 365.241364 -564 281.600006
vn 0 1 0
vt 0.110533655 0.221461177
v 365.241364 -564 128
vn 0 1 0
vt 0.110533655 0.194063902
f 6297/6297/6297 6296/6296/6296 6295/6295/6295 6294/6294/6294 6293/6293/6293
v 434.758636 -564 128
vn 0 1 0
vt 0.120769985 0.194063902
v 365.241364 -564 128
vn 0 1 0
vt 0.114447549 0.194063902
v 365.241364 -564 281.600006
vn 0 1 0
vt 0.114447549 0.221461177
v 448 -564 281.600006
vn 0 1 0
vt 0.121974267 0.221461177
v 448 -564 128
vn 0 1 0
vt 0.121974267 0.194063902
f 6302/6302/6302 6301/6301/6301 6300/6300/6300 6299/6299/6299 6298/6298/6298
v 416 -532 -0
vn 1 0 0
vt 0.822284758 0.198630154
v 416 -524.615356 128
vn 1 0 0
vt 0.82207948 0.221461177
v 416 -532 128
vn 1 0 0
vt 0.822284758 0.221461177
f 6305/6305/6305 6304/6304/6304 6303/6303/6303
v 416 -500 128
vn 1 0 0
vt 0.827266037 0.221461177
v 416 -524.615356 128
vn 1 0 0
vt 0.827950299 0.221461177
v 416 -532 -0
vn 1 0 0
vt 0.828155577 0.198630154
v 416 -436 -0
vn 1 0 0
vt 0.825487018 0.198630154
v 416 -436 128
vn 1 0 0
vt 0.825487018 0.221461177
f 6310/6310/6310 6309/6309/6309 6308/6308/6308 6307/6307/6307 6306/6306/6306
v 434.758636 -532 128
vn 0 1 0
vt 0.833323777 0.221461177
v 736 -532 128
vn 0 1 0
vt 0.855430543 0.221461177
v 736 -532 -0
vn 0 1 0
vt 0.855430543 0.198630154
v 416 -532 -0
vn 0 1 0
vt 0.831947148 0.198630154
v 416 -532 128
vn 0 1 0
vt 0.831947148 0.221461177
f 6315/6315/6315 6314/6314/6314 6313/6313/6313 6312/6312/6312 6311/6311/6311
v 416 -436 -0
vn 0 0 1
vt 0.882338524 0.218659222
v 416 -532 -0
vn 0 0 1
vt 0.882338524 0.203092515
v 736 -532 -0
vn 0 0 1
vt 0.858855188 0.203092515
v 736 -436 0
vn 0 0 1
vt 0.858855188 0.218659222
f 6319/6319/6319 6318/6318/6318 6317/6317/6317 6316/6316/6316
v 1408 -1028 608
vn 0 1 0
vt 0.957925618 0.0251141787
v 1408 -1028 640
vn 0 1 0
vt 0.957925618 0.0342465639
v 1388.80005 -1028 640
vn 0 1 0
vt 0.960273981 0.0342465639
f 6322/6322/6322 6321/6321/6321 6320/6320/6320
v 1254.40002 -1028 640
vn 0 1 0
vt 0.964970648 0.0342465639
v 1252 -1028 640
vn 0 1 0
vt 0.965264201 0.0342465639
v 1252 -1028 608
vn 0 1 0
vt 0.965264201 0.0251141787
f 6325/6325/6325 6324/6324/6324 6323/6323/6323
v 1356 -1028 608
vn 0 1 0
vt 0.97407043 0.0251141787
v 1408 -1028 608
vn 0 1 0
vt 0.967710376 0.0251141787
v 1388.80005 -1028 640
vn 0 1 0
vt 0.970058739 0.0342465639
v 1254.40002 -1028 640
vn 0 1 0
vt 0.986497104 0.0342465639
v 1252 -1028 608
vn 0 1 0
vt 0.986790597 0.0251141787
f 6330/6330/6330 6329/6329/6329 6328/6328/6328 6327/6327/6327 6326/6326/6326
v 992 -884 96
vn 1 0 0
vt 0.0939742401 0.257990897
v 992 -724 96
vn 1 0 0
vt 0.0722303763 0.257990897
v 992 -724 128
vn 1 0 0
vt 0.0722303763 0.2884323
v 992 -884 128
vn 1 0 0
vt 0.0939742401 0.2884323
f 6334/6334/6334 6333/6333/6333 6332/6332/6332 6331/6331/6331
v 1269.01929 -788 128
vn 0 0 1
vt 0.515010774 0.442404509
v 1320.21936 -724 128
vn 0 0 1
vt 0.519483805 0.455933988
v 1328 -724 128
vn 0 0 1
vt 0.520163596 0.455933988
v 1344 -724 128
vn 0 0 1
vt 0.521561384 0.455933988
v 1408 -724 128
vn 0 0 1
vt 0.527152658 0.455933988
v 1408 -884 128
vn 0 0 1
vt 0.527152658 0.4221102
v 1337.59998 -884 128
vn 0 0 1
vt 0.521002233 0.4221102
v 1294.26868 -884 128
vn 0 0 1
vt 0.517216623 0.4221102
f 6342/6342/6342 6341/6341/6341 6340/6340/6340 6339/6339/6339 6338/6338/6338 6337/6337/6337 6336/6336/6336 6335/6335/6335
v 1263.00757 -765.142883 128
vn 0 0 1
vt 0.866736054 0.0682410002
v 1252.1864 -724 128
vn 0 0 1
vt 0.865790665 0.0769385695
v 1298.81201 -724 128
vn 0 0 1
vt 0.869864106 0.0769385695
v 1263.72266 -767.861755 128
vn 0 0 1
vt 0.86679852 0.0676662326
f 6346/6346/6346 6345/6345/6345 6344/6344/6344 6343/6343/6343
v 1259.78137 -765.142883 128
vn 0 0 1
vt 0.467236996 0.00431406498
v 1263.00757 -765.142883 128
vn 0 0 1
vt 0.467518836 0.00431406498
v 1263.72266 -767.861755 128
vn 0 0 1
vt 0.467581302 0.00373929739
v 1261.83423 -770.222229 128
vn 0 0 1
vt 0.467416346 0.0032402873
f 6350/6350/6350 6349/6349/6349 6348/6348/6348 6347/6347/6347
v 1269.01929 -788 128
vn 0 0 1
vt 0.127535224 0.218660176
v 1294.26868 -884 128
vn 0 0 1
vt 0.129741117 0.198365927
v 1252 -884 128
vn 0 0 1
vt 0.126048356 0.198365927
v 1252 -788 128
vn 0 0 1
vt 0.126048356 0.218660176
f 6354/6354/6354 6353/6353/6353 6352/6352/6352 6351/6351/6351
v 1261.83423 -770.222229 128
vn 0 0 1
vt 0.991878152 0.0306375623
v 1269.01929 -788 128
vn 0 0 1
vt 0.992505848 0.0268793702
v 1252 -788 128
vn 0 0 1
vt 0.991019011 0.0268793702
v 1252 -765.142883 128
vn 0 0 1
vt 0.991019011 0.03171134
v 1259.78137 -765.142883 128
vn 0 0 1
vt 0.991698802 0.03171134
f 6359/6359/6359 6358/6358/6358 6357/6357/6357 6356/6356/6356 6355/6355/6355
v 1252.1864 -724 128
vn 0 0 1
vt 0.875575423 0.0769385695
v 1263.00757 -765.142883 128
vn 0 0 1
vt 0.876520813 0.0682410002
v 1259.78137 -765.142883 128
vn 0 0 1
vt 0.876238942 0.0682410002
f 6362/6362/6362 6361/6361/6361 6360/6360/6360
v 1252 -765.142883 128
vn 0 0 1
vt 0.887300789 0.0682410002
v 1168.99243 -765.142883 128
vn 0 0 1
vt 0.880048931 0.0682410002
v 1179.8136 -724 128
vn 0 0 1
vt 0.88099432 0.0769385695
v 1252.1864 -724 128
vn 0 0 1
vt 0.887317121 0.0769385695
v 1259.78137 -765.142883 128
vn 0 0 1
vt 0.88798058 0.0682410002
f 6367/6367/6367 6366/6366/6366 6365/6365/6365 6364/6364/6364 6363/6363/6363
v 1168.27734 -767.861755 128
vn 0 0 1
vt 0.470984519 0.00373929739
v 1168.99243 -765.142883 128
vn 0 0 1
vt 0.471047014 0.00431406498
v 1170.16577 -770.222229 128
vn 0 0 1
vt 0.471149504 0.0032402873
f 6370/6370/6370 6369/6369/6369 6368/6368/6368
v 1184.38794 -788 128
vn 0 0 1
vt 0.00272469409 0.0131807327
v 1170.16577 -770.222229 128
vn 0 0 1
vt 0.00148219278 0.0169389248
v 1168.99243 -765.142883 128
vn 0 0 1
vt 0.00137968862 0.0180127025
v 1252 -765.142883 128
vn 0 0 1
vt 0.00863153301 0.0180127025
v 1252 -788 128
vn 0 0 1
vt 0.00863153301 0.0131807327
f 6375/6375/6375 6374/6374/6374 6373/6373/6373 6372/6372/6372 6371/6371/6371
v 1162.98071 -788 128
vn 0 0 1
vt 0.0125961602 0.0131807327
v 1170.16577 -770.222229 128
vn 0 0 1
vt 0.0132238753 0.0169389248
v 1184.38794 -788 128
vn 0 0 1
vt 0.014466377 0.0131807327
f 6378/6378/6378 6377/6377/6377 6376/6376/6376
v 1184.38794 -788 128
vn 0 0 1
vt 0.137754053 0.218660176
v 1252 -788 128
vn 0 0 1
vt 0.143660888 0.218660176
v 1252 -884 128
vn 0 0 1
vt 0.143660888 0.198365927
v 1137.73132 -884 128
vn 0 0 1
vt 0.133677945 0.198365927
v 1162.98071 -788 128
vn 0 0 1
vt 0.135883838 0.218660176
f 6383/6383/6383 6382/6382/6382 6381/6381/6381 6380/6380/6380 6379/6379/6379
v 1133.18799 -724 128
vn 0 0 1
vt 0.892576516 0.0769385695
v 1179.8136 -724 128
vn 0 0 1
vt 0.896649897 0.0769385695
v 1168.99243 -765.142883 128
vn 0 0 1
vt 0.895704508 0.0682410002
v 1168.27734 -767.861755 128
vn 0 0 1
vt 0.895642042 0.0676662326
f 6387/6387/6387 6386/6386/6386 6385/6385/6385 6384/6384/6384
v 1162.98071 -788 128
vn 0 0 1
vt 0.542928874 0.442404509
v 1137.73132 -884 128
vn 0 0 1
vt 0.540722966 0.4221102
v 1024 -884 128
vn 0 0 1
vt 0.530786991 0.4221102
v 1024 -724 128
vn 0 0 1
vt 0.530786991 0.455933988
v 1088 -724 128
vn 0 0 1
vt 0.536378264 0.455933988
v 1111.78064 -724 128
vn 0 0 1
vt 0.538455784 0.455933988
f 6393/6393/6393 6392/6392/6392 6391/6391/6391 6390/6390/6390 6389/6389/6389 6388/6388/6388
v 1269.01929 -788 864
vn 0 0 1
vt 0.562008381 0.490867555
v 1294.26868 -884 864
vn 0 0 1
vt 0.558920205 0.46347034
v 1408 -884 864
vn 0 0 1
vt 0.545009792 0.46347034
v 1408 -724 864
vn 0 0 1
vt 0.545009792 0.509132385
v 1344 -724 864
vn 0 0 1
vt 0.552837551 0.509132385
v 1328 -724 864
vn 0 0 1
vt 0.55479455 0.509132385
v 1320.21936 -724 864
vn 0 0 1
vt 0.555746198 0.509132385
f 6400/6400/6400 6399/6399/6399 6398/6398/6398 6397/6397/6397 6396/6396/6396 6395/6395/6395 6394/6394/6394
v 1162.98071 -788 864
vn 0 0 1
vt 0.148363411 0.221461177
v 1137.73132 -884 864
vn 0 0 1
vt 0.151451647 0.194063902
v 1184 -884 864
vn 0 0 1
vt 0.145792559 0.194063902
f 6403/6403/6403 6402/6402/6402 6401/6401/6401
v 1252 -788 864
vn 0 0 1
vt 0.159001961 0.221461177
v 1162.98071 -788 864
vn 0 0 1
vt 0.169889838 0.221461177
v 1184 -884 864
vn 0 0 1
vt 0.167318985 0.194063902
v 1294.26868 -884 864
vn 0 0 1
vt 0.153832108 0.194063902
v 1269.01929 -788 864
vn 0 0 1
vt 0.156920344 0.221461177
f 6408/6408/6408 6407/6407/6407 6406/6406/6406 6405/6405/6405 6404/6404/6404
v 1252 -765.142883 864
vn 0 0 1
vt 0.904598832 0.0681670308
v 1263.00757 -765.142883 864
vn 0 0 1
vt 0.903252482 0.0681670308
v 1295.92188 -724 864
vn 0 0 1
vt 0.899226785 0.079908669
v 1136.07812 -724 864
vn 0 0 1
vt 0.918777108 0.079908669
v 1168.99243 -765.142883 864
vn 0 0 1
vt 0.91475147 0.0681670308
f 6413/6413/6413 6412/6412/6412 6411/6411/6411 6410/6410/6410 6409/6409/6409
v 1162.98071 -788 864
vn 0 0 1
vt 0.565193176 0.490867555
v 1111.78064 -724 864
vn 0 0 1
vt 0.571455359 0.509132385
v 1088 -724 864
vn 0 0 1
vt 0.574364007 0.509132385
v 1024 -724 864
vn 0 0 1
vt 0.582191765 0.509132385
v 1024 -884 864
vn 0 0 1
vt 0.582191765 0.46347034
v 1137.73132 -884 864
vn 0 0 1
vt 0.568281353 0.46347034
f 6419/6419/6419 6418/6418/6418 6417/6417/6417 6416/6416/6416 6415/6415/6415 6414/6414/6414
v 1024 -884 896
vn 0 0 1
vt 0.584148705 0.46347034
v 1024 -724 896
vn 0 0 1
vt 0.584148705 0.509132385
v 1248 -724 896
vn 0 0 1
vt 0.61154598 0.509132385
v 1248 -884 896
vn 0 0 1
vt 0.61154598 0.46347034
f 6423/6423/6423 6422/6422/6422 6421/6421/6421 6420/6420/6420
v 1328 -724 896
vn 0 0 1
vt 0.623287678 0.509132385
v 1408 -724 896
vn 0 0 1
vt 0.633072436 0.509132385
v 1408 -884 896
vn 0 0 1
vt 0.633072436 0.46347034
v 1248 -884 896
vn 0 0 1
vt 0.61350292 0.46347034
v 1248 -724 896
vn 0 0 1
vt 0.61350292 0.509132385
f 6428/6428/6428 6427/6427/6427 6426/6426/6426 6425/6425/6425 6424/6424/6424
v 1440 -884 864
vn 1 0 0
vt 0.017263066 0.0116057992
v 1440 -884 896
vn 1 0 0
vt 0.017263066 0.0192161202
v 1440 -724 896
vn 1 0 0
vt 0.0452194512 0.0192161202
v 1440 -724 864
vn 1 0 0
vt 0.0452194512 0.0116057992
f 6432/6432/6432 6431/6431/6431 6430/6430/6430 6429/6429/6429
v 1408 -884 864
vn 1 0 0
vt 0.693737745 0.565258741
v 1408 -884 128
vn 1 0 0
vt 0.693737745 0.521499276
v 1408 -724 128
vn 1 0 0
vt 0.674168289 0.521499276
v 1408 -724 864
vn 1 0 0
vt 0.674168289 0.565258741
f 6436/6436/6436 6435/6435/6435 6434/6434/6434 6433/6433/6433
v 1440 -884 326.399994
vn 1 0 0
vt 0.0485742204 0.0116057992
v 1440 -884 358.399994
vn 1 0 0
vt 0.0485742204 0.0192161202
v 1440 -724 326.399994
vn 1 0 0
vt 0.0765306056 0.0116057992
f 6439/6439/6439 6438/6438/6438 6437/6437/6437
v 1440 -724 358.399994
vn 1 0 0
vt 0.481618673 0.786339402
v 1440 -724 326.399994
vn 1 0 0
vt 0.481618673 0.778729081
v 1440 -884 358.399994
vn 1 0 0
vt 0.453662276 0.786339402
v 1440 -884 595.200012
vn 1 0 0
vt 0.453662276 0.842656016
v 1440 -724 595.200012
vn 1 0 0
vt 0.481618673 0.842656016
f 6444/6444/6444 6443/6443/6443 6442/6442/6442 6441/6441/6441 6440/6440/6440
v 1440 -884 595.200012
vn 1 0 0
vt 0.079885371 0.0116057992
v 1440 -884 627.200012
vn 1 0 0
vt 0.079885371 0.0192161798
v 1440 -724 595.200012
vn 1 0 0
vt 0.10784176 0.0116057992
f 6447/6447/6447 6446/6446/6446 6445/6445/6445
v 1440 -724 627.200012
vn 1 0 0
vt 0.512929857 0.786339402
v 1440 -724 595.200012
vn 1 0 0
vt 0.512929857 0.778729081
v 1440 -884 627.200012
vn 1 0 0
vt 0.484973431 0.786339402
v 1440 -884 864
vn 1 0 0
vt 0.484973431 0.842656016
v 1440 -724 864
vn 1 0 0
vt 0.512929857 0.842656016
f 6452/6452/6452 6451/6451/6451 6450/6450/6450 6449/6449/6449 6448/6448/6448
v 1440 -884 128
vn 1 0 0
vt 0.0818423182 0.516932964
v 1440 -884 326.399994
vn 1 0 0
vt 0.0818423182 0.564117193
v 1440 -724 326.399994
vn 1 0 0
vt 0.109798707 0.564117193
v 1440 -724 128
vn 1 0 0
vt 0.109798707 0.516932964
f 6456/6456/6456 6455/6455/6455 6454/6454/6454 6453/6453/6453
v 1269.01929 -788 128
vn 0.780868828 -0.624695063 0
vt 0.0968888402 0.260298789
v 1269.01929 -788 340.363647
vn 0.780868828 -0.624695063 0
vt 0.0968888402 0.286649227
v 1320.21936 -724 340.363647
vn 0.780868828 -0.624695063 0
vt 0.106314749 0.286649227
v 1320.21936 -724 128
vn 0.780868828 -0.624695063 0
vt 0.106314749 0.260298789
f 6460/6460/6460 6459/6459/6459 6458/6458/6458 6457/6457/6457
v 1269.01929 -788 864
vn 0.780868828 -0.624695063 0
vt 0.516927063 0.846803665
v 1320.21936 -724 864
vn 0.780868828 -0.624695063 0
vt 0.52524811 0.846803665
v 1320.21936 -724 497.454529
vn 0.780868828 -0.624695063 0
vt 0.52524811 0.78287673
v 1269.01929 -788 497.454529
vn 0.780868828 -0.624695063 0
vt 0.516927063 0.78287673
f 6464/6464/6464 6463/6463/6463 6462/6462/6462 6461/6461/6461
v 1269.01929 -788 497.454529
vn 0.780868828 -0.624695063 0
vt 0.109882042 0.289726019
v 1320.21936 -724 497.454529
vn 0.780868828 -0.624695063 0
vt 0.118203096 0.289726019
v 1320.21936 -724 340.363647
vn 0.780868828 -0.624695063 0
vt 0.118203096 0.262328744
v 1269.01929 -788 340.363647
vn 0.780868828 -0.624695063 0
vt 0.109882042 0.262328744
f 6468/6468/6468 6467/6467/6467 6466/6466/6466 6465/6465/6465
v 1295.92188 -724 340.363647
vn 0 0 1
vt 0.529363751 0.846061707
v 1270.3219 -756 340.363647
vn 0 0 1
vt 0.532494903 0.782134712
v 1273.21204 -756 340.363647
vn 0 0 1
vt 0.532141387 0.782134712
v 1298.81201 -724 340.363647
vn 0 0 1
vt 0.529010296 0.846061707
f 6472/6472/6472 6471/6471/6471 6470/6470/6470 6469/6469/6469
v 1270.3219 -756 340.363647
vn 0 0 1
vt 0.174373537 0.220490873
v 1263.00757 -765.142883 340.363647
vn 0 0 1
vt 0.175268158 0.202226043
v 1263.72266 -767.861755 340.363647
vn 0 0 1
vt 0.175180689 0.19679451
v 1273.21204 -756 340.363647
vn 0 0 1
vt 0.174020052 0.220490873
f 6476/6476/6476 6475/6475/6475 6474/6474/6474 6473/6473/6473
v 1263.00757 -765.142883 864
vn 0.780868828 -0.624695063 -0
vt 0.541046083 0.846803665
v 1263.00757 -765.142883 497.454529
vn 0.780868828 -0.624695063 -0
vt 0.541046083 0.78287673
v 1295.92188 -724 497.454529
vn 0.780868828 -0.624695063 -0
vt 0.535696805 0.78287673
v 1295.92188 -724 864
vn 0.780868828 -0.624695063 -0
vt 0.535696805 0.846803665
f 6480/6480/6480 6479/6479/6479 6478/6478/6478 6477/6477/6477
v 1270.3219 -756 340.363647
vn 0.780868828 -0.624695063 -0
vt 0.124984547 0.262328744
v 1295.92188 -724 340.363647
vn 0.780868828 -0.624695063 -0
vt 0.120824009 0.262328744
v 1295.92188 -724 497.454529
vn 0.780868828 -0.624695063 -0
vt 0.120824009 0.289726019
v 1263.00757 -765.142883 497.454529
vn 0.780868828 -0.624695063 -0
vt 0.126173288 0.289726019
v 1263.00757 -765.142883 340.363647
vn 0.780868828 -0.624695063 -0
vt 0.126173288 0.262328744
f 6485/6485/6485 6484/6484/6484 6483/6483/6483 6482/6482/6482 6481/6481/6481
v 1273.21204 -756 340.363647
vn 0.780868828 -0.624695063 -0
vt 0.133014426 0.286649227
v 1263.72266 -767.861755 340.363647
vn 0.780868828 -0.624695063 -0
vt 0.134761423 0.286649227
v 1263.72266 -767.861755 128
vn 0.780868828 -0.624695063 -0
vt 0.134761423 0.260298789
v 1298.81201 -724 128
vn 0.780868828 -0.624695063 -0
vt 0.128301486 0.260298789
v 1298.81201 -724 340.363647
vn 0.780868828 -0.624695063 -0
vt 0.128301486 0.286649227
f 6490/6490/6490 6489/6489/6489 6488/6488/6488 6487/6487/6487 6486/6486/6486
v 1252 -765.142883 640
vn 1 0 0
vt 0.614691079 0.117090642
v 1252 -724 640
vn 1 0 0
vt 0.624755383 0.117090642
v 1252 -724 608
vn 1 0 0
vt 0.624755383 0.104044378
v 1252 -765.142883 608
vn 1 0 0
vt 0.614691079 0.104044378
f 6494/6494/6494 6493/6493/6493 6492/6492/6492 6491/6491/6491
v 1252 -884 640
vn 1 0 0
vt 0.628669262 0.117090642
v 1252 -788 640
vn 1 0 0
vt 0.652152658 0.117090642
v 1252 -788 608
vn 1 0 0
vt 0.652152658 0.104044378
v 1252 -884 608
vn 1 0 0
vt 0.628669262 0.104044378
f 6498/6498/6498 6497/6497/6497 6496/6496/6496 6495/6495/6495
v 1269.01929 -788 497.454529
vn 0 1 0
vt 0.18163152 0.198401809
v 1252 -788 497.454529
vn 0 1 0
vt 0.179549903 0.198401809
v 1252 -788 608
vn 0 1 0
vt 0.179549903 0.217681408
f 6501/6501/6501 6500/6500/6500 6499/6499/6499
v 1252 -788 640
vn 0 1 0
vt 0.543542087 0.807737231
v 1252 -788 864
vn 0 1 0
vt 0.543542087 0.846803665
v 1269.01929 -788 864
vn 0 1 0
vt 0.54562372 0.846803665
v 1269.01929 -788 497.454529
vn 0 1 0
vt 0.54562372 0.78287673
v 1252 -788 608
vn 0 1 0
vt 0.543542087 0.80215627
f 6506/6506/6506 6505/6505/6505 6504/6504/6504 6503/6503/6503 6502/6502/6502
v 1269.01929 -788 340.363647
vn 0 1 0
vt 0.140535623 0.262328744
v 1252 -788 340.363647
vn 0 1 0
vt 0.138454005 0.262328744
v 1252 -788 497.454529
vn 0 1 0
vt 0.138454005 0.289726019
v 1269.01929 -788 497.454529
vn 0 1 0
vt 0.140535623 0.289726019
f 6510/6510/6510 6509/6509/6509 6508/6508/6508 6507/6507/6507
v 1263.00757 -765.142883 497.454529
vn 0 1 0
vt 0.185052887 0.198401809
v 1252 -765.142883 608
vn 0 1 0
vt 0.186399221 0.217681408
v 1252 -765.142883 497.454529
vn 0 1 0
vt 0.186399221 0.198401809
f 6513/6513/6513 6512/6512/6512 6511/6511/6511
v 1252 -765.142883 640
vn 0 1 0
vt 0.550391376 0.807737231
v 1252 -765.142883 608
vn 0 1 0
vt 0.550391376 0.80215627
v 1263.00757 -765.142883 497.454529
vn 0 1 0
vt 0.549045026 0.78287673
v 1263.00757 -765.142883 864
vn 0 1 0
vt 0.549045026 0.846803665
v 1252 -765.142883 864
vn 0 1 0
vt 0.550391376 0.846803665
f 6518/6518/6518 6517/6517/6517 6516/6516/6516 6515/6515/6515 6514/6514/6514
v 1259.78137 -765.142883 340.363647
vn 0 1 0
vt 0.144351587 0.262328744
v 1263.00757 -765.142883 340.363647
vn 0 1 0
vt 0.143957004 0.262328744
v 1263.00757 -765.142883 497.454529
vn 0 1 0
vt 0.143957004 0.289726019
v 1252 -765.142883 497.454529
vn 0 1 0
vt 0.145303324 0.289726019
v 1252 -765.142883 340.363647
vn 0 1 0
vt 0.145303324 0.262328744
f 6523/6523/6523 6522/6522/6522 6521/6521/6521 6520/6520/6520 6519/6519/6519
v 1269.01929 -788 340.363647
vn 0.927140951 0.374712795 0
vt 0.150887176 0.286649227
v 1269.01929 -788 128
vn 0.927140951 0.374712795 0
vt 0.150887176 0.260298789
v 1261.83423 -770.222229 128
vn 0.927140951 0.374712795 0
vt 0.148741961 0.260298789
v 1261.83423 -770.222229 340.363647
vn 0.927140951 0.374712795 0
vt 0.148741961 0.286649227
f 6527/6527/6527 6526/6526/6526 6525/6525/6525 6524/6524/6524
v 1261.83423 -770.222229 128
vn 0.780868828 -0.624695063 -0
vt 0.154678553 0.260298789
v 1263.72266 -767.861755 128
vn 0.780868828 -0.624695063 -0
vt 0.154330894 0.260298789
v 1263.72266 -767.861755 340.363647
vn 0.780868828 -0.624695063 -0
vt 0.154330894 0.286649227
v 1261.83423 -770.222229 340.363647
vn 0.780868828 -0.624695063 -0
vt 0.154678553 0.286649227
f 6531/6531/6531 6530/6530/6530 6529/6529/6529 6528/6528/6528
v 1259.78137 -765.142883 340.363647
vn 0 0 1
vt 0.921259642 0.0786529779
v 1261.83423 -770.222229 340.363647
vn 0 0 1
vt 0.921008587 0.0685058236
v 1263.72266 -767.861755 340.363647
vn 0 0 1
vt 0.920777559 0.0732214451
v 1263.00757 -765.142883 340.363647
vn 0 0 1
vt 0.920864999 0.0786529779
f 6535/6535/6535 6534/6534/6534 6533/6533/6533 6532/6532/6532
v 1261.83423 -770.222229 340.363647
vn 0 0 1
vt 0.697916567 0.557090282
v 1259.78137 -765.142883 340.363647
vn 0 0 1
vt 0.698167682 0.567237496
v 1252 -765.142883 340.363647
vn 0 0 1
vt 0.699119389 0.567237496
v 1252 -788 340.363647
vn 0 0 1
vt 0.699119389 0.521575332
v 1269.01929 -788 340.363647
vn 0 0 1
vt 0.697037756 0.521575332
f 6540/6540/6540 6539/6539/6539 6538/6538/6538 6537/6537/6537 6536/6536/6536
v 1252 -788 640
vn 0 1 0
vt 0.557240725 0.419609368
v 1162.98071 -788 640
vn 0 1 0
vt 0.546352804 0.419609368
v 1162.98071 -788 864
vn 0 1 0
vt 0.546352804 0.458675802
v 1252 -788 864
vn 0 1 0
vt 0.557240725 0.458675802
f 6544/6544/6544 6543/6543/6543 6542/6542/6542 6541/6541/6541
v 1252 -788 497.454529
vn 0 1 0
vt 0.124755383 0.54543376
v 1252 -788 340.363647
vn 0 1 0
vt 0.124755383 0.518036485
v 1184.38794 -788 340.363647
vn 0 1 0
vt 0.116485804 0.518036485
v 1162.98071 -788 340.363647
vn 0 1 0
vt 0.113867506 0.518036485
v 1162.98071 -788 608
vn 0 1 0
vt 0.113867506 0.564713359
v 1252 -788 608
vn 0 1 0
vt 0.124755383 0.564713359
f 6550/6550/6550 6549/6549/6549 6548/6548/6548 6547/6547/6547 6546/6546/6546 6545/6545/6545
v 1168.99243 -765.142883 640
vn 0 1 0
vt 0.572285712 0.419609368
v 1252 -765.142883 640
vn 0 1 0
vt 0.562133074 0.419609368
v 1252 -765.142883 864
vn 0 1 0
vt 0.562133074 0.458675802
v 1168.99243 -765.142883 864
vn 0 1 0
vt 0.572285712 0.458675802
f 6554/6554/6554 6553/6553/6553 6552/6552/6552 6551/6551/6551
v 1252 -765.142883 497.454529
vn 0 1 0
vt 0.129647747 0.54543376
v 1252 -765.142883 608
vn 0 1 0
vt 0.129647747 0.564713359
v 1168.99243 -765.142883 608
vn 0 1 0
vt 0.13980034 0.564713359
v 1168.99243 -765.142883 340.363647
vn 0 1 0
vt 0.13980034 0.518036485
v 1252 -765.142883 340.363647
vn 0 1 0
vt 0.129647747 0.518036485
f 6559/6559/6559 6558/6558/6558 6557/6557/6557 6556/6556/6556 6555/6555/6555
v 1179.8136 -724 608
vn 0 0 1
vt 0.904155195 0.219667315
v 1168.99243 -765.142883 608
vn 0 0 1
vt 0.906802237 0.202893496
v 1252 -765.142883 608
vn 0 0 1
vt 0.88649708 0.202893496
v 1252 -724 608
vn 0 0 1
vt 0.88649708 0.219667315
f 6563/6563/6563 6562/6562/6562 6561/6561/6561 6560/6560/6560
v 1252 -765.142883 640
vn 0 0 1
vt 0.929549873 0.202893496
v 1168.99243 -765.142883 640
vn 0 0 1
vt 0.909244716 0.202893496
v 1179.8136 -724 640
vn 0 0 1
vt 0.911891758 0.219667315
v 1252 -724 640
vn 0 0 1
vt 0.929549873 0.219667315
f 6567/6567/6567 6566/6566/6566 6565/6565/6565 6564/6564/6564
v 1168.27734 -767.861755 340.363647
vn 0.780868828 0.624695063 0
vt 0.158813313 0.286649227
v 1168.27734 -767.861755 128
vn 0.780868828 0.624695063 0
vt 0.158813313 0.260298789
v 1170.16577 -770.222229 128
vn 0.780868828 0.624695063 0
vt 0.158465654 0.260298789
v 1170.16577 -770.222229 340.363647
vn 0.780868828 0.624695063 0
vt 0.158465654 0.286649227
f 6571/6571/6571 6570/6570/6570 6569/6569/6569 6568/6568/6568
v 1168.99243 -765.142883 340.363647
vn 0 0 1
vt 0.926493108 0.0786529779
v 1168.27734 -767.861755 340.363647
vn 0 0 1
vt 0.926580548 0.0732214451
v 1170.16577 -770.222229 340.363647
vn 0 0 1
vt 0.92634958 0.0685058236
f 6574/6574/6574 6573/6573/6573 6572/6572/6572
v 1184.38794 -788 340.363647
vn 0 0 1
vt 0.711302876 0.521575332
v 1252 -788 340.363647
vn 0 0 1
vt 0.703033268 0.521575332
v 1252 -765.142883 340.363647
vn 0 0 1
vt 0.703033268 0.567237496
v 1168.99243 -765.142883 340.363647
vn 0 0 1
vt 0.713185906 0.567237496
v 1170.16577 -770.222229 340.363647
vn 0 0 1
vt 0.713042319 0.557090282
f 6579/6579/6579 6578/6578/6578 6577/6577/6577 6576/6576/6576 6575/6575/6575
v 1162.98071 -788 340.363647
vn 0 0 1
vt 0.578891814 0.421118736
v 1184.38794 -788 340.363647
vn 0 0 1
vt 0.576273501 0.421118736
v 1170.16577 -770.222229 340.363647
vn 0 0 1
vt 0.578012943 0.456633687
f 6582/6582/6582 6581/6581/6581 6580/6580/6580
v 1162.98071 -788 340.363647
vn 0.927140951 -0.374712795 0
vt 0.162748292 0.286649227
v 1170.16577 -770.222229 340.363647
vn 0.927140951 -0.374712795 0
vt 0.164893508 0.286649227
v 1170.16577 -770.222229 128
vn 0.927140951 -0.374712795 0
vt 0.164893508 0.260298789
v 1162.98071 -788 128
vn 0.927140951 -0.374712795 0
vt 0.162748292 0.260298789
f 6586/6586/6586 6585/6585/6585 6584/6584/6584 6583/6583/6583
v 1162.98071 -788 608
vn 0 0 1
vt 0.604946017 0.458414853
v 1137.73132 -884 608
vn 0 0 1
vt 0.611122429 0.419275939
v 1140 -884 608
vn 0 0 1
vt 0.61056751 0.419275939
v 1252 -884 608
vn 0 0 1
vt 0.583170235 0.419275939
v 1252 -788 608
vn 0 0 1
vt 0.583170235 0.458414853
f 6591/6591/6591 6590/6590/6590 6589/6589/6589 6588/6588/6588 6587/6587/6587
v 1200 -884 640
vn 0 0 1
vt 0.629158497 0.419275939
v 1137.73132 -884 640
vn 0 0 1
vt 0.61392647 0.419275939
v 1162.98071 -788 640
vn 0 0 1
vt 0.620102942 0.458414853
v 1252 -788 640
vn 0 0 1
vt 0.641878664 0.458414853
v 1252 -884 640
vn 0 0 1
vt 0.641878664 0.419275939
f 6596/6596/6596 6595/6595/6595 6594/6594/6594 6593/6593/6593 6592/6592/6592
v 1111.78064 -724 864
vn 0.780868828 0.624695063 -0
vt 0.645690799 0.458675802
v 1162.98071 -788 864
vn 0.780868828 0.624695063 -0
vt 0.654011846 0.458675802
v 1162.98071 -788 640
vn 0.780868828 0.624695063 -0
vt 0.654011846 0.419609368
v 1111.78064 -724 640
vn 0.780868828 0.624695063 -0
vt 0.645690799 0.419609368
f 6600/6600/6600 6599/6599/6599 6598/6598/6598 6597/6597/6597
v 1162.98071 -788 340.363647
vn 0.780868828 0.624695063 -0
vt 0.177051097 0.286649227
v 1162.98071 -788 128
vn 0.780868828 0.624695063 -0
vt 0.177051097 0.260298789
v 1111.78064 -724 128
vn 0.780868828 0.624695063 -0
vt 0.167625189 0.260298789
v 1111.78064 -724 340.363647
vn 0.780868828 0.624695063 -0
vt 0.167625189 0.286649227
f 6604/6604/6604 6603/6603/6603 6602/6602/6602 6601/6601/6601
v 1111.78064 -724 608
vn 0.780868828 0.624695063 -0
vt 0.142755345 0.564713359
v 1162.98071 -788 608
vn 0.780868828 0.624695063 -0
vt 0.151076421 0.564713359
v 1162.98071 -788 340.363647
vn 0.780868828 0.624695063 -0
vt 0.151076421 0.518036485
v 1111.78064 -724 340.363647
vn 0.780868828 0.624695063 -0
vt 0.142755345 0.518036485
f 6608/6608/6608 6607/6607/6607 6606/6606/6606 6605/6605/6605
v 1136.07812 -724 340.363647
vn 0 0 1
vt 0.556741893 0.846061707
v 1133.18799 -724 340.363647
vn 0 0 1
vt 0.557095408 0.846061707
v 1158.78796 -756 340.363647
vn 0 0 1
vt 0.553964257 0.782134712
v 1161.6781 -756 340.363647
vn 0 0 1
vt 0.553610802 0.782134712
f 6612/6612/6612 6611/6611/6611 6610/6610/6610 6609/6609/6609
v 1168.27734 -767.861755 340.363647
vn 0 0 1
vt 0.190768421 0.19679451
v 1168.99243 -765.142883 340.363647
vn 0 0 1
vt 0.190680966 0.202226043
v 1161.6781 -756 340.363647
vn 0 0 1
vt 0.191575572 0.220490873
v 1158.78796 -756 340.363647
vn 0 0 1
vt 0.191929072 0.220490873
f 6616/6616/6616 6615/6615/6615 6614/6614/6614 6613/6613/6613
v 1168.99243 -765.142883 608
vn 0 0 1
vt 0.936156452 0.202893496
v 1179.8136 -724 608
vn 0 0 1
vt 0.933509409 0.219667315
v 1136.07812 -724 608
vn 0 0 1
vt 0.944207907 0.219667315
f 6619/6619/6619 6618/6618/6618 6617/6617/6617
v 1136.07812 -724 640
vn 0 0 1
vt 0.946203053 0.219667315
v 1179.8136 -724 640
vn 0 0 1
vt 0.95690155 0.219667315
v 1168.99243 -765.142883 640
vn 0 0 1
vt 0.954254508 0.202893496
f 6622/6622/6622 6621/6621/6621 6620/6620/6620
v 1168.99243 -765.142883 640
vn 0.780868828 0.624695063 0
vt 0.657878041 0.419609368
v 1168.99243 -765.142883 864
vn 0.780868828 0.624695063 0
vt 0.657878041 0.458675802
v 1136.07812 -724 864
vn 0.780868828 0.624695063 0
vt 0.66322732 0.458675802
v 1136.07812 -724 640
vn 0.780868828 0.624695063 0
vt 0.66322732 0.419609368
f 6626/6626/6626 6625/6625/6625 6624/6624/6624 6623/6623/6623
v 1136.07812 -724 497.454529
vn 0.780868828 0.624695063 0
vt 0.160291895 0.54543376
v 1136.07812 -724 340.363647
vn 0.780868828 0.624695063 0
vt 0.160291895 0.518036485
v 1161.6781 -756 340.363647
vn 0.780868828 0.624695063 0
vt 0.156131357 0.518036485
v 1168.99243 -765.142883 340.363647
vn 0.780868828 0.624695063 0
vt 0.154942647 0.518036485
v 1168.99243 -765.142883 608
vn 0.780868828 0.624695063 0
vt 0.154942647 0.564713359
v 1136.07812 -724 608
vn 0.780868828 0.624695063 0
vt 0.160291895 0.564713359
f 6632/6632/6632 6631/6631/6631 6630/6630/6630 6629/6629/6629 6628/6628/6628 6627/6627/6627
v 1158.78796 -756 340.363647
vn 0.780868828 0.624695063 0
vt 0.182086721 0.286649227
v 1133.18799 -724 340.363647
vn 0.780868828 0.624695063 0
vt 0.186799675 0.286649227
v 1133.18799 -724 128
vn 0.780868828 0.624695063 0
vt 0.186799675 0.260298789
v 1168.27734 -767.861755 128
vn 0.780868828 0.624695063 0
vt 0.180339724 0.260298789
v 1168.27734 -767.861755 340.363647
vn 0.780868828 0.624695063 0
vt 0.180339724 0.286649227
f 6637/6637/6637 6636/6636/6636 6635/6635/6635 6634/6634/6634 6633/6633/6633
v 1162.98071 -788 608
vn 0 0 1
vt 0.561893165 0.819145441
v 1111.78064 -724 608
vn 0 0 1
vt 0.574417651 0.84523809
v 1088 -724 608
vn 0 0 1
vt 0.580234826 0.84523809
v 1088 -884 608
vn 0 0 1
vt 0.580234826 0.780006528
v 1137.73132 -884 608
vn 0 0 1
vt 0.568069637 0.780006528
f 6642/6642/6642 6641/6641/6641 6640/6640/6640 6639/6639/6639 6638/6638/6638
v 1162.98071 -788 640
vn 0 0 1
vt 0.600533426 0.819145441
v 1137.73132 -884 640
vn 0 0 1
vt 0.594357014 0.780006528
v 1088 -884 640
vn 0 0 1
vt 0.582191765 0.780006528
v 1088 -724 640
vn 0 0 1
vt 0.582191765 0.84523809
v 1111.78064 -724 640
vn 0 0 1
vt 0.588009 0.84523809
f 6647/6647/6647 6646/6646/6646 6645/6645/6645 6644/6644/6644 6643/6643/6643
v 1024 -884 864
vn 1 0 0
vt 0.654598832 0.117770195
v 1024 -724 864
vn 1 0 0
vt 0.674168289 0.117770195
v 1024 -724 640
vn 1 0 0
vt 0.674168289 0.104452074
v 1024 -884 640
vn 1 0 0
vt 0.654598832 0.104452074
f 6651/6651/6651 6650/6650/6650 6649/6649/6649 6648/6648/6648
v 1024 -884 128
vn 1 0 0
vt 0.188845396 0.261225224
v 1024 -884 608
vn 1 0 0
vt 0.188845396 0.289764047
v 1024 -724 608
vn 1 0 0
vt 0.208414868 0.289764047
v 1024 -724 128
vn 1 0 0
vt 0.208414868 0.261225224
f 6655/6655/6655 6654/6654/6654 6653/6653/6653 6652/6652/6652
v 1088 -724 608
vn 0 0 1
vt 0.603718221 0.84523809
v 1024 -724 608
vn 0 0 1
vt 0.61350292 0.84523809
v 1024 -884 608
vn 0 0 1
vt 0.61350292 0.780006528
v 1088 -884 608
vn 0 0 1
vt 0.603718221 0.780006528
f 6659/6659/6659 6658/6658/6658 6657/6657/6657 6656/6656/6656
v 1024 -724 640
vn 0 0 1
vt 0.615459859 0.84523809
v 1088 -724 640
vn 0 0 1
vt 0.625244617 0.84523809
v 1088 -884 640
vn 0 0 1
vt 0.625244617 0.780006528
v 1024 -884 640
vn 0 0 1
vt 0.615459859 0.780006528
f 6663/6663/6663 6662/6662/6662 6661/6661/6661 6660/6660/6660
v 1440 -884 128
vn 1 0 0
vt 0.211309522 0.2884323
v 1440 -724 128
vn 1 0 0
vt 0.233053386 0.2884323
v 1440 -724 96
vn 1 0 0
vt 0.233053386 0.257990897
v 1440 -884 96
vn 1 0 0
vt 0.211309522 0.257990897
f 6667/6667/6667 6666/6666/6666 6665/6665/6665 6664/6664/6664
v 1328 -724 96
vn 0 0 1
vt 0.677488089 0.455933988
v 1126.40002 -724 96
vn 0 0 1
vt 0.695100605 0.455933988
v 1126.40002 -884 96
vn 0 0 1
vt 0.695100605 0.4221102
v 1440 -884 96
vn 0 0 1
vt 0.667703331 0.4221102
v 1440 -724 96
vn 0 0 1
vt 0.667703331 0.455933988
f 6672/6672/6672 6671/6671/6671 6670/6670/6670 6669/6669/6669 6668/6668/6668
v 1024 -724 96
vn 0 0 1
vt 0.707960546 0.455933988
v 992 -724 96
vn 0 0 1
vt 0.710756183 0.455933988
v 992 -884 96
vn 0 0 1
vt 0.710756183 0.4221102
v 1126.40002 -884 96
vn 0 0 1
vt 0.699014485 0.4221102
v 1126.40002 -724 96
vn 0 0 1
vt 0.699014485 0.455933988
f 6677/6677/6677 6676/6676/6676 6675/6675/6675 6674/6674/6674 6673/6673/6673
v 992 -1028 96
vn 1 0 0
vt 0.256400853 0.257990897
v 992 -884 96
vn 1 0 0
vt 0.236831382 0.257990897
v 992 -884 128
vn 1 0 0
vt 0.236831382 0.2884323
v 992 -1028 128
vn 1 0 0
vt 0.256400853 0.2884323
f 6681/6681/6681 6680/6680/6680 6679/6679/6679 6678/6678/6678
v 1024 -1028 128
vn 0 0 1
vt 0.26072827 0.259248734
v 1024 -884 128
vn 0 0 1
vt 0.26072827 0.289690137
v 1137.73132 -884 128
vn 0 0 1
vt 0.270664245 0.289690137
f 6684/6684/6684 6683/6683/6683 6682/6682/6682
v 1337.59998 -1028 128
vn 0 0 1
vt 0.301824152 0.259248734
v 1024 -1028 128
vn 0 0 1
vt 0.274426907 0.259248734
v 1137.73132 -884 128
vn 0 0 1
vt 0.284362882 0.289690137
v 1252 -884 128
vn 0 0 1
vt 0.294345796 0.289690137
v 1294.26868 -884 128
vn 0 0 1
vt 0.298038572 0.289690137
v 1337.59998 -884 128
vn 0 0 1
vt 0.301824152 0.289690137
f 6690/6690/6690 6689/6689/6689 6688/6688/6688 6687/6687/6687 6686/6686/6686 6685/6685/6685
v 1408 -884 128
vn 0 0 1
vt 0.306017607 0.289690137
v 1408 -1028 128
vn 0 0 1
vt 0.306017607 0.259248734
v 1392 -1028 128
vn 0 0 1
vt 0.304619819 0.259248734
f 6693/6693/6693 6692/6692/6692 6691/6691/6691
v 1356 -1028 128
vn 0 0 1
vt 0.311259449 0.259248734
v 1337.59998 -1028 128
vn 0 0 1
vt 0.309651941 0.259248734
v 1337.59998 -884 128
vn 0 0 1
vt 0.309651941 0.289690137
v 1408 -884 128
vn 0 0 1
vt 0.315802336 0.289690137
v 1392 -1028 128
vn 0 0 1
vt 0.314404547 0.259248734
f 6698/6698/6698 6697/6697/6697 6696/6696/6696 6695/6695/6695 6694/6694/6694
v 1024 -884 640
vn 1 0 0
vt 0.693737745 0.104452074
v 1024 -1028 640
vn 1 0 0
vt 0.676125228 0.104452074
v 1024 -1028 864
vn 1 0 0
vt 0.676125228 0.117770195
v 1024 -884 864
vn 1 0 0
vt 0.693737745 0.117770195
f 6702/6702/6702 6701/6701/6701 6700/6700/6700 6699/6699/6699
v 1024 -884 128
vn 1 0 0
vt 0.33561644 0.261225224
v 1024 -1028 128
vn 1 0 0
vt 0.318003923 0.261225224
v 1024 -1028 608
vn 1 0 0
vt 0.318003923 0.289764047
v 1024 -884 608
vn 1 0 0
vt 0.33561644 0.289764047
f 6706/6706/6706 6705/6705/6705 6704/6704/6704 6703/6703/6703
v 1408 -884 864
vn 1 0 0
vt 0.695694745 0.117770195
v 1408 -1028 864
vn 1 0 0
vt 0.713307261 0.117770195
v 1408 -1028 640
vn 1 0 0
vt 0.713307261 0.104452074
f 6709/6709/6709 6708/6708/6708 6707/6707/6707
v 1408 -1028 608
vn 1 0 0
vt 0.732876718 0.550038099
v 1408 -1028 128
vn 1 0 0
vt 0.732876718 0.521499276
v 1408 -884 128
vn 1 0 0
vt 0.715264201 0.521499276
v 1408 -884 864
vn 1 0 0
vt 0.715264201 0.565258741
v 1408 -1028 640
vn 1 0 0
vt 0.732876718 0.55194068
f 6714/6714/6714 6713/6713/6713 6712/6712/6712 6711/6711/6711 6710/6710/6710
v 1440 -884 595.200012
vn 1 0 0
vt 0.653270841 0.838089824
v 1440 -884 358.399994
vn 1 0 0
vt 0.653270841 0.78177321
v 1440 -1028 358.399994
vn 1 0 0
vt 0.62811017 0.78177321
v 1440 -1028 627.200012
vn 1 0 0
vt 0.62811017 0.845700145
v 1440 -884 627.200012
vn 1 0 0
vt 0.653270841 0.845700145
f 6719/6719/6719 6718/6718/6718 6717/6717/6717 6716/6716/6716 6715/6715/6715
v 1440 -884 864
vn 1 0 0
vt 0.682625055 0.838089824
v 1440 -884 627.200012
vn 1 0 0
vt 0.682625055 0.78177321
v 1440 -1028 627.200012
vn 1 0 0
vt 0.657464385 0.78177321
v 1440 -1028 896
vn 1 0 0
vt 0.657464385 0.845700145
v 1440 -884 896
vn 1 0 0
vt 0.682625055 0.845700145
f 6724/6724/6724 6723/6723/6723 6722/6722/6722 6721/6721/6721 6720/6720/6720
v 1440 -884 326.399994
vn 1 0 0
vt 0.387126088 0.623477936
v 1440 -884 128
vn 1 0 0
vt 0.387126088 0.576293707
v 1440 -1028 128
vn 1 0 0
vt 0.361965358 0.576293707
v 1440 -1028 358.399994
vn 1 0 0
vt 0.361965358 0.631088257
v 1440 -884 358.399994
vn 1 0 0
vt 0.387126088 0.631088257
f 6729/6729/6729 6728/6728/6728 6727/6727/6727 6726/6726/6726 6725/6725/6725
v 1024 -884 640
vn 0 0 1
vt 0.72309196 0.697814703
v 1088 -884 640
vn 0 0 1
vt 0.732876718 0.697814703
v 1088 -1028 640
vn 0 0 1
vt 0.732876718 0.639106333
v 1024 -1028 640
vn 0 0 1
vt 0.72309196 0.639106333
f 6733/6733/6733 6732/6732/6732 6731/6731/6731 6730/6730/6730
v 1137.73132 -884 640
vn 0 0 1
vt 0.735257208 0.697814703
v 1200 -884 640
vn 0 0 1
vt 0.750489235 0.697814703
v 1200 -1028 640
vn 0 0 1
vt 0.750489235 0.639106333
f 6736/6736/6736 6735/6735/6735 6734/6734/6734
v 1120 -1028 640
vn 0 0 1
vt 0.760273993 0.639106333
v 1088 -1028 640
vn 0 0 1
vt 0.752446175 0.639106333
v 1088 -884 640
vn 0 0 1
vt 0.752446175 0.697814703
v 1137.73132 -884 640
vn 0 0 1
vt 0.764611423 0.697814703
v 1200 -1028 640
vn 0 0 1
vt 0.77984345 0.639106333
f 6741/6741/6741 6740/6740/6740 6739/6739/6739 6738/6738/6738 6737/6737/6737
v 1252 -916 640
vn 0 0 1
vt 0.794520557 0.684768438
v 1252 -1028 640
vn 0 0 1
vt 0.794520557 0.639106333
v 1200 -1028 640
vn 0 0 1
vt 0.781800389 0.639106333
v 1200 -884 640
vn 0 0 1
vt 0.781800389 0.697814703
v 1252 -884 640
vn 0 0 1
vt 0.794520557 0.697814703
f 6746/6746/6746 6745/6745/6745 6744/6744/6744 6743/6743/6743 6742/6742/6742
v 1294.26868 -884 864
vn 0 0 1
vt 0.727217615 0.458904088
v 1184 -884 864
vn 0 0 1
vt 0.740704477 0.458904088
v 1184 -1028 864
vn 0 0 1
vt 0.740704477 0.417808235
v 1408 -1028 864
vn 0 0 1
vt 0.713307261 0.417808235
v 1408 -884 864
vn 0 0 1
vt 0.713307261 0.458904088
f 6751/6751/6751 6750/6750/6750 6749/6749/6749 6748/6748/6748 6747/6747/6747
v 1137.73132 -884 864
vn 0 0 1
vt 0.74832052 0.458904088
v 1024 -884 864
vn 0 0 1
vt 0.762230933 0.458904088
v 1024 -1028 864
vn 0 0 1
vt 0.762230933 0.417808235
v 1184 -1028 864
vn 0 0 1
vt 0.742661476 0.417808235
v 1184 -884 864
vn 0 0 1
vt 0.742661476 0.458904088
f 6756/6756/6756 6755/6755/6755 6754/6754/6754 6753/6753/6753 6752/6752/6752
v 1024 -884 896
vn 0 0 1
vt 0.764187872 0.458904088
v 1248 -884 896
vn 0 0 1
vt 0.791585147 0.458904088
v 1248 -1028 896
vn 0 0 1
vt 0.791585147 0.417808235
v 1024 -1028 896
vn 0 0 1
vt 0.764187872 0.417808235
f 6760/6760/6760 6759/6759/6759 6758/6758/6758 6757/6757/6757
v 1408 -884 896
vn 0 0 1
vt 0.813111544 0.458904088
v 1408 -1028 896
vn 0 0 1
vt 0.813111544 0.417808235
v 1248 -1028 896
vn 0 0 1
vt 0.793542087 0.417808235
v 1248 -884 896
vn 0 0 1
vt 0.793542087 0.458904088
f 6764/6764/6764 6763/6763/6763 6762/6762/6762 6761/6761/6761
v 1252 -1028 640
vn 1 0 0
vt 0.716731906 0.117090642
v 1252 -916 640
vn 1 0 0
vt 0.744129181 0.117090642
v 1252 -916 608
vn 1 0 0
vt 0.744129181 0.104044378
v 1252 -1028 608
vn 1 0 0
vt 0.716731906 0.104044378
f 6768/6768/6768 6767/6767/6767 6766/6766/6766 6765/6765/6765
v 1252 -884 640
vn 1 0 0
vt 0.755870819 0.117090642
v 1252 -884 608
vn 1 0 0
vt 0.755870819 0.104044378
v 1252 -916 608
vn 1 0 0
vt 0.74804306 0.104044378
v 1252 -916 640
vn 1 0 0
vt 0.74804306 0.117090642
f 6772/6772/6772 6771/6771/6771 6770/6770/6770 6769/6769/6769
v 1252 -916 608
vn 0 0 1
vt 0.798434436 0.684768438
v 1252 -884 608
vn 0 0 1
vt 0.798434436 0.697814703
v 1140 -884 608
vn 0 0 1
vt 0.825831711 0.697814703
v 1140 -1028 608
vn 0 0 1
vt 0.825831711 0.639106333
v 1252 -1028 608
vn 0 0 1
vt 0.798434436 0.639106333
f 6777/6777/6777 6776/6776/6776 6775/6775/6775 6774/6774/6774 6773/6773/6773
v 1140 -884 608
vn 0 0 1
vt 0.829745591 0.697814703
v 1137.73132 -884 608
vn 0 0 1
vt 0.83030051 0.697814703
v 1140 -1028 608
vn 0 0 1
vt 0.829745591 0.639106333
f 6780/6780/6780 6779/6779/6779 6778/6778/6778
v 1120 -1028 608
vn 0 0 1
vt 0.838551879 0.639106333
v 1140 -1028 608
vn 0 0 1
vt 0.83365947 0.639106333
v 1137.73132 -884 608
vn 0 0 1
vt 0.834214449 0.697814703
v 1088 -884 608
vn 0 0 1
vt 0.846379638 0.697814703
v 1088 -1028 608
vn 0 0 1
vt 0.846379638 0.639106333
f 6785/6785/6785 6784/6784/6784 6783/6783/6783 6782/6782/6782 6781/6781/6781
v 1088 -884 608
vn 0 0 1
vt 0.815068483 0.458904088
v 1024 -884 608
vn 0 0 1
vt 0.824853241 0.458904088
v 1024 -1028 608
vn 0 0 1
vt 0.824853241 0.417808235
v 1088 -1028 608
vn 0 0 1
vt 0.815068483 0.417808235
f 6789/6789/6789 6788/6788/6788 6787/6787/6787 6786/6786/6786
v 1440 -1028 128
vn 1 0 0
vt 0.33851108 0.2884323
v 1440 -884 128
vn 1 0 0
vt 0.358080536 0.2884323
v 1440 -884 96
vn 1 0 0
vt 0.358080536 0.257990897
v 1440 -1028 96
vn 1 0 0
vt 0.33851108 0.257990897
f 6793/6793/6793 6792/6792/6792 6791/6791/6791 6790/6790/6790
v 1440 -884 96
vn 0 0 1
vt 0.362419635 0.289690137
v 1126.40002 -884 96
vn 0 0 1
vt 0.38981688 0.289690137
v 1126.40002 -1028 96
vn 0 0 1
vt 0.38981688 0.259248734
v 1440 -1028 96
vn 0 0 1
vt 0.362419635 0.259248734
f 6797/6797/6797 6796/6796/6796 6795/6795/6795 6794/6794/6794
v 992 -884 96
vn 0 0 1
vt 0.405472457 0.289690137
v 992 -1028 96
vn 0 0 1
vt 0.405472457 0.259248734
v 1126.40002 -1028 96
vn 0 0 1
vt 0.393730789 0.259248734
v 1126.40002 -884 96
vn 0 0 1
vt 0.393730789 0.289690137
f 6801/6801/6801 6800/6800/6800 6799/6799/6799 6798/6798/6798
v 992 -1028 96
vn 1 0 0
vt 0.409042746 0.257990897
v 992 -1028 128
vn 1 0 0
vt 0.409042746 0.2884323
v 992 -1229.59998 128
vn 1 0 0
vt 0.436440021 0.2884323
v 992 -1229.59998 96
vn 1 0 0
vt 0.436440021 0.257990897
f 6805/6805/6805 6804/6804/6804 6803/6803/6803 6802/6802/6802
v 992 -1300 96
vn 1 0 0
vt 0.449921191 0.257990897
v 992 -1229.59998 96
vn 1 0 0
vt 0.4403539 0.257990897
v 992 -1229.59998 128
vn 1 0 0
vt 0.4403539 0.2884323
v 992 -1300 128
vn 1 0 0
vt 0.449921191 0.2884323
f 6809/6809/6809 6808/6808/6808 6807/6807/6807 6806/6806/6806
v 1408 -1268 128
vn 0 0 1
vt 0.11227984 0.0121659636
v 1392 -1268 128
vn 0 0 1
vt 0.110882029 0.0121659636
v 1392 -1244 128
vn 0 0 1
vt 0.110882029 0.0172395706
f 6812/6812/6812 6811/6811/6811 6810/6810/6810
v 1392 -1216 128
vn 0 0 1
vt 0.163719609 0.525441825
v 1392 -1028 128
vn 0 0 1
vt 0.163719609 0.565184772
v 1408 -1028 128
vn 0 0 1
vt 0.165117413 0.565184772
v 1408 -1268 128
vn 0 0 1
vt 0.165117413 0.51444912
v 1392 -1244 128
vn 0 0 1
vt 0.163719609 0.519522667
f 6817/6817/6817 6816/6816/6816 6815/6815/6815 6814/6814/6814 6813/6813/6813
v 1392 -1028 128
vn 0 0 1
vt 0.639257729 0.505824089
v 1392 -1216 128
vn 0 0 1
vt 0.639257729 0.466081083
v 1356 -1216 128
vn 0 0 1
vt 0.63611269 0.466081083
v 1356 -1028 128
vn 0 0 1
vt 0.63611269 0.505824089
f 6821/6821/6821 6820/6820/6820 6819/6819/6819 6818/6818/6818
v 1392 -1268 128
vn 0 0 1
vt 0.118709818 0.0121659636
v 1356 -1268 128
vn 0 0 1
vt 0.115564726 0.0121659636
v 1356 -1244 128
vn 0 0 1
vt 0.115564726 0.0172395706
v 1392 -1244 128
vn 0 0 1
vt 0.118709818 0.0172395706
f 6825/6825/6825 6824/6824/6824 6823/6823/6823 6822/6822/6822
v 1337.59998 -1028 128
vn 0 0 1
vt 0.644289911 0.505824089
v 1356 -1028 128
vn 0 0 1
vt 0.645897448 0.505824089
v 1356 -1216 128
vn 0 0 1
vt 0.645897448 0.466081083
f 6828/6828/6828 6827/6827/6827 6826/6826/6826
v 1184 -1268 128
vn 0 0 1
vt 0.182729945 0.51444912
v 1024 -1268 128
vn 0 0 1
vt 0.168751761 0.51444912
v 1024 -1028 128
vn 0 0 1
vt 0.168751761 0.565184772
v 1337.59998 -1028 128
vn 0 0 1
vt 0.196149021 0.565184772
v 1356 -1216 128
vn 0 0 1
vt 0.197756499 0.525441825
v 1356 -1244 128
vn 0 0 1
vt 0.197756499 0.519522667
v 1356 -1268 128
vn 0 0 1
vt 0.197756499 0.51444912
f 6835/6835/6835 6834/6834/6834 6833/6833/6833 6832/6832/6832 6831/6831/6831 6830/6830/6830 6829/6829/6829
v 1024 -1028 864
vn 1 0 0
vt 0.77788651 0.117770195
v 1024 -1028 640
vn 1 0 0
vt 0.77788651 0.104452074
v 1024 -1184.80005 640
vn 1 0 0
vt 0.758708417 0.104452074
f 6838/6838/6838 6837/6837/6837 6836/6836/6836
v 1024 -1268 864
vn 1 0 0
vt 0.77984345 0.117770195
v 1024 -1028 864
vn 1 0 0
vt 0.809197664 0.117770195
v 1024 -1184.80005 640
vn 1 0 0
vt 0.790019572 0.104452074
v 1024 -1204 640
vn 1 0 0
vt 0.787671208 0.104452074
v 1024 -1268 640
vn 1 0 0
vt 0.77984345 0.104452074
f 6843/6843/6843 6842/6842/6842 6841/6841/6841 6840/6840/6840 6839/6839/6839
v 1024 -1204 608
vn 1 0 0
vt 0.460861057 0.289764047
v 1024 -1028 608
vn 1 0 0
vt 0.482387483 0.289764047
v 1024 -1028 128
vn 1 0 0
vt 0.482387483 0.261225224
v 1024 -1268 128
vn 1 0 0
vt 0.453033268 0.261225224
v 1024 -1268 608
vn 1 0 0
vt 0.453033268 0.289764047
f 6848/6848/6848 6847/6847/6847 6846/6846/6846 6845/6845/6845 6844/6844/6844
v 1292.80005 -1268 640
vn 0 1 0
vt 0.498434424 0.261225224
v 1408 -1268 640
vn 0 1 0
vt 0.484344423 0.261225224
v 1408 -1268 864
vn 0 1 0
vt 0.484344423 0.287861526
v 1184 -1268 864
vn 0 1 0
vt 0.511741698 0.287861526
v 1184 -1268 640
vn 0 1 0
vt 0.511741698 0.261225224
f 6853/6853/6853 6852/6852/6852 6851/6851/6851 6850/6850/6850 6849/6849/6849
v 1158.40002 -1268 640
vn 0 1 0
vt 0.516829729 0.261225224
v 1184 -1268 640
vn 0 1 0
vt 0.513698637 0.261225224
v 1184 -1268 864
vn 0 1 0
vt 0.513698637 0.287861526
v 1024 -1268 864
vn 0 1 0
vt 0.533268094 0.287861526
v 1024 -1268 640
vn 0 1 0
vt 0.533268094 0.261225224
f 6858/6858/6858 6857/6857/6857 6856/6856/6856 6855/6855/6855 6854/6854/6854
v 1392 -1268 128
vn 0 1 0
vt 0.392367899 0.574771702
v 1408 -1268 128
vn 0 1 0
vt 0.39041096 0.574771702
v 1408 -1268 608
vn 0 1 0
vt 0.39041096 0.631849289
v 1356 -1268 608
vn 0 1 0
vt 0.396771044 0.631849289
v 1356 -1268 128
vn 0 1 0
vt 0.396771044 0.574771702
f 6863/6863/6863 6862/6862/6862 6861/6861/6861 6860/6860/6860 6859/6859/6859
v 1216 -1268 608
vn 0 1 0
vt 0.417808205 0.631849289
v 1184 -1268 608
vn 0 1 0
vt 0.421722114 0.631849289
v 1184 -1268 128
vn 0 1 0
vt 0.421722114 0.574771702
v 1356 -1268 128
vn 0 1 0
vt 0.400684923 0.574771702
v 1356 -1268 608
vn 0 1 0
vt 0.400684923 0.631849289
f 6868/6868/6868 6867/6867/6867 6866/6866/6866 6865/6865/6865 6864/6864/6864
v 1081.59998 -1268 608
vn 0 1 0
vt 0.43620351 0.631849289
v 1024 -1268 608
vn 0 1 0
vt 0.44324854 0.631849289
v 1024 -1268 128
vn 0 1 0
vt 0.44324854 0.574771702
v 1184 -1268 128
vn 0 1 0
vt 0.423679054 0.574771702
v 1184 -1268 608
vn 0 1 0
vt 0.423679054 0.631849289
f 6873/6873/6873 6872/6872/6872 6871/6871/6871 6870/6870/6870 6869/6869/6869
v 1408 -1268 864
vn 1 0 0
vt 0.818982363 0.117770195
v 1408 -1268 640
vn 1 0 0
vt 0.818982363 0.104452074
v 1408 -1204 640
vn 1 0 0
vt 0.811154604 0.104452074
f 6876/6876/6876 6875/6875/6875 6874/6874/6874
v 1408 -1140 640
vn 1 0 0
vt 0.83463794 0.104452074
v 1408 -1028 640
vn 1 0 0
vt 0.820939362 0.104452074
v 1408 -1028 864
vn 1 0 0
vt 0.820939362 0.117770195
v 1408 -1268 864
vn 1 0 0
vt 0.850293517 0.117770195
v 1408 -1204 640
vn 1 0 0
vt 0.842465758 0.104452074
f 6881/6881/6881 6880/6880/6880 6879/6879/6879 6878/6878/6878 6877/6877/6877
v 1408 -1268 128
vn 1 0 0
vt 0.564579248 0.261225224
v 1408 -1028 128
vn 1 0 0
vt 0.535225034 0.261225224
v 1408 -1028 608
vn 1 0 0
vt 0.535225034 0.289764047
v 1408 -1268 608
vn 1 0 0
vt 0.564579248 0.289764047
f 6885/6885/6885 6884/6884/6884 6883/6883/6883 6882/6882/6882
v 1440 -1028 358.399994
vn 1 0 0
vt 0.700517237 0.78177321
v 1440 -1111.19995 358.399994
vn 1 0 0
vt 0.685979843 0.78177321
v 1440 -1111.19995 627.200012
vn 1 0 0
vt 0.685979843 0.845700145
v 1440 -1028 627.200012
vn 1 0 0
vt 0.700517237 0.845700145
f 6889/6889/6889 6888/6888/6888 6887/6887/6887 6886/6886/6886
v 1440 -1268 627.200012
vn 1 0 0
vt 0.70359236 0.845700145
v 1440 -1111.19995 627.200012
vn 1 0 0
vt 0.730989635 0.845700145
v 1440 -1111.19995 358.399994
vn 1 0 0
vt 0.730989635 0.78177321
v 1440 -1268 358.399994
vn 1 0 0
vt 0.70359236 0.78177321
f 6893/6893/6893 6892/6892/6892 6891/6891/6891 6890/6890/6890
v 1440 -1028 627.200012
vn 1 0 0
vt 0.749440908 0.78177321
v 1440 -1111.19995 627.200012
vn 1 0 0
vt 0.734903514 0.78177321
v 1440 -1111.19995 896
vn 1 0 0
vt 0.734903514 0.845700145
v 1440 -1028 896
vn 1 0 0
vt 0.749440908 0.845700145
f 6897/6897/6897 6896/6896/6896 6895/6895/6895 6894/6894/6894
v 1440 -1268 896
vn 1 0 0
vt 0.752516031 0.845700145
v 1440 -1111.19995 896
vn 1 0 0
vt 0.779913306 0.845700145
v 1440 -1111.19995 627.200012
vn 1 0 0
vt 0.779913306 0.78177321
v 1440 -1268 627.200012
vn 1 0 0
vt 0.752516031 0.78177321
f 6901/6901/6901 6900/6900/6900 6899/6899/6899 6898/6898/6898
v 1440 -1268 128
vn 1 0 0
vt 0.445275366 0.576293707
v 1440 -1268 358.399994
vn 1 0 0
vt 0.445275366 0.631088257
v 1440 -1111.19995 358.399994
vn 1 0 0
vt 0.472672611 0.631088257
v 1440 -1111.19995 128
vn 1 0 0
vt 0.472672611 0.576293707
f 6905/6905/6905 6904/6904/6904 6903/6903/6903 6902/6902/6902
v 1440 -1098.40002 128
vn 1 0 0
vt 0.478823006 0.576293707
v 1440 -1111.19995 128
vn 1 0 0
vt 0.476586521 0.576293707
v 1440 -1111.19995 358.399994
vn 1 0 0
vt 0.476586521 0.631088257
v 1440 -1028 358.399994
vn 1 0 0
vt 0.491123855 0.631088257
v 1440 -1028 128
vn 1 0 0
vt 0.491123855 0.576293707
f 6910/6910/6910 6909/6909/6909 6908/6908/6908 6907/6907/6907 6906/6906/6906
v 1356 -1204 608
vn 0 0 1
vt 0.790117443 0.796803653
v 1356 -1268 608
vn 0 0 1
vt 0.790117443 0.778538823
v 1408 -1268 608
vn 0 0 1
vt 0.783757329 0.778538823
v 1408 -1028 608
vn 0 0 1
vt 0.783757329 0.847031951
v 1356 -1028 608
vn 0 0 1
vt 0.790117443 0.847031951
f 6915/6915/6915 6914/6914/6914 6913/6913/6913 6912/6912/6912 6911/6911/6911
v 1088 -1204 608
vn 0 0 1
vt 0.833985686 0.457762539
v 1081.59998 -1204 608
vn 0 0 1
vt 0.835290313 0.457762539
v 1081.59998 -1268 608
vn 0 0 1
vt 0.835290313 0.421232879
v 1120 -1204 608
vn 0 0 1
vt 0.827462494 0.457762539
f 6919/6919/6919 6918/6918/6918 6917/6917/6917 6916/6916/6916
v 1184 -1268 608
vn 0 0 1
vt 0.845727384 0.421232879
v 1216 -1268 608
vn 0 0 1
vt 0.839204192 0.421232879
v 1216 -1204 608
vn 0 0 1
vt 0.839204192 0.457762539
v 1120 -1204 608
vn 0 0 1
vt 0.858773649 0.457762539
v 1081.59998 -1268 608
vn 0 0 1
vt 0.866601467 0.421232879
f 6924/6924/6924 6923/6923/6923 6922/6922/6922 6921/6921/6921 6920/6920/6920
v 1024 -1204 608
vn 0 0 1
vt 0.882257044 0.457762539
v 1024 -1268 608
vn 0 0 1
vt 0.882257044 0.421232879
v 1081.59998 -1268 608
vn 0 0 1
vt 0.870515347 0.421232879
v 1081.59998 -1204 608
vn 0 0 1
vt 0.870515347 0.457762539
f 6928/6928/6928 6927/6927/6927 6926/6926/6926 6925/6925/6925
v 1216 -1204 608
vn 0 0 1
vt 0.869863033 0.121004581
v 1216 -1268 608
vn 0 0 1
vt 0.869863033 0.102739751
v 1356 -1268 608
vn 0 0 1
vt 0.852739751 0.102739751
v 1356 -1204 608
vn 0 0 1
vt 0.852739751 0.121004581
f 6932/6932/6932 6931/6931/6931 6930/6930/6930 6929/6929/6929
v 1088 -1140 608
vn 0 0 1
vt 0.734833658 0.53652966
v 1088 -1028 608
vn 0 0 1
vt 0.734833658 0.568493128
v 1024 -1028 608
vn 0 0 1
vt 0.744618416 0.568493128
v 1024 -1204 608
vn 0 0 1
vt 0.744618416 0.51826483
v 1081.59998 -1204 608
vn 0 0 1
vt 0.735812128 0.51826483
v 1088 -1204 608
vn 0 0 1
vt 0.734833658 0.51826483
f 6938/6938/6938 6937/6937/6937 6936/6936/6936 6935/6935/6935 6934/6934/6934 6933/6933/6933
v 1088 -1028 608
vn 0 0 1
vt 0.797455966 0.845890403
v 1088 -1140 608
vn 0 0 1
vt 0.797455966 0.781963468
v 1120 -1140 608
vn 0 0 1
vt 0.793542087 0.781963468
v 1120 -1028 608
vn 0 0 1
vt 0.793542087 0.845890403
f 6942/6942/6942 6941/6941/6941 6940/6940/6940 6939/6939/6939
v 1088 -1204 608
vn 0 0 1
vt 0.88943249 0.421232879
v 1120 -1204 608
vn 0 0 1
vt 0.88551861 0.421232879
v 1120 -1140 608
vn 0 0 1
vt 0.88551861 0.457762539
v 1088 -1140 608
vn 0 0 1
vt 0.88943249 0.457762539
f 6946/6946/6946 6945/6945/6945 6944/6944/6944 6943/6943/6943
v 1120 -1140 608
vn 0 0 1
vt 0.883561671 0.121004581
v 1120 -1204 608
vn 0 0 1
vt 0.883561671 0.102739751
v 1216 -1204 608
vn 0 0 1
vt 0.871819973 0.102739751
f 6949/6949/6949 6948/6948/6948 6947/6947/6947
v 1140 -1028 608
vn 0 0 1
vt 0.568003893 0.289954364
v 1120 -1028 608
vn 0 0 1
vt 0.570450127 0.289954364
v 1120 -1140 608
vn 0 0 1
vt 0.570450127 0.257990897
f 6952/6952/6952 6951/6951/6951 6950/6950/6950
v 1252 -1028 608
vn 0 0 1
vt 0.759784758 0.568493128
v 1140 -1028 608
vn 0 0 1
vt 0.773483396 0.568493128
v 1120 -1140 608
vn 0 0 1
vt 0.77592957 0.53652966
v 1216 -1204 608
vn 0 0 1
vt 0.764187872 0.51826483
v 1356 -1204 608
vn 0 0 1
vt 0.74706459 0.51826483
v 1356 -1028 608
vn 0 0 1
vt 0.74706459 0.568493128
f 6958/6958/6958 6957/6957/6957 6956/6956/6956 6955/6955/6955 6954/6954/6954 6953/6953/6953
v 1184 -1268 640
vn 0 0 1
vt 0.897912562 0.421232879
v 1158.40002 -1268 640
vn 0 0 1
vt 0.892694056 0.421232879
v 1158.40002 -1204 640
vn 0 0 1
vt 0.892694056 0.457762539
f 6961/6961/6961 6960/6960/6960 6959/6959/6959
v 1254.40002 -1204 640
vn 0 0 1
vt 0.92204833 0.457762539
v 1292.80005 -1204 640
vn 0 0 1
vt 0.929876089 0.457762539
v 1292.80005 -1268 640
vn 0 0 1
vt 0.929876089 0.421232879
v 1184 -1268 640
vn 0 0 1
vt 0.90769726 0.421232879
v 1158.40002 -1204 640
vn 0 0 1
vt 0.902478755 0.457762539
f 6966/6966/6966 6965/6965/6965 6964/6964/6964 6963/6963/6963 6962/6962/6962
v 1158.40002 -1268 640
vn 0 0 1
vt 0.941617727 0.421232879
v 1120 -1204 640
vn 0 0 1
vt 0.933789909 0.457762539
v 1158.40002 -1204 640
vn 0 0 1
vt 0.941617727 0.457762539
f 6969/6969/6969 6968/6968/6968 6967/6967/6967
v 1088 -1204 640
vn 0 0 1
vt 0.958577931 0.457762539
v 1120 -1204 640
vn 0 0 1
vt 0.965101063 0.457762539
v 1158.40002 -1268 640
vn 0 0 1
vt 0.972928882 0.421232879
v 1024 -1268 640
vn 0 0 1
vt 0.945531607 0.421232879
v 1024 -1204 640
vn 0 0 1
vt 0.945531607 0.457762539
f 6974/6974/6974 6973/6973/6973 6972/6972/6972 6971/6971/6971 6970/6970/6970
v 1388.80005 -1204 640
vn 0 0 1
vt 0.0218525864 0.412100434
v 1408 -1204 640
vn 0 0 1
vt 0.0257664509 0.412100434
v 1408 -1268 640
vn 0 0 1
vt 0.0257664509 0.375570774
v 1292.80005 -1268 640
vn 0 0 1
vt 0.00228311494 0.375570774
v 1292.80005 -1204 640
vn 0 0 1
vt 0.00228311494 0.412100434
f 6979/6979/6979 6978/6978/6978 6977/6977/6977 6976/6976/6976 6975/6975/6975
v 1088 -1140 640
vn 0 0 1
vt 0.809197664 0.798923671
v 1088 -1184.80005 640
vn 0 0 1
vt 0.809197664 0.780658841
v 1024 -1184.80005 640
vn 0 0 1
vt 0.799412906 0.780658841
v 1024 -1028 640
vn 0 0 1
vt 0.799412906 0.844585776
v 1088 -1028 640
vn 0 0 1
vt 0.809197664 0.844585776
f 6984/6984/6984 6983/6983/6983 6982/6982/6982 6981/6981/6981 6980/6980/6980
v 1024 -1204 640
vn 0 0 1
vt 0.928571403 0.069634676
v 1024 -1184.80005 640
vn 0 0 1
vt 0.928571403 0.0774624348
v 1088 -1184.80005 640
vn 0 0 1
vt 0.938356161 0.0774624348
v 1088 -1204 640
vn 0 0 1
vt 0.938356161 0.069634676
f 6988/6988/6988 6987/6987/6987 6986/6986/6986 6985/6985/6985
v 1088 -1028 640
vn 0 0 1
vt 0.811154604 0.845890403
v 1120 -1028 640
vn 0 0 1
vt 0.815068483 0.845890403
v 1120 -1140 640
vn 0 0 1
vt 0.815068483 0.781963468
v 1088 -1140 640
vn 0 0 1
vt 0.811154604 0.781963468
f 6992/6992/6992 6991/6991/6991 6990/6990/6990 6989/6989/6989
v 1088 -1184.80005 640
vn 0 0 1
vt 0.0283757336 0.386529624
v 1088 -1140 640
vn 0 0 1
vt 0.0283757336 0.412100434
v 1120 -1140 640
vn 0 0 1
vt 0.0322896279 0.412100434
v 1120 -1204 640
vn 0 0 1
vt 0.0322896279 0.375570774
v 1088 -1204 640
vn 0 0 1
vt 0.0283757336 0.375570774
f 6997/6997/6997 6996/6996/6996 6995/6995/6995 6994/6994/6994 6993/6993/6993
v 1408 -1140 640
vn 0 0 1
vt 0.822243929 0.781963468
v 1388.80005 -1140 640
vn 0 0 1
vt 0.818330109 0.781963468
v 1388.80005 -1028 640
vn 0 0 1
vt 0.818330109 0.845890403
v 1408 -1028 640
vn 0 0 1
vt 0.822243929 0.845890403
f 7001/7001/7001 7000/7000/7000 6999/6999/6999 6998/6998/6998
v 1120 -1140 640
vn 0 0 1
vt 0.826157868 0.781963468
v 1120 -1028 640
vn 0 0 1
vt 0.826157868 0.845890403
v 1200 -1028 640
vn 0 0 1
vt 0.842465758 0.845890403
f 7004/7004/7004 7003/7003/7003 7002/7002/7002
v 1254.40002 -1140 640
vn 0 0 1
vt 0.873124659 0.781963468
v 1120 -1140 640
vn 0 0 1
vt 0.845727324 0.781963468
v 1200 -1028 640
vn 0 0 1
vt 0.862035215 0.845890403
v 1252 -1028 640
vn 0 0 1
vt 0.872635365 0.845890403
v 1254.40002 -1028 640
vn 0 0 1
vt 0.873124659 0.845890403
f 7009/7009/7009 7008/7008/7008 7007/7007/7007 7006/7006/7006 7005/7005/7005
v 1254.40002 -1028 640
vn 0 0 1
vt 0.877038538 0.845890403
v 1388.80005 -1028 640
vn 0 0 1
vt 0.904435813 0.845890403
v 1388.80005 -1140 640
vn 0 0 1
vt 0.904435813 0.781963468
v 1254.40002 -1140 640
vn 0 0 1
vt 0.877038538 0.781963468
f 7013/7013/7013 7012/7012/7012 7011/7011/7011 7010/7010/7010
v 1292.80005 -1204 640
vn 0 0 1
vt 0.043379005 0.375570774
v 1254.40002 -1204 640
vn 0 0 1
vt 0.0355512165 0.375570774
v 1254.40002 -1140 640
vn 0 0 1
vt 0.0355512165 0.412100434
v 1388.80005 -1140 640
vn 0 0 1
vt 0.0629484802 0.412100434
v 1388.80005 -1204 640
vn 0 0 1
vt 0.0629484802 0.375570774
f 7018/7018/7018 7017/7017/7017 7016/7016/7016 7015/7015/7015 7014/7014/7014
v 1158.40002 -1204 640
vn 0 0 1
vt 0.0746901482 0.375570774
v 1120 -1204 640
vn 0 0 1
vt 0.0668623596 0.375570774
v 1120 -1140 640
vn 0 0 1
vt 0.0668623596 0.412100434
v 1254.40002 -1140 640
vn 0 0 1
vt 0.0942596346 0.412100434
v 1254.40002 -1204 640
vn 0 0 1
vt 0.0942596346 0.375570774
f 7023/7023/7023 7022/7022/7022 7021/7021/7021 7020/7020/7020 7019/7019/7019
v 1408 -1204 640
vn 0 0 1
vt 0.102087393 0.375570774
v 1388.80005 -1204 640
vn 0 0 1
vt 0.0981735289 0.375570774
v 1388.80005 -1140 640
vn 0 0 1
vt 0.0981735289 0.412100434
v 1408 -1140 640
vn 0 0 1
vt 0.102087393 0.412100434
f 7027/7027/7027 7026/7026/7026 7025/7025/7025 7024/7024/7024
v 1408 -1268 864
vn 0 0 1
vt 0.907045007 0.778538823
v 1408 -1028 864
vn 0 0 1
vt 0.907045007 0.847031951
v 1184 -1028 864
vn 0 0 1
vt 0.934442282 0.847031951
v 1184 -1268 864
vn 0 0 1
vt 0.934442282 0.778538823
f 7031/7031/7031 7030/7030/7030 7029/7029/7029 7028/7028/7028
v 1024 -1268 864
vn 0 0 1
vt 0.955968678 0.778538823
v 1184 -1268 864
vn 0 0 1
vt 0.936399221 0.778538823
v 1184 -1028 864
vn 0 0 1
vt 0.936399221 0.847031951
v 1024 -1028 864
vn 0 0 1
vt 0.955968678 0.847031951
f 7035/7035/7035 7034/7034/7034 7033/7033/7033 7032/7032/7032
v 1024 -1268 896
vn 0 0 1
vt 0.957925618 0.778538823
v 1024 -1028 896
vn 0 0 1
vt 0.957925618 0.847031951
v 1248 -1028 896
vn 0 0 1
vt 0.985322893 0.847031951
v 1248 -1268 896
vn 0 0 1
vt 0.985322893 0.778538823
f 7039/7039/7039 7038/7038/7038 7037/7037/7037 7036/7036/7036
v 1408 -1268 896
vn 0 0 1
vt 0.0205479451 0.705479443
v 1248 -1268 896
vn 0 0 1
vt 0.000978473574 0.705479443
v 1248 -1028 896
vn 0 0 1
vt 0.000978473574 0.773972631
v 1408 -1028 896
vn 0 0 1
vt 0.0205479451 0.773972631
f 7043/7043/7043 7042/7042/7042 7041/7041/7041 7040/7040/7040
v 1440 -1300 128
vn 1 0 0
vt 0.573562145 0.2884323
v 1440 -1268 128
vn 1 0 0
vt 0.57791096 0.2884323
v 1440 -1300 96
vn 1 0 0
vt 0.573562145 0.257990897
f 7046/7046/7046 7045/7045/7045 7044/7044/7044
v 1440 -1098.40002 96
vn 1 0 0
vt 0.608787239 0.257990897
v 1440 -1300 96
vn 1 0 0
vt 0.581389964 0.257990897
v 1440 -1268 128
vn 1 0 0
vt 0.585738719 0.2884323
v 1440 -1111.19995 128
vn 1 0 0
vt 0.607047737 0.2884323
v 1440 -1098.40002 128
vn 1 0 0
vt 0.608787239 0.2884323
f 7051/7051/7051 7050/7050/7050 7049/7049/7049 7048/7048/7048 7047/7047/7047
v 1440 -1028 128
vn 1 0 0
vt 0.622268379 0.2884323
v 1440 -1028 96
vn 1 0 0
vt 0.622268379 0.257990897
v 1440 -1098.40002 96
vn 1 0 0
vt 0.612701118 0.257990897
v 1440 -1098.40002 128
vn 1 0 0
vt 0.612701118 0.2884323
f 7055/7055/7055 7054/7054/7054 7053/7053/7053 7052/7052/7052
v 1126.40002 -1300 96
vn 0 1 0
vt 0.637580395 0.257990897
v 992 -1300 96
vn 0 1 0
vt 0.625838697 0.257990897
v 992 -1300 128
vn 0 1 0
vt 0.625838697 0.2884323
v 1305.59998 -1300 128
vn 0 1 0
vt 0.653235912 0.2884323
v 1305.59998 -1300 96
vn 0 1 0
vt 0.653235912 0.257990897
f 7060/7060/7060 7059/7059/7059 7058/7058/7058 7057/7057/7057 7056/7056/7056
v 1440 -1300 128
vn 0 1 0
vt 0.66889149 0.2884323
v 1440 -1300 96
vn 0 1 0
vt 0.66889149 0.257990897
v 1305.59998 -1300 96
vn 0 1 0
vt 0.657149792 0.257990897
v 1305.59998 -1300 128
vn 0 1 0
vt 0.657149792 0.2884323
f 7064/7064/7064 7063/7063/7063 7062/7062/7062 7061/7061/7061
v 1305.59998 -1300 96
vn 0 0 1
vt 0.861441135 0.640104473
v 1440 -1300 96
vn 0 0 1
vt 0.849699438 0.640104473
v 1440 -1098.40002 96
vn 0 0 1
vt 0.849699438 0.68272239
v 1440 -1028 96
vn 0 0 1
vt 0.849699438 0.697604895
v 1126.40002 -1028 96
vn 0 0 1
vt 0.877096713 0.697604895
v 1126.40002 -1300 96
vn 0 0 1
vt 0.877096713 0.640104473
f 7070/7070/7070 7069/7069/7069 7068/7068/7068 7067/7067/7067 7066/7066/7066 7065/7065/7065
v 992 -1229.59998 96
vn 0 0 1
vt 0.89275229 0.654986978
v 992 -1300 96
vn 0 0 1
vt 0.89275229 0.640104473
v 1126.40002 -1300 96
vn 0 0 1
vt 0.881010592 0.640104473
v 1126.40002 -1028 96
vn 0 0 1
vt 0.881010592 0.697604895
v 992 -1028 96
vn 0 0 1
vt 0.89275229 0.697604895
f 7075/7075/7075 7074/7074/7074 7073/7073/7073 7072/7072/7072 7071/7071/7071
v 736 172 128
vn 1 0 0
vt 0.474559695 0.00684928894
v 736 12 128
vn 1 0 0
vt 0.494129151 0.00684928894
v 736 12 0
vn 1 0 0
vt 0.494129151 0.00228309631
v 736 172 0
vn 1 0 0
vt 0.474559695 0.00228309631
f 7079/7079/7079 7078/7078/7078 7077/7077/7077 7076/7076/7076
v 896 12 128
vn 1 0 0
vt 0.496086091 0.00684928894
v 896 172 128
vn 1 0 0
vt 0.515655577 0.00684928894
v 896 172 0
vn 1 0 0
vt 0.515655577 0.00228309631
v 896 12 0
vn 1 0 0
vt 0.496086091 0.00228309631
f 7083/7083/7083 7082/7082/7082 7081/7081/7081 7080/7080/7080
v 896 12 0
vn 0 1 0
vt 0.537181973 0.00228309631
v 736 12 0
vn 0 1 0
vt 0.517612517 0.00228309631
v 736 12 128
vn 0 1 0
vt 0.517612517 0.00684928894
v 896 12 128
vn 0 1 0
vt 0.537181973 0.00684928894
f 7087/7087/7087 7086/7086/7086 7085/7085/7085 7084/7084/7084
v 736 172 0
vn 0 1 0
vt 0.558708429 0.00228309631
v 896 172 0
vn 0 1 0
vt 0.539138973 0.00228309631
v 896 172 128
vn 0 1 0
vt 0.539138973 0.00684928894
v 736 172 128
vn 0 1 0
vt 0.558708429 0.00684928894
f 7091/7091/7091 7090/7090/7090 7089/7089/7089 7088/7088/7088
v 736 172 0
vn 0 0 1
vt 0.66829747 0.509132385
v 736 12 0
vn 0 0 1
vt 0.66829747 0.46347034
v 896 12 0
vn 0 0 1
vt 0.648728013 0.46347034
v 896 172 0
vn 0 0 1
vt 0.648728013 0.509132385
f 7095/7095/7095 7094/7094/7094 7093/7093/7093 7092/7092/7092
v 736 12 128
vn 0 0 1
vt 0.670254409 0.46347034
v 736 172 128
vn 0 0 1
vt 0.670254409 0.509132385
v 896 172 128
vn 0 0 1
vt 0.689823866 0.509132385
v 896 12 128
vn 0 0 1
vt 0.689823866 0.46347034
f 7099/7099/7099 7098/7098/7098 7097/7097/7097 7096/7096/7096
v 1680 44 320
vn 1 0 0
vt 0.959882557 0.221461177
v 1680 0 320
vn 1 0 0
vt 0.963796496 0.221461177
v 1680 0 160
vn 1 0 0
vt 0.963796496 0.198630154
v 1680 44 160
vn 1 0 0
vt 0.959882557 0.198630154
f 7103/7103/7103 7102/7102/7102 7101/7101/7101 7100/7100/7100
v 1776 0 320
vn 1 0 0
vt 0.965753436 0.221461177
v 1776 44 320
vn 1 0 0
vt 0.969667315 0.221461177
v 1776 44 160
vn 1 0 0
vt 0.969667315 0.198630154
v 1776 0 160
vn 1 0 0
vt 0.965753436 0.198630154
f 7107/7107/7107 7106/7106/7106 7105/7105/7105 7104/7104/7104
v 1776 0 160
vn 0 1 0
vt 0.983365953 0.221461177
v 1680 0 160
vn 0 1 0
vt 0.971624255 0.221461177
v 1680 0 320
vn 0 1 0
vt 0.971624255 0.198630154
v 1776 0 320
vn 0 1 0
vt 0.983365953 0.198630154
f 7111/7111/7111 7110/7110/7110 7109/7109/7109 7108/7108/7108
v 1680 44 160
vn 0 1 0
vt 0.99706459 0.221461177
v 1776 44 160
vn 0 1 0
vt 0.985322893 0.221461177
v 1776 44 320
vn 0 1 0
vt 0.985322893 0.198630154
v 1680 44 320
vn 0 1 0
vt 0.99706459 0.198630154
f 7115/7115/7115 7114/7114/7114 7113/7113/7113 7112/7112/7112
v 1680 44 160
vn 0 0 1
vt 0.703522503 0.509132385
v 1680 0 160
vn 0 0 1
vt 0.703522503 0.46347034
v 1776 0 160
vn 0 0 1
vt 0.691780806 0.46347034
v 1776 44 160
vn 0 0 1
vt 0.691780806 0.509132385
f 7119/7119/7119 7118/7118/7118 7117/7117/7117 7116/7116/7116
v 1680 0 320
vn 0 0 1
vt 0.705479443 0.46347034
v 1680 44 320
vn 0 0 1
vt 0.705479443 0.509132385
v 1776 44 320
vn 0 0 1
vt 0.717221141 0.509132385
v 1776 0 320
vn 0 0 1
vt 0.717221141 0.46347034
f 7123/7123/7123 7122/7122/7122 7121/7121/7121 7120/7120/7120
v 104 -336 320
vn 1 0 0
vt 0.719178081 0.46347034
v 104 -356 320
vn 1 0 0
vt 0.72113502 0.46347034
v 104 -356 160
vn 1 0 0
vt 0.72113502 0.509132385
v 104 -336 160
vn 1 0 0
vt 0.719178081 0.509132385
f 7127/7127/7127 7126/7126/7126 7125/7125/7125 7124/7124/7124
v 248 -356 320
vn 1 0 0
vt 0.727005899 0.46347034
v 248 -336 320
vn 1 0 0
vt 0.728962839 0.46347034
v 248 -336 160
vn 1 0 0
vt 0.728962839 0.509132385
v 248 -356 160
vn 1 0 0
vt 0.727005899 0.509132385
f 7131/7131/7131 7130/7130/7130 7129/7129/7129 7128/7128/7128
v 248 -356 160
vn 0 1 0
vt 0.748532295 0.509132385
v 104 -356 160
vn 0 1 0
vt 0.730919778 0.509132385
v 104 -356 320
vn 0 1 0
vt 0.730919778 0.46347034
v 248 -356 320
vn 0 1 0
vt 0.748532295 0.46347034
f 7135/7135/7135 7134/7134/7134 7133/7133/7133 7132/7132/7132
v 104 -336 160
vn 0 1 0
vt 0.768101752 0.509132385
v 248 -336 160
vn 0 1 0
vt 0.750489235 0.509132385
v 248 -336 320
vn 0 1 0
vt 0.750489235 0.46347034
v 104 -336 320
vn 0 1 0
vt 0.768101752 0.46347034
f 7139/7139/7139 7138/7138/7138 7137/7137/7137 7136/7136/7136
v 104 -336 160
vn 0 0 1
vt 0.795499027 0.563927054
v 104 -356 160
vn 0 0 1
vt 0.795499027 0.51826489
v 248 -356 160
vn 0 0 1
vt 0.77788651 0.51826489
v 248 -336 160
vn 0 0 1
vt 0.77788651 0.563927054
f 7143/7143/7143 7142/7142/7142 7141/7141/7141 7140/7140/7140
v 104 -356 320
vn 0 0 1
vt 0.797455966 0.51826489
v 104 -336 320
vn 0 0 1
vt 0.797455966 0.563927054
v 248 -336 320
vn 0 0 1
vt 0.815068483 0.563927054
v 248 -356 320
vn 0 0 1
vt 0.815068483 0.51826489
f 7147/7147/7147 7146/7146/7146 7145/7145/7145 7144/7144/7144
v 1344 -960 640
vn 1 0 0
vt 0.560665369 0.00684928894
v 1344 -1024 640
vn 1 0 0
vt 0.568493128 0.00684928894
v 1344 -1024 624
vn 1 0 0
vt 0.568493128 0.00228309631
v 1344 -960 624
vn 1 0 0
vt 0.560665369 0.00228309631
f 7151/7151/7151 7150/7150/7150 7149/7149/7149 7148/7148/7148
v 1408 -1024 640
vn 1 0 0
vt 0.570450127 0.00684928894
v 1408 -960 640
vn 1 0 0
vt 0.578277886 0.00684928894
v 1408 -960 624
vn 1 0 0
vt 0.578277886 0.00228309631
v 1408 -1024 624
vn 1 0 0
vt 0.570450127 0.00228309631
f 7155/7155/7155 7154/7154/7154 7153/7153/7153 7152/7152/7152
v 1408 -1024 624
vn 0 1 0
vt 0.588062644 0.00228309631
v 1344 -1024 624
vn 0 1 0
vt 0.580234826 0.00228309631
v 1344 -1024 640
vn 0 1 0
vt 0.580234826 0.00684928894
v 1408 -1024 640
vn 0 1 0
vt 0.588062644 0.00684928894
f 7159/7159/7159 7158/7158/7158 7157/7157/7157 7156/7156/7156
v 1344 -960 624
vn 0 1 0
vt 0.597847342 0.00228309631
v 1408 -960 624
vn 0 1 0
vt 0.590019584 0.00228309631
v 1408 -960 640
vn 0 1 0
vt 0.590019584 0.00684928894
v 1344 -960 640
vn 0 1 0
vt 0.597847342 0.00684928894
f 7163/7163/7163 7162/7162/7162 7161/7161/7161 7160/7160/7160
v 1344 -960 624
vn 0 0 1
vt 0.893346369 0.121004581
v 1344 -1024 624
vn 0 0 1
vt 0.893346369 0.102739751
v 1408 -1024 624
vn 0 0 1
vt 0.88551861 0.102739751
v 1408 -960 624
vn 0 0 1
vt 0.88551861 0.121004581
f 7167/7167/7167 7166/7166/7166 7165/7165/7165 7164/7164/7164
v 1344 -1024 640
vn 0 0 1
vt 0.895303309 0.102739751
v 1344 -960 640
vn 0 0 1
vt 0.895303309 0.121004581
v 1408 -960 640
vn 0 0 1
vt 0.903131127 0.121004581
v 1408 -1024 640
vn 0 0 1
vt 0.903131127 0.102739751
f 7171/7171/7171 7170/7170/7170 7169/7169/7169 7168/7168/7168
